{
    "413": 0,
    "479": 0,
    "67": 0,
    "607": 0,
    "560": 0,
    "287": 0,
    "589": 0,
    "27": 0,
    "297": 0,
    "598": 0,
    "218": 0,
    "306": 0,
    "88": 1,
    "441": 1,
    "310": 1,
    "244": 1,
    "213": 1,
    "477": 1,
    "507": 1,
    "332": 1,
    "292": 1,
    "391": 1,
    "430": 1,
    "162": 1,
    "473": 2,
    "131": 2,
    "289": 2,
    "569": 2,
    "198": 2,
    "468": 2,
    "327": 2,
    "220": 2,
    "356": 2,
    "599": 2,
    "262": 2,
    "136": 2,
    "609": 3,
    "278": 3,
    "138": 3,
    "62": 3,
    "246": 3,
    "330": 3,
    "140": 3,
    "433": 3,
    "399": 3,
    "14": 3,
    "581": 3,
    "392": 3,
    "379": 4,
    "427": 4,
    "238": 4,
    "219": 4,
    "353": 4,
    "424": 4,
    "20": 4,
    "229": 4,
    "572": 4,
    "128": 4,
    "474": 4,
    "595": 4,
    "605": 5,
    "16": 5,
    "192": 5,
    "415": 5,
    "74": 5,
    "398": 5,
    "285": 5,
    "109": 5,
    "369": 5,
    "300": 5,
    "389": 5,
    "143": 5,
    "447": 6,
    "221": 6,
    "375": 6,
    "551": 6,
    "77": 6,
    "521": 6,
    "210": 6,
    "281": 6,
    "291": 6,
    "368": 6,
    "321": 6,
    "132": 6,
    "602": 7,
    "3": 7,
    "100": 7,
    "464": 7,
    "534": 7,
    "117": 7,
    "267": 7,
    "531": 7,
    "206": 7,
    "284": 7,
    "448": 7,
    "328": 7,
    "248": 8,
    "61": 8,
    "211": 8,
    "364": 8,
    "351": 8,
    "465": 8,
    "72": 8,
    "550": 8,
    "232": 8,
    "29": 8,
    "51": 8,
    "118": 8,
    "181": 9,
    "286": 9,
    "194": 9,
    "197": 9,
    "130": 9,
    "60": 9,
    "15": 9,
    "182": 9,
    "426": 9,
    "80": 9,
    "164": 9,
    "71": 9,
    "273": 10,
    "329": 10,
    "75": 10,
    "360": 10,
    "165": 10,
    "81": 10,
    "294": 10,
    "333": 10,
    "66": 10,
    "315": 10,
    "33": 10,
    "423": 10,
    "317": 11,
    "377": 11,
    "188": 11,
    "208": 11,
    "556": 11,
    "432": 11,
    "64": 11,
    "444": 11,
    "76": 11,
    "122": 11,
    "271": 11,
    "111": 11,
    "104": 12,
    "240": 12,
    "365": 12,
    "416": 12,
    "299": 12,
    "580": 12,
    "486": 12,
    "151": 12,
    "250": 12,
    "318": 12,
    "496": 12,
    "470": 12,
    "386": 13,
    "22": 13,
    "453": 13,
    "501": 13,
    "179": 13,
    "334": 13,
    "217": 13,
    "144": 13,
    "163": 13,
    "345": 13,
    "373": 13,
    "126": 13,
    "304": 14,
    "316": 14,
    "600": 14,
    "226": 14,
    "417": 14,
    "527": 14,
    "514": 14,
    "460": 14,
    "48": 14,
    "87": 14,
    "257": 14,
    "295": 14,
    "176": 15,
    "158": 15,
    "152": 15,
    "425": 15,
    "516": 15,
    "489": 15,
    "307": 15,
    "582": 15,
    "230": 15,
    "490": 15,
    "147": 15,
    "518": 15,
    "482": 16,
    "222": 16,
    "592": 16,
    "85": 16,
    "541": 16,
    "253": 16,
    "548": 16,
    "438": 16,
    "493": 16,
    "343": 16,
    "93": 16,
    "406": 16,
    "110": 17,
    "113": 17,
    "340": 17,
    "549": 17,
    "280": 17,
    "305": 17,
    "405": 17,
    "290": 17,
    "538": 17,
    "53": 17,
    "400": 17,
    "1": 17,
    "231": 18,
    "539": 18,
    "6": 18,
    "195": 18,
    "96": 18,
    "459": 18,
    "263": 18,
    "458": 18,
    "462": 18,
    "207": 18,
    "202": 18,
    "24": 18,
    "554": 19,
    "148": 19,
    "200": 19,
    "282": 19,
    "378": 19,
    "123": 19,
    "346": 19,
    "393": 19,
    "270": 19,
    "302": 19,
    "506": 19,
    "129": 19,
    "476": 20,
    "440": 20,
    "68": 20,
    "422": 20,
    "47": 20,
    "119": 20,
    "512": 20,
    "530": 20,
    "21": 20,
    "25": 20,
    "8": 20,
    "166": 20,
    "139": 21,
    "403": 21,
    "454": 21,
    "169": 21,
    "511": 21,
    "529": 21,
    "348": 21,
    "70": 21,
    "363": 21,
    "115": 21,
    "120": 21,
    "296": 21,
    "533": 22,
    "153": 22,
    "568": 22,
    "105": 22,
    "204": 22,
    "395": 22,
    "258": 22,
    "555": 22,
    "298": 22,
    "495": 22,
    "597": 22,
    "362": 22,
    "596": 23,
    "576": 23,
    "265": 23,
    "224": 23,
    "78": 23,
    "571": 23,
    "30": 23,
    "172": 23,
    "125": 23,
    "243": 23,
    "95": 23,
    "235": 23,
    "437": 24,
    "528": 24,
    "10": 24,
    "388": 24,
    "154": 24,
    "43": 24,
    "349": 24,
    "276": 24,
    "339": 24,
    "467": 24,
    "12": 24,
    "497": 24,
    "274": 25,
    "564": 25,
    "254": 25,
    "323": 25,
    "277": 25,
    "337": 25,
    "223": 25,
    "594": 25,
    "515": 25,
    "256": 25,
    "509": 25,
    "59": 25,
    "63": 26,
    "101": 26,
    "587": 26,
    "385": 26,
    "335": 26,
    "402": 26,
    "133": 26,
    "443": 26,
    "13": 26,
    "469": 26,
    "189": 26,
    "156": 26,
    "124": 27,
    "236": 27,
    "227": 27,
    "575": 27,
    "544": 27,
    "191": 27,
    "319": 27,
    "149": 27,
    "54": 27,
    "466": 27,
    "146": 27,
    "193": 27,
    "17": 28,
    "361": 28,
    "196": 28,
    "434": 28,
    "442": 28,
    "141": 28,
    "510": 28,
    "260": 28,
    "203": 28,
    "36": 28,
    "7": 28,
    "247": 28,
    "50": 29,
    "171": 29,
    "439": 29,
    "157": 29,
    "567": 29,
    "480": 29,
    "449": 29,
    "394": 29,
    "573": 29,
    "91": 29,
    "174": 29,
    "35": 29,
    "488": 30,
    "358": 30,
    "175": 30,
    "565": 30,
    "445": 30,
    "11": 30,
    "608": 30,
    "37": 30,
    "484": 30,
    "357": 30,
    "288": 30,
    "320": 30,
    "461": 31,
    "127": 31,
    "546": 31,
    "301": 31,
    "517": 31,
    "86": 31,
    "241": 31,
    "359": 31,
    "261": 31,
    "420": 31,
    "145": 31,
    "205": 31,
    "90": 32,
    "485": 32,
    "234": 32,
    "173": 32,
    "38": 32,
    "45": 32,
    "591": 32,
    "55": 32,
    "313": 32,
    "540": 32,
    "590": 32,
    "268": 32,
    "524": 33,
    "505": 33,
    "537": 33,
    "547": 33,
    "504": 33,
    "374": 33,
    "251": 33,
    "397": 33,
    "456": 33,
    "142": 33,
    "387": 33,
    "472": 33,
    "225": 34,
    "450": 34,
    "275": 34,
    "269": 34,
    "314": 34,
    "242": 34,
    "354": 34,
    "34": 34,
    "249": 34,
    "137": 34,
    "184": 34,
    "543": 34,
    "338": 35,
    "342": 35,
    "536": 35,
    "396": 35,
    "502": 35,
    "471": 35,
    "177": 35,
    "535": 35,
    "412": 35,
    "532": 35,
    "2": 35,
    "584": 35,
    "121": 36,
    "429": 36,
    "106": 36,
    "525": 36,
    "574": 36,
    "23": 36,
    "326": 36,
    "322": 36,
    "520": 36,
    "492": 36,
    "577": 36,
    "498": 36,
    "201": 37,
    "523": 37,
    "266": 37,
    "588": 37,
    "264": 37,
    "4": 37,
    "228": 37,
    "382": 37,
    "69": 37,
    "237": 37,
    "475": 37,
    "26": 37,
    "380": 38,
    "457": 38,
    "370": 38,
    "98": 38,
    "178": 38,
    "455": 38,
    "160": 38,
    "500": 38,
    "214": 38,
    "272": 38,
    "84": 38,
    "341": 38,
    "41": 39,
    "352": 39,
    "108": 39,
    "383": 39,
    "283": 39,
    "180": 39,
    "446": 39,
    "401": 39,
    "410": 39,
    "601": 39,
    "428": 39,
    "372": 39,
    "44": 40,
    "499": 40,
    "578": 40,
    "557": 40,
    "92": 40,
    "309": 40,
    "435": 40,
    "52": 40,
    "114": 40,
    "558": 40,
    "161": 40,
    "545": 40,
    "102": 41,
    "347": 41,
    "414": 41,
    "552": 41,
    "150": 41,
    "421": 41,
    "212": 41,
    "252": 41,
    "570": 41,
    "553": 41,
    "487": 41,
    "170": 41,
    "65": 42,
    "82": 42,
    "419": 42,
    "503": 42,
    "89": 42,
    "344": 42,
    "463": 42,
    "97": 42,
    "107": 42,
    "31": 42,
    "187": 42,
    "481": 42,
    "508": 43,
    "9": 43,
    "522": 43,
    "604": 43,
    "542": 43,
    "603": 43,
    "308": 43,
    "135": 43,
    "336": 43,
    "190": 43,
    "28": 43,
    "46": 43,
    "559": 44,
    "40": 44,
    "350": 44,
    "325": 44,
    "404": 44,
    "583": 44,
    "331": 44,
    "411": 44,
    "255": 44,
    "519": 44,
    "259": 44,
    "407": 44,
    "155": 45,
    "408": 45,
    "215": 45,
    "167": 45,
    "384": 45,
    "436": 45,
    "58": 45,
    "409": 45,
    "586": 45,
    "116": 45,
    "57": 45,
    "39": 45,
    "390": 46,
    "371": 46,
    "32": 46,
    "99": 46,
    "606": 46,
    "94": 46,
    "418": 46,
    "239": 46,
    "311": 46,
    "134": 46,
    "478": 46,
    "159": 46,
    "168": 47,
    "279": 47,
    "491": 47,
    "42": 47,
    "563": 47,
    "103": 47,
    "19": 47,
    "376": 47,
    "233": 47,
    "303": 47,
    "366": 47,
    "183": 47,
    "579": 48,
    "431": 48,
    "79": 48,
    "49": 48,
    "209": 48,
    "186": 48,
    "312": 48,
    "245": 48,
    "566": 48,
    "112": 48,
    "451": 48,
    "355": 48,
    "216": 49,
    "293": 49,
    "367": 49,
    "526": 49,
    "18": 49,
    "562": 49,
    "0": 49,
    "56": 49,
    "185": 49,
    "324": 49,
    "593": 49,
    "5": 49
}