{
    "413": 0,
    "479": 0,
    "67": 0,
    "607": 0,
    "560": 0,
    "287": 0,
    "589": 0,
    "27": 0,
    "297": 0,
    "598": 0,
    "218": 0,
    "306": 0,
    "63": 0,
    "433": 0,
    "488": 0,
    "88": 1,
    "441": 1,
    "310": 1,
    "244": 1,
    "213": 1,
    "477": 1,
    "507": 1,
    "332": 1,
    "292": 1,
    "391": 1,
    "430": 1,
    "162": 1,
    "328": 1,
    "256": 1,
    "323": 1,
    "473": 2,
    "131": 2,
    "289": 2,
    "569": 2,
    "198": 2,
    "468": 2,
    "327": 2,
    "220": 2,
    "356": 2,
    "599": 2,
    "262": 2,
    "136": 2,
    "353": 2,
    "155": 2,
    "571": 2,
    "609": 3,
    "278": 3,
    "138": 3,
    "62": 3,
    "246": 3,
    "330": 3,
    "140": 3,
    "399": 3,
    "14": 3,
    "581": 3,
    "392": 3,
    "550": 3,
    "165": 3,
    "40": 3,
    "130": 3,
    "379": 4,
    "427": 4,
    "238": 4,
    "219": 4,
    "424": 4,
    "20": 4,
    "229": 4,
    "572": 4,
    "128": 4,
    "474": 4,
    "595": 4,
    "291": 4,
    "6": 4,
    "166": 4,
    "159": 4,
    "605": 5,
    "16": 5,
    "192": 5,
    "415": 5,
    "74": 5,
    "398": 5,
    "285": 5,
    "109": 5,
    "369": 5,
    "300": 5,
    "389": 5,
    "143": 5,
    "444": 5,
    "294": 5,
    "432": 5,
    "447": 6,
    "221": 6,
    "375": 6,
    "551": 6,
    "77": 6,
    "521": 6,
    "210": 6,
    "281": 6,
    "368": 6,
    "321": 6,
    "132": 6,
    "101": 6,
    "75": 6,
    "385": 6,
    "232": 6,
    "602": 7,
    "3": 7,
    "100": 7,
    "464": 7,
    "534": 7,
    "117": 7,
    "267": 7,
    "531": 7,
    "206": 7,
    "284": 7,
    "448": 7,
    "383": 7,
    "314": 7,
    "492": 7,
    "84": 7,
    "248": 8,
    "61": 8,
    "211": 8,
    "364": 8,
    "351": 8,
    "465": 8,
    "72": 8,
    "29": 8,
    "51": 8,
    "118": 8,
    "212": 8,
    "290": 8,
    "105": 8,
    "365": 8,
    "360": 8,
    "181": 9,
    "286": 9,
    "194": 9,
    "197": 9,
    "60": 9,
    "15": 9,
    "182": 9,
    "426": 9,
    "80": 9,
    "164": 9,
    "71": 9,
    "335": 9,
    "222": 9,
    "95": 9,
    "38": 9,
    "273": 10,
    "329": 10,
    "81": 10,
    "333": 10,
    "66": 10,
    "315": 10,
    "33": 10,
    "423": 10,
    "419": 10,
    "225": 10,
    "541": 10,
    "331": 10,
    "592": 10,
    "87": 10,
    "21": 10,
    "317": 11,
    "377": 11,
    "188": 11,
    "208": 11,
    "556": 11,
    "64": 11,
    "76": 11,
    "122": 11,
    "271": 11,
    "111": 11,
    "230": 11,
    "236": 11,
    "348": 11,
    "151": 11,
    "147": 11,
    "104": 12,
    "240": 12,
    "416": 12,
    "299": 12,
    "580": 12,
    "486": 12,
    "250": 12,
    "318": 12,
    "496": 12,
    "470": 12,
    "489": 12,
    "253": 12,
    "458": 12,
    "584": 12,
    "438": 12,
    "386": 13,
    "22": 13,
    "453": 13,
    "501": 13,
    "179": 13,
    "334": 13,
    "217": 13,
    "144": 13,
    "163": 13,
    "345": 13,
    "373": 13,
    "126": 13,
    "53": 13,
    "439": 13,
    "93": 13,
    "304": 14,
    "316": 14,
    "600": 14,
    "226": 14,
    "417": 14,
    "527": 14,
    "514": 14,
    "460": 14,
    "48": 14,
    "257": 14,
    "295": 14,
    "564": 14,
    "406": 14,
    "548": 14,
    "260": 14,
    "176": 15,
    "158": 15,
    "152": 15,
    "425": 15,
    "516": 15,
    "307": 15,
    "582": 15,
    "490": 15,
    "518": 15,
    "189": 15,
    "125": 15,
    "442": 15,
    "511": 15,
    "9": 15,
    "555": 15,
    "482": 16,
    "85": 16,
    "493": 16,
    "343": 16,
    "394": 16,
    "342": 16,
    "346": 16,
    "422": 16,
    "362": 16,
    "462": 16,
    "539": 16,
    "434": 16,
    "59": 16,
    "337": 16,
    "495": 16,
    "110": 17,
    "113": 17,
    "340": 17,
    "549": 17,
    "280": 17,
    "305": 17,
    "405": 17,
    "538": 17,
    "400": 17,
    "1": 17,
    "387": 17,
    "597": 17,
    "119": 17,
    "172": 17,
    "54": 17,
    "231": 18,
    "195": 18,
    "96": 18,
    "459": 18,
    "263": 18,
    "207": 18,
    "202": 18,
    "24": 18,
    "298": 18,
    "25": 18,
    "412": 18,
    "506": 18,
    "568": 18,
    "393": 18,
    "547": 18,
    "554": 19,
    "148": 19,
    "200": 19,
    "282": 19,
    "378": 19,
    "123": 19,
    "270": 19,
    "302": 19,
    "129": 19,
    "36": 19,
    "512": 19,
    "55": 19,
    "573": 19,
    "529": 19,
    "241": 19,
    "476": 20,
    "440": 20,
    "68": 20,
    "47": 20,
    "530": 20,
    "8": 20,
    "86": 20,
    "456": 20,
    "517": 20,
    "395": 20,
    "528": 20,
    "276": 20,
    "30": 20,
    "254": 20,
    "544": 20,
    "139": 21,
    "403": 21,
    "454": 21,
    "169": 21,
    "70": 21,
    "363": 21,
    "115": 21,
    "120": 21,
    "296": 21,
    "301": 21,
    "141": 21,
    "149": 21,
    "480": 21,
    "191": 21,
    "443": 21,
    "533": 22,
    "153": 22,
    "204": 22,
    "258": 22,
    "251": 22,
    "247": 22,
    "156": 22,
    "319": 22,
    "145": 22,
    "12": 22,
    "193": 22,
    "133": 22,
    "466": 22,
    "320": 22,
    "505": 22,
    "596": 23,
    "576": 23,
    "265": 23,
    "224": 23,
    "78": 23,
    "243": 23,
    "235": 23,
    "10": 23,
    "223": 23,
    "396": 23,
    "515": 23,
    "7": 23,
    "575": 23,
    "227": 23,
    "411": 23,
    "437": 24,
    "388": 24,
    "154": 24,
    "43": 24,
    "349": 24,
    "339": 24,
    "467": 24,
    "497": 24,
    "484": 24,
    "485": 24,
    "106": 24,
    "178": 24,
    "242": 24,
    "269": 24,
    "590": 24,
    "274": 25,
    "277": 25,
    "594": 25,
    "509": 25,
    "546": 25,
    "146": 25,
    "288": 25,
    "196": 25,
    "205": 25,
    "261": 25,
    "429": 25,
    "574": 25,
    "184": 25,
    "402": 25,
    "450": 25,
    "17": 26,
    "361": 26,
    "510": 26,
    "203": 26,
    "536": 26,
    "171": 26,
    "471": 26,
    "127": 26,
    "588": 26,
    "358": 26,
    "23": 26,
    "463": 26,
    "234": 26,
    "445": 26,
    "608": 26,
    "50": 27,
    "157": 27,
    "567": 27,
    "449": 27,
    "91": 27,
    "174": 27,
    "35": 27,
    "137": 27,
    "500": 27,
    "2": 27,
    "354": 27,
    "498": 27,
    "420": 27,
    "359": 27,
    "34": 27,
    "90": 28,
    "469": 28,
    "173": 28,
    "175": 28,
    "587": 28,
    "45": 28,
    "591": 28,
    "313": 28,
    "13": 28,
    "540": 28,
    "268": 28,
    "370": 28,
    "532": 28,
    "228": 28,
    "4": 28,
    "124": 29,
    "472": 29,
    "577": 29,
    "357": 29,
    "543": 29,
    "504": 29,
    "249": 29,
    "520": 29,
    "535": 29,
    "374": 29,
    "382": 29,
    "52": 29,
    "160": 29,
    "537": 29,
    "341": 29,
    "524": 30,
    "397": 30,
    "142": 30,
    "11": 30,
    "322": 30,
    "37": 30,
    "275": 30,
    "214": 30,
    "97": 30,
    "82": 30,
    "457": 30,
    "401": 30,
    "525": 30,
    "475": 30,
    "98": 30,
    "201": 31,
    "523": 31,
    "266": 31,
    "264": 31,
    "69": 31,
    "237": 31,
    "26": 31,
    "28": 31,
    "371": 31,
    "161": 31,
    "309": 31,
    "177": 31,
    "272": 31,
    "565": 31,
    "502": 31,
    "121": 32,
    "326": 32,
    "170": 32,
    "557": 32,
    "404": 32,
    "347": 32,
    "545": 32,
    "455": 32,
    "499": 32,
    "352": 32,
    "372": 32,
    "414": 32,
    "570": 32,
    "552": 32,
    "252": 32,
    "41": 33,
    "108": 33,
    "283": 33,
    "180": 33,
    "446": 33,
    "410": 33,
    "601": 33,
    "428": 33,
    "135": 33,
    "578": 33,
    "583": 33,
    "435": 33,
    "116": 33,
    "336": 33,
    "150": 33,
    "44": 34,
    "92": 34,
    "114": 34,
    "558": 34,
    "303": 34,
    "542": 34,
    "603": 34,
    "99": 34,
    "57": 34,
    "481": 34,
    "553": 34,
    "187": 34,
    "344": 34,
    "89": 34,
    "239": 34,
    "338": 35,
    "46": 35,
    "522": 35,
    "325": 35,
    "421": 35,
    "107": 35,
    "487": 35,
    "350": 35,
    "183": 35,
    "167": 35,
    "308": 35,
    "190": 35,
    "503": 35,
    "58": 35,
    "566": 35,
    "380": 36,
    "604": 36,
    "407": 36,
    "519": 36,
    "431": 36,
    "31": 36,
    "19": 36,
    "39": 36,
    "233": 36,
    "384": 36,
    "418": 36,
    "209": 36,
    "42": 36,
    "366": 36,
    "436": 36,
    "461": 37,
    "408": 37,
    "215": 37,
    "259": 37,
    "409": 37,
    "32": 37,
    "376": 37,
    "49": 37,
    "112": 37,
    "478": 37,
    "491": 37,
    "73": 37,
    "606": 37,
    "563": 37,
    "586": 37,
    "65": 38,
    "134": 38,
    "94": 38,
    "311": 38,
    "561": 38,
    "186": 38,
    "562": 38,
    "526": 38,
    "245": 38,
    "255": 38,
    "79": 38,
    "451": 38,
    "312": 38,
    "367": 38,
    "355": 38,
    "102": 39,
    "279": 39,
    "103": 39,
    "293": 39,
    "483": 39,
    "381": 39,
    "508": 39,
    "513": 39,
    "0": 39,
    "494": 39,
    "324": 39,
    "585": 39,
    "83": 39,
    "199": 39,
    "185": 39
}