{
    "413": 0,
    "479": 0,
    "67": 0,
    "607": 0,
    "560": 0,
    "287": 0,
    "589": 0,
    "27": 0,
    "297": 0,
    "598": 0,
    "218": 0,
    "306": 0,
    "63": 0,
    "433": 0,
    "488": 0,
    "524": 0,
    "424": 0,
    "238": 0,
    "579": 0,
    "380": 0,
    "88": 1,
    "441": 1,
    "310": 1,
    "244": 1,
    "213": 1,
    "477": 1,
    "507": 1,
    "332": 1,
    "292": 1,
    "391": 1,
    "430": 1,
    "162": 1,
    "328": 1,
    "256": 1,
    "323": 1,
    "387": 1,
    "534": 1,
    "119": 1,
    "466": 1,
    "193": 1,
    "473": 2,
    "131": 2,
    "289": 2,
    "569": 2,
    "198": 2,
    "468": 2,
    "327": 2,
    "220": 2,
    "356": 2,
    "599": 2,
    "262": 2,
    "136": 2,
    "353": 2,
    "155": 2,
    "571": 2,
    "329": 2,
    "83": 2,
    "576": 2,
    "303": 2,
    "3": 2,
    "609": 3,
    "278": 3,
    "138": 3,
    "62": 3,
    "246": 3,
    "330": 3,
    "140": 3,
    "399": 3,
    "14": 3,
    "581": 3,
    "392": 3,
    "550": 3,
    "165": 3,
    "40": 3,
    "130": 3,
    "351": 3,
    "51": 3,
    "377": 3,
    "79": 3,
    "369": 3,
    "379": 4,
    "427": 4,
    "219": 4,
    "20": 4,
    "229": 4,
    "572": 4,
    "128": 4,
    "474": 4,
    "595": 4,
    "291": 4,
    "6": 4,
    "166": 4,
    "159": 4,
    "360": 4,
    "77": 4,
    "485": 4,
    "307": 4,
    "15": 4,
    "148": 4,
    "210": 4,
    "605": 5,
    "16": 5,
    "192": 5,
    "415": 5,
    "74": 5,
    "398": 5,
    "285": 5,
    "109": 5,
    "300": 5,
    "389": 5,
    "143": 5,
    "444": 5,
    "294": 5,
    "432": 5,
    "493": 5,
    "76": 5,
    "580": 5,
    "95": 5,
    "438": 5,
    "539": 5,
    "447": 6,
    "221": 6,
    "375": 6,
    "551": 6,
    "521": 6,
    "281": 6,
    "368": 6,
    "321": 6,
    "132": 6,
    "101": 6,
    "75": 6,
    "385": 6,
    "232": 6,
    "365": 6,
    "93": 6,
    "25": 6,
    "36": 6,
    "529": 6,
    "202": 6,
    "346": 6,
    "602": 7,
    "100": 7,
    "464": 7,
    "117": 7,
    "267": 7,
    "531": 7,
    "206": 7,
    "284": 7,
    "448": 7,
    "383": 7,
    "314": 7,
    "492": 7,
    "84": 7,
    "126": 7,
    "411": 7,
    "250": 7,
    "282": 7,
    "453": 7,
    "270": 7,
    "546": 7,
    "248": 8,
    "61": 8,
    "211": 8,
    "364": 8,
    "465": 8,
    "72": 8,
    "29": 8,
    "118": 8,
    "212": 8,
    "290": 8,
    "105": 8,
    "48": 8,
    "416": 8,
    "111": 8,
    "147": 8,
    "247": 8,
    "23": 8,
    "549": 8,
    "486": 8,
    "236": 8,
    "181": 9,
    "286": 9,
    "194": 9,
    "197": 9,
    "60": 9,
    "182": 9,
    "426": 9,
    "80": 9,
    "164": 9,
    "71": 9,
    "335": 9,
    "222": 9,
    "38": 9,
    "296": 9,
    "395": 9,
    "196": 9,
    "443": 9,
    "217": 9,
    "53": 9,
    "564": 9,
    "273": 10,
    "81": 10,
    "333": 10,
    "66": 10,
    "315": 10,
    "33": 10,
    "423": 10,
    "419": 10,
    "225": 10,
    "541": 10,
    "331": 10,
    "592": 10,
    "87": 10,
    "21": 10,
    "412": 10,
    "587": 10,
    "361": 10,
    "584": 10,
    "230": 10,
    "434": 10,
    "317": 11,
    "188": 11,
    "208": 11,
    "556": 11,
    "64": 11,
    "122": 11,
    "271": 11,
    "348": 11,
    "151": 11,
    "406": 11,
    "82": 11,
    "24": 11,
    "442": 11,
    "460": 11,
    "362": 11,
    "568": 11,
    "548": 11,
    "59": 11,
    "506": 11,
    "257": 11,
    "104": 12,
    "240": 12,
    "299": 12,
    "318": 12,
    "496": 12,
    "470": 12,
    "489": 12,
    "253": 12,
    "458": 12,
    "189": 12,
    "1": 12,
    "203": 12,
    "204": 12,
    "514": 12,
    "337": 12,
    "522": 12,
    "316": 12,
    "342": 12,
    "527": 12,
    "343": 12,
    "386": 13,
    "22": 13,
    "501": 13,
    "179": 13,
    "334": 13,
    "144": 13,
    "163": 13,
    "345": 13,
    "373": 13,
    "439": 13,
    "575": 13,
    "393": 13,
    "422": 13,
    "125": 13,
    "254": 13,
    "86": 13,
    "467": 13,
    "129": 13,
    "259": 13,
    "123": 13,
    "304": 14,
    "600": 14,
    "226": 14,
    "417": 14,
    "295": 14,
    "260": 14,
    "195": 14,
    "510": 14,
    "536": 14,
    "420": 14,
    "113": 14,
    "532": 14,
    "7": 14,
    "358": 14,
    "502": 14,
    "207": 14,
    "518": 14,
    "171": 14,
    "530": 14,
    "85": 14,
    "176": 15,
    "158": 15,
    "152": 15,
    "425": 15,
    "516": 15,
    "582": 15,
    "490": 15,
    "511": 15,
    "9": 15,
    "555": 15,
    "184": 15,
    "400": 15,
    "357": 15,
    "263": 15,
    "97": 15,
    "142": 15,
    "573": 15,
    "378": 15,
    "298": 15,
    "604": 15,
    "482": 16,
    "394": 16,
    "462": 16,
    "495": 16,
    "440": 16,
    "177": 16,
    "70": 16,
    "214": 16,
    "200": 16,
    "172": 16,
    "459": 16,
    "512": 16,
    "472": 16,
    "30": 16,
    "320": 16,
    "456": 16,
    "175": 16,
    "538": 16,
    "374": 16,
    "370": 16,
    "110": 17,
    "340": 17,
    "280": 17,
    "305": 17,
    "405": 17,
    "597": 17,
    "54": 17,
    "505": 17,
    "145": 17,
    "258": 17,
    "517": 17,
    "156": 17,
    "563": 17,
    "319": 17,
    "544": 17,
    "157": 17,
    "480": 17,
    "547": 17,
    "146": 17,
    "11": 17,
    "231": 18,
    "96": 18,
    "191": 18,
    "47": 18,
    "515": 18,
    "68": 18,
    "590": 18,
    "12": 18,
    "608": 18,
    "227": 18,
    "154": 18,
    "528": 18,
    "326": 18,
    "91": 18,
    "149": 18,
    "174": 18,
    "402": 18,
    "484": 18,
    "363": 18,
    "127": 18,
    "554": 19,
    "302": 19,
    "55": 19,
    "241": 19,
    "497": 19,
    "266": 19,
    "277": 19,
    "261": 19,
    "301": 19,
    "223": 19,
    "106": 19,
    "469": 19,
    "275": 19,
    "133": 19,
    "339": 19,
    "141": 19,
    "567": 19,
    "574": 19,
    "224": 19,
    "349": 19,
    "476": 20,
    "8": 20,
    "276": 20,
    "234": 20,
    "169": 20,
    "354": 20,
    "471": 20,
    "160": 20,
    "509": 20,
    "35": 20,
    "429": 20,
    "537": 20,
    "115": 20,
    "288": 20,
    "382": 20,
    "43": 20,
    "34": 20,
    "594": 20,
    "401": 20,
    "359": 20,
    "139": 21,
    "403": 21,
    "454": 21,
    "120": 21,
    "10": 21,
    "37": 21,
    "237": 21,
    "520": 21,
    "457": 21,
    "588": 21,
    "269": 21,
    "13": 21,
    "450": 21,
    "45": 21,
    "523": 21,
    "205": 21,
    "445": 21,
    "475": 21,
    "388": 21,
    "268": 21,
    "533": 22,
    "153": 22,
    "251": 22,
    "137": 22,
    "543": 22,
    "2": 22,
    "249": 22,
    "242": 22,
    "577": 22,
    "499": 22,
    "578": 22,
    "341": 22,
    "396": 22,
    "228": 22,
    "322": 22,
    "500": 22,
    "455": 22,
    "235": 22,
    "4": 22,
    "535": 22,
    "596": 23,
    "265": 23,
    "78": 23,
    "243": 23,
    "309": 23,
    "449": 23,
    "187": 23,
    "114": 23,
    "69": 23,
    "553": 23,
    "272": 23,
    "313": 23,
    "570": 23,
    "178": 23,
    "565": 23,
    "173": 23,
    "498": 23,
    "170": 23,
    "108": 23,
    "540": 23,
    "437": 24,
    "558": 24,
    "591": 24,
    "446": 24,
    "283": 24,
    "481": 24,
    "98": 24,
    "150": 24,
    "161": 24,
    "180": 24,
    "352": 24,
    "372": 24,
    "52": 24,
    "336": 24,
    "435": 24,
    "504": 24,
    "428": 24,
    "503": 24,
    "135": 24,
    "583": 24,
    "274": 25,
    "347": 25,
    "252": 25,
    "397": 25,
    "545": 25,
    "552": 25,
    "414": 25,
    "421": 25,
    "190": 25,
    "557": 25,
    "215": 25,
    "436": 25,
    "107": 25,
    "308": 25,
    "408": 25,
    "525": 25,
    "89": 25,
    "487": 25,
    "409": 25,
    "31": 25,
    "17": 26,
    "463": 26,
    "28": 26,
    "542": 26,
    "603": 26,
    "255": 26,
    "350": 26,
    "404": 26,
    "431": 26,
    "167": 26,
    "325": 26,
    "410": 26,
    "46": 26,
    "601": 26,
    "344": 26,
    "418": 26,
    "209": 26,
    "116": 26,
    "407": 26,
    "566": 26,
    "50": 27,
    "264": 27,
    "58": 27,
    "376": 27,
    "57": 27,
    "26": 27,
    "39": 27,
    "92": 27,
    "478": 27,
    "491": 27,
    "99": 27,
    "239": 27,
    "32": 27,
    "606": 27,
    "311": 27,
    "112": 27,
    "384": 27,
    "183": 27,
    "293": 27,
    "371": 27,
    "41": 28,
    "134": 28,
    "42": 28,
    "367": 28,
    "233": 28,
    "451": 28,
    "586": 28,
    "366": 28,
    "94": 28,
    "519": 28,
    "562": 28,
    "452": 28,
    "526": 28,
    "216": 28,
    "593": 28,
    "0": 28,
    "279": 28,
    "324": 28,
    "5": 28,
    "49": 28,
    "338": 29,
    "73": 29,
    "494": 29,
    "245": 29,
    "186": 29,
    "561": 29,
    "381": 29,
    "103": 29,
    "19": 29,
    "513": 29,
    "585": 29,
    "102": 29,
    "559": 29,
    "508": 29,
    "483": 29,
    "355": 29,
    "185": 29,
    "124": 29,
    "312": 29,
    "199": 29
}