{
    "413": 0,
    "479": 0,
    "67": 0,
    "607": 0,
    "560": 0,
    "287": 0,
    "589": 0,
    "27": 0,
    "297": 0,
    "598": 0,
    "218": 0,
    "306": 0,
    "63": 0,
    "433": 0,
    "488": 0,
    "524": 0,
    "424": 0,
    "238": 0,
    "579": 0,
    "380": 0,
    "90": 0,
    "44": 0,
    "56": 0,
    "199": 0,
    "437": 0,
    "88": 1,
    "441": 1,
    "310": 1,
    "244": 1,
    "213": 1,
    "477": 1,
    "507": 1,
    "332": 1,
    "292": 1,
    "391": 1,
    "430": 1,
    "162": 1,
    "328": 1,
    "256": 1,
    "323": 1,
    "387": 1,
    "534": 1,
    "119": 1,
    "466": 1,
    "193": 1,
    "575": 1,
    "393": 1,
    "544": 1,
    "25": 1,
    "395": 1,
    "473": 2,
    "131": 2,
    "289": 2,
    "569": 2,
    "198": 2,
    "468": 2,
    "327": 2,
    "220": 2,
    "356": 2,
    "599": 2,
    "262": 2,
    "136": 2,
    "353": 2,
    "155": 2,
    "571": 2,
    "329": 2,
    "83": 2,
    "576": 2,
    "303": 2,
    "3": 2,
    "143": 2,
    "592": 2,
    "384": 2,
    "6": 2,
    "15": 2,
    "609": 3,
    "278": 3,
    "138": 3,
    "62": 3,
    "246": 3,
    "330": 3,
    "140": 3,
    "399": 3,
    "14": 3,
    "581": 3,
    "392": 3,
    "550": 3,
    "165": 3,
    "40": 3,
    "130": 3,
    "351": 3,
    "51": 3,
    "377": 3,
    "79": 3,
    "369": 3,
    "211": 3,
    "465": 3,
    "486": 3,
    "333": 3,
    "559": 3,
    "379": 4,
    "427": 4,
    "219": 4,
    "20": 4,
    "229": 4,
    "572": 4,
    "128": 4,
    "474": 4,
    "595": 4,
    "291": 4,
    "166": 4,
    "159": 4,
    "360": 4,
    "77": 4,
    "485": 4,
    "307": 4,
    "148": 4,
    "210": 4,
    "343": 4,
    "16": 4,
    "375": 4,
    "385": 4,
    "75": 4,
    "85": 4,
    "60": 4,
    "605": 5,
    "192": 5,
    "415": 5,
    "74": 5,
    "398": 5,
    "285": 5,
    "109": 5,
    "300": 5,
    "389": 5,
    "444": 5,
    "294": 5,
    "432": 5,
    "493": 5,
    "76": 5,
    "580": 5,
    "95": 5,
    "438": 5,
    "539": 5,
    "82": 5,
    "207": 5,
    "512": 5,
    "556": 5,
    "189": 5,
    "406": 5,
    "496": 5,
    "447": 6,
    "221": 6,
    "551": 6,
    "521": 6,
    "281": 6,
    "368": 6,
    "321": 6,
    "132": 6,
    "101": 6,
    "232": 6,
    "365": 6,
    "93": 6,
    "36": 6,
    "529": 6,
    "202": 6,
    "346": 6,
    "80": 6,
    "111": 6,
    "53": 6,
    "378": 6,
    "282": 6,
    "188": 6,
    "196": 6,
    "334": 6,
    "175": 6,
    "602": 7,
    "100": 7,
    "464": 7,
    "117": 7,
    "267": 7,
    "531": 7,
    "206": 7,
    "284": 7,
    "448": 7,
    "383": 7,
    "314": 7,
    "492": 7,
    "84": 7,
    "126": 7,
    "411": 7,
    "250": 7,
    "453": 7,
    "270": 7,
    "546": 7,
    "422": 7,
    "78": 7,
    "480": 7,
    "127": 7,
    "146": 7,
    "382": 7,
    "248": 8,
    "61": 8,
    "364": 8,
    "72": 8,
    "29": 8,
    "118": 8,
    "212": 8,
    "290": 8,
    "105": 8,
    "48": 8,
    "416": 8,
    "147": 8,
    "247": 8,
    "23": 8,
    "549": 8,
    "236": 8,
    "566": 8,
    "260": 8,
    "536": 8,
    "195": 8,
    "64": 8,
    "470": 8,
    "222": 8,
    "153": 8,
    "318": 8,
    "181": 9,
    "286": 9,
    "194": 9,
    "197": 9,
    "182": 9,
    "426": 9,
    "164": 9,
    "71": 9,
    "335": 9,
    "38": 9,
    "296": 9,
    "443": 9,
    "217": 9,
    "564": 9,
    "347": 9,
    "230": 9,
    "22": 9,
    "265": 9,
    "503": 9,
    "509": 9,
    "315": 9,
    "68": 9,
    "362": 9,
    "123": 9,
    "144": 9,
    "273": 10,
    "81": 10,
    "66": 10,
    "33": 10,
    "423": 10,
    "419": 10,
    "225": 10,
    "541": 10,
    "331": 10,
    "87": 10,
    "21": 10,
    "412": 10,
    "587": 10,
    "361": 10,
    "584": 10,
    "434": 10,
    "179": 10,
    "552": 10,
    "342": 10,
    "280": 10,
    "462": 10,
    "394": 10,
    "530": 10,
    "504": 10,
    "263": 10,
    "317": 11,
    "208": 11,
    "122": 11,
    "271": 11,
    "348": 11,
    "151": 11,
    "24": 11,
    "442": 11,
    "460": 11,
    "568": 11,
    "548": 11,
    "59": 11,
    "506": 11,
    "257": 11,
    "299": 11,
    "295": 11,
    "555": 11,
    "204": 11,
    "113": 11,
    "172": 11,
    "125": 11,
    "86": 11,
    "337": 11,
    "489": 11,
    "47": 11,
    "104": 12,
    "240": 12,
    "253": 12,
    "458": 12,
    "1": 12,
    "203": 12,
    "514": 12,
    "522": 12,
    "316": 12,
    "527": 12,
    "54": 12,
    "510": 12,
    "538": 12,
    "152": 12,
    "96": 12,
    "525": 12,
    "420": 12,
    "597": 12,
    "495": 12,
    "177": 12,
    "12": 12,
    "459": 12,
    "226": 12,
    "298": 12,
    "417": 12,
    "386": 13,
    "501": 13,
    "163": 13,
    "345": 13,
    "373": 13,
    "439": 13,
    "254": 13,
    "467": 13,
    "129": 13,
    "259": 13,
    "396": 13,
    "573": 13,
    "241": 13,
    "374": 13,
    "608": 13,
    "370": 13,
    "517": 13,
    "184": 13,
    "266": 13,
    "594": 13,
    "171": 13,
    "133": 13,
    "288": 13,
    "472": 13,
    "339": 13,
    "304": 14,
    "600": 14,
    "532": 14,
    "7": 14,
    "358": 14,
    "502": 14,
    "518": 14,
    "156": 14,
    "319": 14,
    "440": 14,
    "227": 14,
    "28": 14,
    "528": 14,
    "141": 14,
    "149": 14,
    "547": 14,
    "505": 14,
    "484": 14,
    "277": 14,
    "450": 14,
    "454": 14,
    "471": 14,
    "582": 14,
    "515": 14,
    "115": 14,
    "176": 15,
    "158": 15,
    "425": 15,
    "516": 15,
    "490": 15,
    "511": 15,
    "9": 15,
    "400": 15,
    "357": 15,
    "97": 15,
    "142": 15,
    "604": 15,
    "320": 15,
    "4": 15,
    "537": 15,
    "91": 15,
    "145": 15,
    "405": 15,
    "70": 15,
    "46": 15,
    "251": 15,
    "234": 15,
    "429": 15,
    "34": 15,
    "456": 15,
    "482": 16,
    "214": 16,
    "200": 16,
    "30": 16,
    "154": 16,
    "354": 16,
    "499": 16,
    "590": 16,
    "414": 16,
    "258": 16,
    "275": 16,
    "55": 16,
    "578": 16,
    "169": 16,
    "363": 16,
    "191": 16,
    "397": 16,
    "401": 16,
    "322": 16,
    "445": 16,
    "37": 16,
    "302": 16,
    "235": 16,
    "326": 16,
    "591": 16,
    "110": 17,
    "340": 17,
    "305": 17,
    "563": 17,
    "157": 17,
    "11": 17,
    "276": 17,
    "359": 17,
    "174": 17,
    "402": 17,
    "567": 17,
    "249": 17,
    "137": 17,
    "574": 17,
    "577": 17,
    "268": 17,
    "349": 17,
    "2": 17,
    "341": 17,
    "497": 17,
    "205": 17,
    "35": 17,
    "520": 17,
    "13": 17,
    "543": 17,
    "231": 18,
    "106": 18,
    "449": 18,
    "8": 18,
    "535": 18,
    "269": 18,
    "43": 18,
    "301": 18,
    "403": 18,
    "588": 18,
    "261": 18,
    "160": 18,
    "120": 18,
    "45": 18,
    "242": 18,
    "498": 18,
    "463": 18,
    "557": 18,
    "457": 18,
    "500": 18,
    "469": 18,
    "228": 18,
    "52": 18,
    "388": 18,
    "542": 18,
    "554": 19,
    "223": 19,
    "224": 19,
    "178": 19,
    "545": 19,
    "313": 19,
    "173": 19,
    "98": 19,
    "10": 19,
    "523": 19,
    "570": 19,
    "283": 19,
    "565": 19,
    "540": 19,
    "435": 19,
    "272": 19,
    "475": 19,
    "264": 19,
    "372": 19,
    "352": 19,
    "161": 19,
    "293": 19,
    "344": 19,
    "446": 19,
    "150": 19,
    "476": 20,
    "309": 20,
    "455": 20,
    "519": 20,
    "252": 20,
    "237": 20,
    "421": 20,
    "487": 20,
    "481": 20,
    "108": 20,
    "243": 20,
    "69": 20,
    "170": 20,
    "26": 20,
    "114": 20,
    "180": 20,
    "107": 20,
    "428": 20,
    "410": 20,
    "308": 20,
    "558": 20,
    "92": 20,
    "135": 20,
    "187": 20,
    "239": 20,
    "139": 21,
    "601": 21,
    "583": 21,
    "116": 21,
    "436": 21,
    "336": 21,
    "57": 21,
    "603": 21,
    "58": 21,
    "553": 21,
    "31": 21,
    "89": 21,
    "371": 21,
    "190": 21,
    "99": 21,
    "39": 21,
    "606": 21,
    "367": 21,
    "112": 21,
    "167": 21,
    "32": 21,
    "408": 21,
    "491": 21,
    "366": 21,
    "42": 21,
    "533": 22,
    "407": 22,
    "209": 22,
    "255": 22,
    "183": 22,
    "233": 22,
    "350": 22,
    "431": 22,
    "508": 22,
    "49": 22,
    "562": 22,
    "279": 22,
    "418": 22,
    "404": 22,
    "376": 22,
    "585": 22,
    "19": 22,
    "478": 22,
    "94": 22,
    "325": 22,
    "215": 22,
    "245": 22,
    "381": 22,
    "494": 22,
    "103": 22,
    "596": 23,
    "586": 23,
    "134": 23,
    "216": 23,
    "409": 23,
    "526": 23,
    "311": 23,
    "201": 23,
    "18": 23,
    "451": 23,
    "324": 23,
    "0": 23,
    "312": 23,
    "513": 23,
    "185": 23,
    "390": 23,
    "561": 23,
    "41": 23,
    "593": 23,
    "452": 23,
    "73": 23,
    "186": 23,
    "65": 23,
    "355": 23,
    "5": 23
}