{
    "413": 0,
    "479": 0,
    "67": 0,
    "607": 0,
    "560": 0,
    "88": 1,
    "441": 1,
    "310": 1,
    "244": 1,
    "213": 1,
    "473": 2,
    "589": 2,
    "131": 2,
    "289": 2,
    "569": 2,
    "609": 3,
    "297": 3,
    "278": 3,
    "138": 3,
    "62": 3,
    "598": 4,
    "424": 4,
    "329": 4,
    "353": 4,
    "427": 4,
    "605": 5,
    "16": 5,
    "192": 5,
    "415": 5,
    "74": 5,
    "379": 6,
    "218": 6,
    "327": 6,
    "246": 6,
    "238": 6,
    "602": 7,
    "3": 7,
    "100": 7,
    "464": 7,
    "534": 7,
    "447": 8,
    "221": 8,
    "375": 8,
    "140": 8,
    "551": 8,
    "104": 9,
    "232": 9,
    "465": 9,
    "444": 9,
    "330": 9,
    "248": 10,
    "20": 10,
    "61": 10,
    "211": 10,
    "364": 10,
    "181": 11,
    "286": 11,
    "194": 11,
    "197": 11,
    "130": 11,
    "273": 12,
    "433": 12,
    "219": 12,
    "75": 12,
    "229": 12,
    "317": 13,
    "581": 13,
    "377": 13,
    "188": 13,
    "208": 13,
    "386": 14,
    "321": 14,
    "22": 14,
    "15": 14,
    "453": 14,
    "231": 15,
    "360": 15,
    "539": 15,
    "6": 15,
    "76": 15,
    "287": 16,
    "398": 16,
    "576": 16,
    "77": 16,
    "512": 16,
    "304": 17,
    "399": 17,
    "316": 17,
    "600": 17,
    "64": 17,
    "176": 18,
    "158": 18,
    "152": 18,
    "425": 18,
    "516": 18,
    "554": 19,
    "148": 19,
    "80": 19,
    "93": 19,
    "200": 19,
    "482": 20,
    "333": 20,
    "369": 20,
    "222": 20,
    "14": 20,
    "110": 21,
    "582": 21,
    "113": 21,
    "340": 21,
    "549": 21,
    "476": 22,
    "230": 22,
    "302": 22,
    "556": 22,
    "438": 22,
    "139": 23,
    "403": 23,
    "454": 23,
    "462": 23,
    "346": 23,
    "306": 24,
    "584": 24,
    "342": 24,
    "117": 24,
    "406": 24,
    "533": 25,
    "66": 25,
    "290": 25,
    "486": 25,
    "271": 25,
    "599": 26,
    "315": 26,
    "448": 26,
    "467": 26,
    "217": 26,
    "274": 27,
    "250": 27,
    "284": 27,
    "564": 27,
    "179": 27,
    "437": 28,
    "33": 28,
    "81": 28,
    "85": 28,
    "528": 28,
    "596": 29,
    "265": 29,
    "224": 29,
    "182": 29,
    "53": 29,
    "63": 30,
    "285": 30,
    "123": 30,
    "143": 30,
    "60": 30,
    "124": 31,
    "470": 31,
    "257": 31,
    "430": 31,
    "162": 31,
    "17": 32,
    "580": 32,
    "527": 32,
    "432": 32,
    "111": 32,
    "50": 33,
    "493": 33,
    "171": 33,
    "575": 33,
    "126": 33,
    "488": 34,
    "348": 34,
    "506": 34,
    "115": 34,
    "172": 34,
    "468": 35,
    "132": 35,
    "328": 35,
    "422": 35,
    "95": 35,
    "90": 36,
    "101": 36,
    "485": 36,
    "47": 36,
    "445": 36,
    "524": 37,
    "307": 37,
    "147": 37,
    "400": 37,
    "458": 37,
    "356": 38,
    "592": 38,
    "460": 38,
    "282": 38,
    "395": 38,
    "41": 39,
    "587": 39,
    "25": 39,
    "7": 39,
    "133": 39,
    "225": 40,
    "280": 40,
    "254": 40,
    "530": 40,
    "256": 40,
    "461": 41,
    "292": 41,
    "477": 41,
    "548": 41,
    "507": 41,
    "44": 42,
    "456": 42,
    "499": 42,
    "590": 42,
    "12": 42,
    "338": 43,
    "299": 43,
    "496": 43,
    "48": 43,
    "416": 43,
    "121": 44,
    "334": 44,
    "260": 44,
    "227": 44,
    "54": 44,
    "201": 45,
    "531": 45,
    "196": 45,
    "163": 45,
    "523": 45,
    "380": 46,
    "263": 46,
    "362": 46,
    "393": 46,
    "105": 46,
    "220": 47,
    "396": 47,
    "501": 47,
    "546": 47,
    "59": 47,
    "65": 48,
    "365": 48,
    "71": 48,
    "236": 48,
    "440": 48,
    "102": 49,
    "294": 49,
    "204": 49,
    "434": 49,
    "189": 49,
    "559": 50,
    "1": 50,
    "87": 50,
    "24": 50,
    "96": 50,
    "155": 51,
    "127": 51,
    "144": 51,
    "301": 51,
    "529": 51,
    "56": 52,
    "313": 52,
    "207": 52,
    "450": 52,
    "234": 52,
    "508": 53,
    "495": 53,
    "555": 53,
    "387": 53,
    "119": 53,
    "27": 54,
    "21": 54,
    "195": 54,
    "337": 54,
    "68": 54,
    "18": 55,
    "391": 55,
    "125": 55,
    "378": 55,
    "298": 55,
    "579": 56,
    "253": 56,
    "270": 56,
    "541": 56,
    "442": 56,
    "168": 57,
    "497": 57,
    "568": 57,
    "169": 57,
    "156": 57,
    "572": 58,
    "573": 58,
    "412": 58,
    "70": 58,
    "373": 58,
    "390": 59,
    "443": 59,
    "466": 59,
    "323": 59,
    "109": 59,
    "291": 60,
    "36": 60,
    "247": 60,
    "484": 60,
    "29": 60,
    "355": 61,
    "332": 61,
    "193": 61,
    "517": 61,
    "472": 61,
    "595": 62,
    "318": 62,
    "514": 62,
    "153": 62,
    "258": 62,
    "216": 63,
    "349": 63,
    "385": 63,
    "276": 63,
    "339": 63,
    "199": 64,
    "597": 64,
    "300": 64,
    "30": 64,
    "206": 64,
    "5": 65,
    "410": 65,
    "180": 65,
    "173": 65,
    "435": 65,
    "452": 66,
    "394": 66,
    "175": 66,
    "511": 66,
    "129": 66,
    "118": 67,
    "518": 67,
    "319": 67,
    "251": 67,
    "202": 67,
    "198": 68,
    "149": 68,
    "296": 68,
    "480": 68,
    "141": 68,
    "483": 69,
    "405": 69,
    "363": 69,
    "184": 69,
    "326": 69,
    "451": 70,
    "266": 70,
    "492": 70,
    "359": 70,
    "544": 70,
    "494": 71,
    "536": 71,
    "122": 71,
    "191": 71,
    "295": 71,
    "0": 72,
    "402": 72,
    "567": 72,
    "288": 72,
    "594": 72,
    "245": 73,
    "86": 73,
    "146": 73,
    "538": 73,
    "547": 73,
    "513": 74,
    "515": 74,
    "34": 74,
    "608": 74,
    "2": 74,
    "585": 75,
    "343": 75,
    "354": 75,
    "157": 75,
    "174": 75,
    "312": 76,
    "235": 76,
    "154": 76,
    "241": 76,
    "277": 76,
    "83": 77,
    "161": 77,
    "13": 77,
    "228": 77,
    "565": 77,
    "185": 78,
    "314": 78,
    "137": 78,
    "269": 78,
    "205": 78,
    "351": 79,
    "510": 79,
    "532": 79,
    "91": 79,
    "145": 79,
    "381": 80,
    "471": 80,
    "574": 80,
    "261": 80,
    "357": 80,
    "159": 81,
    "4": 81,
    "469": 81,
    "374": 81,
    "535": 81,
    "281": 82,
    "268": 82,
    "358": 82,
    "35": 82,
    "429": 82,
    "593": 83,
    "320": 83,
    "457": 83,
    "45": 83,
    "401": 83,
    "561": 84,
    "439": 84,
    "588": 84,
    "502": 84,
    "382": 84,
    "293": 85,
    "43": 85,
    "55": 85,
    "341": 85,
    "275": 85,
    "186": 86,
    "504": 86,
    "370": 86,
    "498": 86,
    "8": 86,
    "367": 87,
    "10": 87,
    "120": 87,
    "106": 87,
    "545": 87,
    "331": 88,
    "347": 88,
    "164": 88,
    "151": 88,
    "249": 88,
    "324": 89,
    "543": 89,
    "84": 89,
    "383": 89,
    "505": 89,
    "134": 90,
    "38": 90,
    "78": 90,
    "520": 90,
    "455": 90,
    "103": 91,
    "160": 91,
    "11": 91,
    "537": 91,
    "577": 91,
    "19": 92,
    "52": 92,
    "500": 92,
    "426": 92,
    "557": 92,
    "73": 93,
    "420": 93,
    "388": 93,
    "237": 93,
    "449": 93,
    "79": 94,
    "210": 94,
    "459": 94,
    "98": 94,
    "335": 94,
    "303": 95,
    "475": 95,
    "37": 95,
    "558": 95,
    "322": 95,
    "72": 96,
    "142": 96,
    "240": 96,
    "489": 96,
    "490": 96,
    "526": 97,
    "570": 97,
    "397": 97,
    "272": 97,
    "26": 97,
    "279": 98,
    "242": 98,
    "309": 98,
    "509": 98,
    "578": 98,
    "311": 99,
    "89": 99,
    "344": 99,
    "252": 99,
    "243": 99,
    "165": 100,
    "214": 100,
    "417": 100,
    "177": 100,
    "203": 100,
    "586": 101,
    "223": 101,
    "372": 101,
    "187": 101,
    "591": 101,
    "431": 102,
    "463": 102,
    "540": 102,
    "178": 102,
    "446": 102,
    "409": 103,
    "421": 103,
    "525": 103,
    "428": 103,
    "150": 103,
    "366": 104,
    "69": 104,
    "487": 104,
    "97": 104,
    "553": 104,
    "474": 105,
    "212": 105,
    "392": 105,
    "23": 105,
    "82": 105,
    "94": 106,
    "481": 106,
    "368": 106,
    "107": 106,
    "503": 106,
    "51": 107,
    "226": 107,
    "550": 107,
    "305": 107,
    "352": 107,
    "521": 108,
    "552": 108,
    "414": 108,
    "28": 108,
    "542": 108,
    "571": 109,
    "411": 109,
    "136": 109,
    "58": 109,
    "436": 109,
    "255": 110,
    "522": 110,
    "389": 110,
    "603": 110,
    "46": 110,
    "371": 111,
    "31": 111,
    "108": 111,
    "601": 111,
    "116": 111,
    "262": 112,
    "190": 112,
    "583": 112,
    "308": 112,
    "283": 112,
    "566": 113,
    "183": 113,
    "336": 113,
    "135": 113,
    "9": 113,
    "40": 114,
    "423": 114,
    "361": 114,
    "350": 114,
    "325": 114,
    "233": 115,
    "114": 115,
    "92": 115,
    "39": 115,
    "239": 115,
    "519": 116,
    "419": 116,
    "264": 116,
    "166": 116,
    "170": 116,
    "418": 117,
    "57": 117,
    "267": 117,
    "404": 117,
    "167": 117,
    "209": 118,
    "128": 118,
    "407": 118,
    "604": 118,
    "491": 118,
    "215": 119,
    "408": 119,
    "376": 119,
    "384": 119,
    "478": 119,
    "42": 120,
    "99": 120,
    "563": 120,
    "562": 120,
    "259": 120,
    "49": 121,
    "345": 121,
    "112": 121,
    "32": 121,
    "606": 121
}