{
    "413": 0,
    "479": 0,
    "67": 0,
    "607": 0,
    "560": 0,
    "287": 0,
    "589": 0,
    "27": 0,
    "88": 1,
    "441": 1,
    "310": 1,
    "244": 1,
    "213": 1,
    "477": 1,
    "507": 1,
    "332": 1,
    "473": 2,
    "131": 2,
    "289": 2,
    "569": 2,
    "198": 2,
    "468": 2,
    "327": 2,
    "220": 2,
    "609": 3,
    "297": 3,
    "278": 3,
    "138": 3,
    "62": 3,
    "246": 3,
    "330": 3,
    "140": 3,
    "598": 4,
    "424": 4,
    "329": 4,
    "353": 4,
    "427": 4,
    "134": 4,
    "218": 4,
    "433": 4,
    "605": 5,
    "16": 5,
    "192": 5,
    "415": 5,
    "74": 5,
    "398": 5,
    "285": 5,
    "109": 5,
    "379": 6,
    "238": 6,
    "219": 6,
    "20": 6,
    "229": 6,
    "572": 6,
    "14": 6,
    "128": 6,
    "602": 7,
    "3": 7,
    "100": 7,
    "464": 7,
    "534": 7,
    "117": 7,
    "267": 7,
    "531": 7,
    "447": 8,
    "221": 8,
    "375": 8,
    "551": 8,
    "77": 8,
    "521": 8,
    "210": 8,
    "281": 8,
    "104": 9,
    "232": 9,
    "465": 9,
    "444": 9,
    "240": 9,
    "365": 9,
    "416": 9,
    "299": 9,
    "248": 10,
    "61": 10,
    "211": 10,
    "364": 10,
    "351": 10,
    "72": 10,
    "550": 10,
    "474": 10,
    "181": 11,
    "286": 11,
    "194": 11,
    "197": 11,
    "130": 11,
    "60": 11,
    "448": 11,
    "321": 11,
    "273": 12,
    "75": 12,
    "360": 12,
    "165": 12,
    "81": 12,
    "294": 12,
    "300": 12,
    "369": 12,
    "317": 13,
    "581": 13,
    "377": 13,
    "188": 13,
    "208": 13,
    "556": 13,
    "432": 13,
    "64": 13,
    "386": 14,
    "22": 14,
    "15": 14,
    "453": 14,
    "80": 14,
    "284": 14,
    "501": 14,
    "179": 14,
    "231": 15,
    "539": 15,
    "6": 15,
    "76": 15,
    "406": 15,
    "85": 15,
    "580": 15,
    "438": 15,
    "304": 16,
    "399": 16,
    "316": 16,
    "600": 16,
    "226": 16,
    "417": 16,
    "527": 16,
    "514": 16,
    "176": 17,
    "158": 17,
    "152": 17,
    "425": 17,
    "516": 17,
    "489": 17,
    "307": 17,
    "582": 17,
    "482": 18,
    "333": 18,
    "222": 18,
    "66": 18,
    "486": 18,
    "592": 18,
    "541": 18,
    "253": 18,
    "110": 19,
    "113": 19,
    "340": 19,
    "549": 19,
    "518": 19,
    "280": 19,
    "305": 19,
    "460": 19,
    "476": 20,
    "148": 20,
    "230": 20,
    "302": 20,
    "440": 20,
    "68": 20,
    "422": 20,
    "493": 20,
    "139": 21,
    "403": 21,
    "454": 21,
    "462": 21,
    "346": 21,
    "169": 21,
    "511": 21,
    "529": 21,
    "306": 22,
    "584": 22,
    "342": 22,
    "292": 22,
    "434": 22,
    "132": 22,
    "564": 22,
    "548": 22,
    "533": 23,
    "290": 23,
    "271": 23,
    "470": 23,
    "400": 23,
    "153": 23,
    "458": 23,
    "70": 23,
    "599": 24,
    "315": 24,
    "467": 24,
    "217": 24,
    "348": 24,
    "86": 24,
    "93": 24,
    "241": 24,
    "274": 25,
    "250": 25,
    "512": 25,
    "254": 25,
    "323": 25,
    "53": 25,
    "282": 25,
    "395": 25,
    "437": 26,
    "33": 26,
    "528": 26,
    "10": 26,
    "388": 26,
    "47": 26,
    "154": 26,
    "43": 26,
    "596": 27,
    "576": 27,
    "265": 27,
    "224": 27,
    "182": 27,
    "78": 27,
    "378": 27,
    "506": 27,
    "554": 28,
    "200": 28,
    "334": 28,
    "123": 28,
    "393": 28,
    "270": 28,
    "391": 28,
    "129": 28,
    "17": 29,
    "111": 29,
    "361": 29,
    "496": 29,
    "236": 29,
    "362": 29,
    "87": 29,
    "392": 29,
    "63": 30,
    "143": 30,
    "101": 30,
    "587": 30,
    "385": 30,
    "335": 30,
    "125": 30,
    "164": 30,
    "124": 31,
    "257": 31,
    "430": 31,
    "162": 31,
    "48": 31,
    "29": 31,
    "328": 31,
    "318": 31,
    "488": 32,
    "115": 32,
    "172": 32,
    "358": 32,
    "530": 32,
    "568": 32,
    "144": 32,
    "163": 32,
    "461": 33,
    "25": 33,
    "495": 33,
    "256": 33,
    "193": 33,
    "156": 33,
    "119": 33,
    "127": 33,
    "90": 34,
    "485": 34,
    "445": 34,
    "207": 34,
    "469": 34,
    "320": 34,
    "234": 34,
    "298": 34,
    "524": 35,
    "147": 35,
    "189": 35,
    "195": 35,
    "204": 35,
    "505": 35,
    "105": 35,
    "394": 35,
    "356": 36,
    "59": 36,
    "263": 36,
    "288": 36,
    "314": 36,
    "363": 36,
    "141": 36,
    "405": 36,
    "50": 37,
    "171": 37,
    "575": 37,
    "126": 37,
    "227": 37,
    "439": 37,
    "146": 37,
    "597": 37,
    "44": 38,
    "456": 38,
    "499": 38,
    "590": 38,
    "12": 38,
    "578": 38,
    "96": 38,
    "429": 38,
    "338": 39,
    "442": 39,
    "21": 39,
    "510": 39,
    "122": 39,
    "337": 39,
    "24": 39,
    "466": 39,
    "121": 40,
    "260": 40,
    "54": 40,
    "1": 40,
    "532": 40,
    "443": 40,
    "373": 40,
    "196": 40,
    "201": 41,
    "95": 41,
    "523": 41,
    "266": 41,
    "71": 41,
    "30": 41,
    "546": 41,
    "573": 41,
    "225": 42,
    "538": 42,
    "515": 42,
    "349": 42,
    "175": 42,
    "517": 42,
    "402": 42,
    "36": 42,
    "41": 43,
    "7": 43,
    "133": 43,
    "484": 43,
    "55": 43,
    "173": 43,
    "45": 43,
    "191": 43,
    "380": 44,
    "34": 44,
    "555": 44,
    "184": 44,
    "497": 44,
    "269": 44,
    "276": 44,
    "594": 44,
    "155": 45,
    "301": 45,
    "149": 45,
    "396": 45,
    "544": 45,
    "261": 45,
    "608": 45,
    "205": 45,
    "65": 46,
    "258": 46,
    "295": 46,
    "202": 46,
    "296": 46,
    "177": 46,
    "339": 46,
    "450": 46,
    "102": 47,
    "4": 47,
    "567": 47,
    "91": 47,
    "275": 47,
    "145": 47,
    "206": 47,
    "471": 47,
    "56": 48,
    "313": 48,
    "540": 48,
    "272": 48,
    "114": 48,
    "492": 48,
    "480": 48,
    "37": 48,
    "559": 49,
    "472": 49,
    "319": 49,
    "343": 49,
    "203": 49,
    "547": 49,
    "536": 49,
    "525": 49,
    "579": 50,
    "426": 50,
    "354": 50,
    "268": 50,
    "120": 50,
    "8": 50,
    "359": 50,
    "13": 50,
    "168": 51,
    "387": 51,
    "174": 51,
    "475": 51,
    "228": 51,
    "520": 51,
    "457": 51,
    "543": 51,
    "390": 52,
    "420": 52,
    "38": 52,
    "249": 52,
    "535": 52,
    "574": 52,
    "35": 52,
    "383": 52,
    "508": 53,
    "251": 53,
    "247": 53,
    "157": 53,
    "537": 53,
    "11": 53,
    "137": 53,
    "277": 53,
    "18": 54,
    "341": 54,
    "382": 54,
    "235": 54,
    "283": 54,
    "223": 54,
    "374": 54,
    "160": 54,
    "118": 55,
    "2": 55,
    "577": 55,
    "84": 55,
    "106": 55,
    "412": 55,
    "357": 55,
    "142": 55,
    "291": 56,
    "401": 56,
    "242": 56,
    "178": 56,
    "500": 56,
    "588": 56,
    "591": 56,
    "322": 56,
    "355": 57,
    "23": 57,
    "370": 57,
    "214": 57,
    "498": 57,
    "397": 57,
    "52": 57,
    "368": 57,
    "452": 58,
    "326": 58,
    "565": 58,
    "449": 58,
    "455": 58,
    "372": 58,
    "446": 58,
    "108": 58,
    "595": 59,
    "459": 59,
    "504": 59,
    "82": 59,
    "97": 59,
    "151": 59,
    "557": 59,
    "237": 59,
    "199": 60,
    "503": 60,
    "490": 60,
    "98": 60,
    "161": 60,
    "481": 60,
    "309": 60,
    "414": 60,
    "216": 61,
    "435": 61,
    "26": 61,
    "150": 61,
    "180": 61,
    "92": 61,
    "352": 61,
    "428": 61,
    "494": 62,
    "69": 62,
    "46": 62,
    "502": 62,
    "545": 62,
    "509": 62,
    "421": 62,
    "252": 62,
    "83": 63,
    "410": 63,
    "436": 63,
    "384": 63,
    "583": 63,
    "116": 63,
    "187": 63,
    "190": 63,
    "451": 64,
    "243": 64,
    "606": 64,
    "570": 64,
    "463": 64,
    "264": 64,
    "411": 64,
    "89": 64,
    "5": 65,
    "57": 65,
    "558": 65,
    "135": 65,
    "601": 65,
    "39": 65,
    "603": 65,
    "239": 65,
    "0": 66,
    "347": 66,
    "170": 66,
    "344": 66,
    "58": 66,
    "28": 66,
    "31": 66,
    "336": 66,
    "245": 67,
    "389": 67,
    "522": 67,
    "212": 67,
    "350": 67,
    "107": 67,
    "542": 67,
    "419": 67,
    "585": 68,
    "209": 68,
    "9": 68,
    "407": 68,
    "183": 68,
    "308": 68,
    "566": 68,
    "552": 68,
    "483": 69,
    "423": 69,
    "553": 69,
    "563": 69,
    "279": 69,
    "404": 69,
    "487": 69,
    "491": 69,
    "513": 70,
    "136": 70,
    "408": 70,
    "99": 70,
    "215": 70,
    "166": 70,
    "167": 70,
    "376": 70,
    "381": 71,
    "604": 71,
    "51": 71,
    "478": 71,
    "32": 71,
    "345": 71,
    "255": 71,
    "259": 71,
    "312": 72,
    "311": 72,
    "519": 72,
    "371": 72,
    "233": 72,
    "94": 72,
    "159": 72,
    "185": 72,
    "103": 73,
    "562": 73,
    "262": 73,
    "49": 73,
    "112": 73,
    "42": 73,
    "40": 73,
    "19": 73,
    "593": 74,
    "303": 74,
    "418": 74,
    "325": 74,
    "571": 74,
    "586": 74,
    "526": 74,
    "431": 74,
    "186": 75,
    "331": 75,
    "409": 75,
    "73": 75,
    "79": 75,
    "324": 75,
    "366": 75,
    "561": 75
}