{
    "328": 0,
    "389": 0,
    "51": 0,
    "235": 0,
    "227": 0,
    "485": 0,
    "48": 0,
    "450": 0,
    "244": 0,
    "472": 0,
    "174": 0,
    "17": 0,
    "65": 1,
    "354": 1,
    "196": 1,
    "409": 1,
    "257": 1,
    "97": 1,
    "343": 1,
    "222": 1,
    "265": 1,
    "170": 1,
    "231": 1,
    "248": 1,
    "384": 2,
    "156": 2,
    "101": 2,
    "209": 2,
    "176": 2,
    "479": 2,
    "285": 2,
    "396": 2,
    "106": 2,
    "261": 2,
    "417": 2,
    "474": 2,
    "487": 3,
    "220": 3,
    "198": 3,
    "110": 3,
    "108": 3,
    "263": 3,
    "346": 3,
    "441": 3,
    "27": 3,
    "47": 3,
    "58": 3,
    "466": 3,
    "359": 4,
    "177": 4,
    "294": 4,
    "290": 4,
    "347": 4,
    "341": 4,
    "184": 4,
    "255": 4,
    "129": 4,
    "87": 4,
    "167": 4,
    "316": 4,
    "482": 5,
    "61": 5,
    "89": 5,
    "71": 5,
    "98": 5,
    "437": 5,
    "262": 5,
    "2": 5,
    "164": 5,
    "225": 5,
    "476": 5,
    "408": 5,
    "215": 6,
    "338": 6,
    "282": 6,
    "175": 6,
    "226": 6,
    "266": 6,
    "433": 6,
    "9": 6,
    "169": 6,
    "83": 6,
    "116": 6,
    "207": 6,
    "141": 7,
    "152": 7,
    "45": 7,
    "411": 7,
    "102": 7,
    "360": 7,
    "314": 7,
    "54": 7,
    "150": 7,
    "13": 7,
    "100": 7,
    "39": 7,
    "199": 8,
    "46": 8,
    "168": 8,
    "12": 8,
    "376": 8,
    "385": 8,
    "55": 8,
    "312": 8,
    "186": 8,
    "302": 8,
    "4": 8,
    "19": 8,
    "307": 9,
    "365": 9,
    "330": 9,
    "277": 9,
    "250": 9,
    "57": 9,
    "402": 9,
    "345": 9,
    "206": 9,
    "63": 9,
    "298": 9,
    "291": 9,
    "242": 10,
    "252": 10,
    "324": 10,
    "317": 10,
    "181": 10,
    "233": 10,
    "118": 10,
    "289": 10,
    "412": 10,
    "454": 10,
    "465": 10,
    "237": 10,
    "137": 11,
    "123": 11,
    "318": 11,
    "467": 11,
    "339": 11,
    "236": 11,
    "381": 11,
    "245": 11,
    "112": 11,
    "143": 11,
    "269": 11,
    "202": 11,
    "391": 12,
    "178": 12,
    "50": 12,
    "234": 12,
    "147": 12,
    "162": 12,
    "446": 12,
    "432": 12,
    "213": 12,
    "59": 12,
    "439": 12,
    "60": 12,
    "216": 13,
    "203": 13,
    "179": 13,
    "405": 13,
    "219": 13,
    "91": 13,
    "121": 13,
    "205": 13,
    "201": 13,
    "44": 13,
    "151": 13,
    "416": 13,
    "185": 14,
    "351": 14,
    "146": 14,
    "373": 14,
    "153": 14,
    "286": 14,
    "357": 14,
    "85": 14,
    "160": 14,
    "355": 14,
    "336": 14,
    "14": 14,
    "445": 15,
    "158": 15,
    "267": 15,
    "154": 15,
    "223": 15,
    "313": 15,
    "24": 15,
    "94": 15,
    "69": 15,
    "182": 15,
    "76": 15,
    "194": 15,
    "387": 16,
    "240": 16,
    "353": 16,
    "287": 16,
    "352": 16,
    "15": 16,
    "165": 16,
    "111": 16,
    "190": 16,
    "425": 16,
    "303": 16,
    "457": 16,
    "82": 17,
    "453": 17,
    "398": 17,
    "230": 17,
    "372": 17,
    "115": 17,
    "440": 17,
    "271": 17,
    "323": 17,
    "40": 17,
    "243": 17,
    "370": 17,
    "428": 18,
    "79": 18,
    "119": 18,
    "133": 18,
    "33": 18,
    "273": 18,
    "103": 18,
    "99": 18,
    "254": 18,
    "311": 18,
    "34": 18,
    "459": 18,
    "478": 19,
    "127": 19,
    "6": 19,
    "134": 19,
    "426": 19,
    "400": 19,
    "239": 19,
    "315": 19,
    "427": 19,
    "276": 19,
    "283": 19,
    "306": 19,
    "109": 20,
    "321": 20,
    "96": 20,
    "366": 20,
    "403": 20,
    "278": 20,
    "92": 20,
    "319": 20,
    "413": 20,
    "378": 20,
    "23": 20,
    "362": 20,
    "95": 21,
    "415": 21,
    "486": 21,
    "461": 21,
    "114": 21,
    "204": 21,
    "253": 21,
    "67": 21,
    "436": 21,
    "401": 21,
    "438": 21,
    "383": 21,
    "350": 22,
    "218": 22,
    "393": 22,
    "368": 22,
    "394": 22,
    "139": 22,
    "29": 22,
    "279": 22,
    "473": 22,
    "299": 22,
    "31": 22,
    "195": 22,
    "120": 23,
    "163": 23,
    "390": 23,
    "228": 23,
    "64": 23,
    "81": 23,
    "117": 23,
    "149": 23,
    "377": 23,
    "288": 23,
    "470": 23,
    "342": 23,
    "30": 24,
    "217": 24,
    "41": 24,
    "463": 24,
    "86": 24,
    "214": 24,
    "211": 24,
    "52": 24,
    "188": 24,
    "75": 24,
    "135": 24,
    "20": 24,
    "36": 25,
    "212": 25,
    "122": 25,
    "404": 25,
    "113": 25,
    "251": 25,
    "107": 25,
    "361": 25,
    "460": 25,
    "1": 25,
    "208": 25,
    "191": 25,
    "422": 26,
    "430": 26,
    "431": 26,
    "423": 26,
    "397": 26,
    "136": 26,
    "200": 26,
    "238": 26,
    "189": 26,
    "332": 26,
    "308": 26,
    "320": 26,
    "379": 27,
    "334": 27,
    "429": 27,
    "210": 27,
    "382": 27,
    "471": 27,
    "406": 27,
    "295": 27,
    "53": 27,
    "128": 27,
    "172": 27,
    "329": 27,
    "270": 28,
    "331": 28,
    "480": 28,
    "138": 28,
    "193": 28,
    "18": 28,
    "72": 28,
    "327": 28,
    "5": 28,
    "260": 28,
    "371": 28,
    "161": 28,
    "42": 29,
    "421": 29,
    "3": 29,
    "25": 29,
    "125": 29,
    "435": 29,
    "356": 29,
    "380": 29,
    "367": 29,
    "448": 29,
    "348": 29,
    "16": 29,
    "304": 30,
    "340": 30,
    "272": 30,
    "8": 30,
    "386": 30,
    "407": 30,
    "455": 30,
    "484": 30,
    "171": 30,
    "183": 30,
    "462": 30,
    "38": 30,
    "159": 31,
    "256": 31,
    "126": 31,
    "358": 31,
    "297": 31,
    "349": 31,
    "7": 31,
    "296": 31,
    "369": 31,
    "247": 31,
    "73": 31,
    "375": 31,
    "93": 32,
    "337": 32,
    "443": 32,
    "322": 32,
    "447": 32,
    "281": 32,
    "419": 32,
    "66": 32,
    "335": 32,
    "140": 32,
    "132": 32,
    "483": 32,
    "229": 33,
    "458": 33,
    "130": 33,
    "246": 33,
    "274": 33,
    "444": 33,
    "43": 33,
    "148": 33,
    "21": 33,
    "80": 33,
    "326": 33,
    "481": 33,
    "449": 34,
    "309": 34,
    "280": 34,
    "32": 34,
    "374": 34,
    "37": 34,
    "420": 34,
    "434": 34,
    "224": 34,
    "442": 34,
    "300": 34,
    "333": 34,
    "10": 35,
    "68": 35,
    "468": 35,
    "105": 35,
    "192": 35,
    "88": 35,
    "268": 35,
    "26": 35,
    "187": 35,
    "241": 35,
    "418": 35,
    "232": 35,
    "180": 36,
    "395": 36,
    "74": 36,
    "157": 36,
    "70": 36,
    "221": 36,
    "28": 36,
    "399": 36,
    "388": 36,
    "155": 36,
    "104": 36,
    "325": 36,
    "477": 37,
    "166": 37,
    "456": 37,
    "142": 37,
    "469": 37,
    "62": 37,
    "301": 37,
    "35": 37,
    "264": 37,
    "22": 37,
    "452": 37,
    "259": 37,
    "464": 38,
    "344": 38,
    "145": 38,
    "275": 38,
    "284": 38,
    "84": 38,
    "363": 38,
    "249": 38,
    "293": 38,
    "364": 38,
    "144": 38,
    "124": 38,
    "414": 39,
    "424": 39,
    "292": 39,
    "451": 39,
    "78": 39,
    "11": 39,
    "258": 39,
    "90": 39,
    "0": 39,
    "475": 39,
    "197": 39,
    "56": 39
}