{
    "328": 0,
    "389": 0,
    "51": 0,
    "235": 0,
    "227": 0,
    "485": 0,
    "48": 0,
    "450": 0,
    "244": 0,
    "472": 0,
    "174": 0,
    "17": 0,
    "422": 0,
    "180": 0,
    "338": 0,
    "65": 1,
    "354": 1,
    "196": 1,
    "409": 1,
    "257": 1,
    "97": 1,
    "343": 1,
    "222": 1,
    "265": 1,
    "170": 1,
    "231": 1,
    "248": 1,
    "204": 1,
    "262": 1,
    "114": 1,
    "384": 2,
    "156": 2,
    "101": 2,
    "209": 2,
    "176": 2,
    "479": 2,
    "285": 2,
    "396": 2,
    "106": 2,
    "261": 2,
    "417": 2,
    "474": 2,
    "255": 2,
    "120": 2,
    "395": 2,
    "487": 3,
    "220": 3,
    "198": 3,
    "110": 3,
    "108": 3,
    "263": 3,
    "346": 3,
    "441": 3,
    "27": 3,
    "47": 3,
    "58": 3,
    "466": 3,
    "252": 3,
    "168": 3,
    "317": 3,
    "359": 4,
    "177": 4,
    "294": 4,
    "290": 4,
    "347": 4,
    "341": 4,
    "184": 4,
    "129": 4,
    "87": 4,
    "167": 4,
    "316": 4,
    "300": 4,
    "60": 4,
    "59": 4,
    "291": 4,
    "482": 5,
    "61": 5,
    "89": 5,
    "71": 5,
    "98": 5,
    "437": 5,
    "2": 5,
    "164": 5,
    "225": 5,
    "476": 5,
    "408": 5,
    "211": 5,
    "439": 5,
    "454": 5,
    "208": 5,
    "215": 6,
    "282": 6,
    "175": 6,
    "226": 6,
    "266": 6,
    "433": 6,
    "9": 6,
    "169": 6,
    "83": 6,
    "116": 6,
    "207": 6,
    "45": 6,
    "100": 6,
    "276": 6,
    "303": 6,
    "141": 7,
    "152": 7,
    "411": 7,
    "102": 7,
    "360": 7,
    "314": 7,
    "54": 7,
    "150": 7,
    "13": 7,
    "39": 7,
    "205": 7,
    "470": 7,
    "155": 7,
    "402": 7,
    "63": 7,
    "199": 8,
    "46": 8,
    "12": 8,
    "376": 8,
    "385": 8,
    "55": 8,
    "312": 8,
    "186": 8,
    "302": 8,
    "4": 8,
    "19": 8,
    "90": 8,
    "62": 8,
    "353": 8,
    "178": 8,
    "307": 9,
    "365": 9,
    "330": 9,
    "277": 9,
    "250": 9,
    "57": 9,
    "345": 9,
    "206": 9,
    "298": 9,
    "427": 9,
    "203": 9,
    "457": 9,
    "251": 9,
    "44": 9,
    "64": 9,
    "242": 10,
    "324": 10,
    "181": 10,
    "233": 10,
    "118": 10,
    "289": 10,
    "412": 10,
    "465": 10,
    "237": 10,
    "357": 10,
    "331": 10,
    "440": 10,
    "154": 10,
    "234": 10,
    "432": 10,
    "137": 11,
    "123": 11,
    "318": 11,
    "467": 11,
    "339": 11,
    "236": 11,
    "381": 11,
    "245": 11,
    "112": 11,
    "143": 11,
    "269": 11,
    "202": 11,
    "121": 11,
    "94": 11,
    "162": 11,
    "391": 12,
    "50": 12,
    "147": 12,
    "446": 12,
    "213": 12,
    "351": 12,
    "336": 12,
    "85": 12,
    "79": 12,
    "431": 12,
    "91": 12,
    "372": 12,
    "332": 12,
    "230": 12,
    "355": 12,
    "216": 13,
    "179": 13,
    "405": 13,
    "219": 13,
    "201": 13,
    "151": 13,
    "416": 13,
    "223": 13,
    "311": 13,
    "313": 13,
    "146": 13,
    "133": 13,
    "40": 13,
    "401": 13,
    "200": 13,
    "185": 14,
    "373": 14,
    "153": 14,
    "286": 14,
    "160": 14,
    "14": 14,
    "128": 14,
    "33": 14,
    "15": 14,
    "134": 14,
    "438": 14,
    "34": 14,
    "24": 14,
    "273": 14,
    "165": 14,
    "445": 15,
    "158": 15,
    "267": 15,
    "69": 15,
    "182": 15,
    "76": 15,
    "194": 15,
    "459": 15,
    "99": 15,
    "378": 15,
    "92": 15,
    "426": 15,
    "279": 15,
    "96": 15,
    "486": 15,
    "387": 16,
    "240": 16,
    "287": 16,
    "352": 16,
    "111": 16,
    "190": 16,
    "425": 16,
    "254": 16,
    "368": 16,
    "228": 16,
    "217": 16,
    "41": 16,
    "406": 16,
    "113": 16,
    "117": 16,
    "82": 17,
    "453": 17,
    "398": 17,
    "115": 17,
    "271": 17,
    "323": 17,
    "243": 17,
    "370": 17,
    "383": 17,
    "415": 17,
    "122": 17,
    "67": 17,
    "119": 17,
    "253": 17,
    "461": 17,
    "428": 18,
    "103": 18,
    "278": 18,
    "393": 18,
    "436": 18,
    "473": 18,
    "390": 18,
    "127": 18,
    "218": 18,
    "283": 18,
    "377": 18,
    "308": 18,
    "107": 18,
    "23": 18,
    "125": 18,
    "478": 19,
    "6": 19,
    "400": 19,
    "239": 19,
    "315": 19,
    "306": 19,
    "189": 19,
    "171": 19,
    "321": 19,
    "361": 19,
    "334": 19,
    "356": 19,
    "403": 19,
    "296": 19,
    "149": 19,
    "109": 20,
    "366": 20,
    "319": 20,
    "413": 20,
    "362": 20,
    "3": 20,
    "188": 20,
    "8": 20,
    "380": 20,
    "471": 20,
    "429": 20,
    "191": 20,
    "340": 20,
    "25": 20,
    "435": 20,
    "95": 21,
    "288": 21,
    "382": 21,
    "136": 21,
    "423": 21,
    "460": 21,
    "212": 21,
    "320": 21,
    "1": 21,
    "163": 21,
    "5": 21,
    "299": 21,
    "404": 21,
    "430": 21,
    "462": 21,
    "350": 22,
    "394": 22,
    "139": 22,
    "29": 22,
    "31": 22,
    "195": 22,
    "369": 22,
    "238": 22,
    "135": 22,
    "342": 22,
    "448": 22,
    "358": 22,
    "367": 22,
    "86": 22,
    "68": 22,
    "379": 23,
    "52": 23,
    "81": 23,
    "210": 23,
    "20": 23,
    "295": 23,
    "53": 23,
    "172": 23,
    "329": 23,
    "375": 23,
    "335": 23,
    "130": 23,
    "444": 23,
    "75": 23,
    "458": 23,
    "30": 24,
    "463": 24,
    "214": 24,
    "386": 24,
    "241": 24,
    "443": 24,
    "421": 24,
    "455": 24,
    "272": 24,
    "183": 24,
    "260": 24,
    "374": 24,
    "88": 24,
    "224": 24,
    "281": 24,
    "36": 25,
    "38": 25,
    "274": 25,
    "7": 25,
    "73": 25,
    "126": 25,
    "447": 25,
    "18": 25,
    "247": 25,
    "256": 25,
    "140": 25,
    "66": 25,
    "397": 25,
    "297": 25,
    "348": 25,
    "93": 26,
    "161": 26,
    "337": 26,
    "322": 26,
    "193": 26,
    "371": 26,
    "327": 26,
    "419": 26,
    "138": 26,
    "132": 26,
    "407": 26,
    "483": 26,
    "21": 26,
    "442": 26,
    "309": 26,
    "159": 27,
    "16": 27,
    "349": 27,
    "43": 27,
    "326": 27,
    "481": 27,
    "148": 27,
    "32": 27,
    "468": 27,
    "80": 27,
    "246": 27,
    "26": 27,
    "105": 27,
    "268": 27,
    "22": 27,
    "304": 28,
    "484": 28,
    "480": 28,
    "72": 28,
    "420": 28,
    "434": 28,
    "333": 28,
    "192": 28,
    "221": 28,
    "74": 28,
    "11": 28,
    "157": 28,
    "280": 28,
    "418": 28,
    "325": 28,
    "229": 29,
    "275": 29,
    "84": 29,
    "301": 29,
    "399": 29,
    "35": 29,
    "388": 29,
    "424": 29,
    "292": 29,
    "264": 29,
    "142": 29,
    "70": 29,
    "293": 29,
    "456": 29,
    "28": 29,
    "42": 30,
    "232": 30,
    "104": 30,
    "187": 30,
    "144": 30,
    "363": 30,
    "10": 30,
    "173": 30,
    "124": 30,
    "0": 30,
    "452": 30,
    "166": 30,
    "249": 30,
    "78": 30,
    "364": 30,
    "270": 31,
    "259": 31,
    "37": 31,
    "344": 31,
    "56": 31,
    "145": 31,
    "305": 31,
    "197": 31,
    "451": 31,
    "284": 31,
    "469": 31,
    "477": 31,
    "449": 31,
    "77": 31,
    "414": 31
}