{
    "328": 0,
    "389": 0,
    "51": 0,
    "235": 0,
    "227": 0,
    "485": 0,
    "48": 0,
    "450": 0,
    "244": 0,
    "472": 0,
    "174": 0,
    "17": 0,
    "422": 0,
    "180": 0,
    "338": 0,
    "284": 0,
    "464": 0,
    "350": 0,
    "30": 0,
    "101": 0,
    "65": 1,
    "354": 1,
    "196": 1,
    "409": 1,
    "257": 1,
    "97": 1,
    "343": 1,
    "222": 1,
    "265": 1,
    "170": 1,
    "231": 1,
    "248": 1,
    "204": 1,
    "262": 1,
    "114": 1,
    "164": 1,
    "151": 1,
    "63": 1,
    "323": 1,
    "461": 1,
    "384": 2,
    "156": 2,
    "209": 2,
    "176": 2,
    "479": 2,
    "285": 2,
    "396": 2,
    "106": 2,
    "261": 2,
    "417": 2,
    "474": 2,
    "255": 2,
    "120": 2,
    "395": 2,
    "407": 2,
    "282": 2,
    "74": 2,
    "229": 2,
    "264": 2,
    "178": 2,
    "487": 3,
    "220": 3,
    "198": 3,
    "110": 3,
    "108": 3,
    "263": 3,
    "346": 3,
    "441": 3,
    "27": 3,
    "47": 3,
    "58": 3,
    "466": 3,
    "252": 3,
    "168": 3,
    "317": 3,
    "167": 3,
    "186": 3,
    "376": 3,
    "266": 3,
    "419": 3,
    "359": 4,
    "177": 4,
    "294": 4,
    "290": 4,
    "347": 4,
    "341": 4,
    "184": 4,
    "129": 4,
    "87": 4,
    "316": 4,
    "300": 4,
    "60": 4,
    "59": 4,
    "291": 4,
    "302": 4,
    "9": 4,
    "146": 4,
    "260": 4,
    "411": 4,
    "324": 4,
    "482": 5,
    "61": 5,
    "89": 5,
    "71": 5,
    "98": 5,
    "437": 5,
    "2": 5,
    "225": 5,
    "476": 5,
    "408": 5,
    "211": 5,
    "439": 5,
    "454": 5,
    "208": 5,
    "427": 5,
    "102": 5,
    "91": 5,
    "13": 5,
    "336": 5,
    "154": 5,
    "215": 6,
    "175": 6,
    "226": 6,
    "433": 6,
    "169": 6,
    "83": 6,
    "116": 6,
    "207": 6,
    "45": 6,
    "100": 6,
    "276": 6,
    "303": 6,
    "357": 6,
    "365": 6,
    "361": 6,
    "443": 6,
    "251": 6,
    "373": 6,
    "94": 6,
    "470": 6,
    "141": 7,
    "152": 7,
    "360": 7,
    "314": 7,
    "54": 7,
    "150": 7,
    "39": 7,
    "205": 7,
    "155": 7,
    "402": 7,
    "345": 7,
    "239": 7,
    "330": 7,
    "127": 7,
    "233": 7,
    "313": 7,
    "15": 7,
    "356": 7,
    "393": 7,
    "133": 7,
    "199": 8,
    "46": 8,
    "12": 8,
    "385": 8,
    "55": 8,
    "312": 8,
    "4": 8,
    "19": 8,
    "90": 8,
    "62": 8,
    "353": 8,
    "432": 8,
    "85": 8,
    "115": 8,
    "456": 8,
    "230": 8,
    "37": 8,
    "381": 8,
    "355": 8,
    "119": 8,
    "307": 9,
    "277": 9,
    "250": 9,
    "57": 9,
    "206": 9,
    "298": 9,
    "203": 9,
    "457": 9,
    "44": 9,
    "64": 9,
    "275": 9,
    "81": 9,
    "134": 9,
    "315": 9,
    "416": 9,
    "24": 9,
    "337": 9,
    "311": 9,
    "352": 9,
    "236": 9,
    "137": 10,
    "123": 10,
    "318": 10,
    "467": 10,
    "339": 10,
    "245": 10,
    "112": 10,
    "143": 10,
    "269": 10,
    "202": 10,
    "121": 10,
    "162": 10,
    "372": 10,
    "370": 10,
    "72": 10,
    "283": 10,
    "398": 10,
    "430": 10,
    "79": 10,
    "113": 10,
    "242": 11,
    "181": 11,
    "289": 11,
    "118": 11,
    "412": 11,
    "465": 11,
    "237": 11,
    "331": 11,
    "440": 11,
    "234": 11,
    "415": 11,
    "267": 11,
    "213": 11,
    "190": 11,
    "34": 11,
    "153": 11,
    "147": 11,
    "201": 11,
    "351": 11,
    "40": 11,
    "391": 12,
    "50": 12,
    "446": 12,
    "431": 12,
    "332": 12,
    "238": 12,
    "287": 12,
    "33": 12,
    "99": 12,
    "182": 12,
    "423": 12,
    "378": 12,
    "253": 12,
    "96": 12,
    "165": 12,
    "401": 12,
    "425": 12,
    "459": 12,
    "195": 12,
    "480": 12,
    "216": 13,
    "179": 13,
    "405": 13,
    "219": 13,
    "223": 13,
    "200": 13,
    "473": 13,
    "212": 13,
    "228": 13,
    "377": 13,
    "240": 13,
    "163": 13,
    "279": 13,
    "117": 13,
    "368": 13,
    "436": 13,
    "23": 13,
    "171": 13,
    "460": 13,
    "334": 13,
    "185": 14,
    "286": 14,
    "160": 14,
    "14": 14,
    "128": 14,
    "438": 14,
    "273": 14,
    "327": 14,
    "340": 14,
    "371": 14,
    "69": 14,
    "390": 14,
    "486": 14,
    "383": 14,
    "299": 14,
    "111": 14,
    "138": 14,
    "308": 14,
    "67": 14,
    "342": 14,
    "445": 15,
    "158": 15,
    "76": 15,
    "194": 15,
    "92": 15,
    "426": 15,
    "254": 15,
    "413": 15,
    "41": 15,
    "139": 15,
    "366": 15,
    "103": 15,
    "403": 15,
    "278": 15,
    "218": 15,
    "321": 15,
    "217": 15,
    "406": 15,
    "149": 15,
    "52": 15,
    "387": 16,
    "5": 16,
    "295": 16,
    "161": 16,
    "362": 16,
    "214": 16,
    "471": 16,
    "320": 16,
    "188": 16,
    "394": 16,
    "429": 16,
    "6": 16,
    "397": 16,
    "306": 16,
    "122": 16,
    "20": 16,
    "135": 16,
    "435": 16,
    "288": 16,
    "329": 16,
    "82": 17,
    "453": 17,
    "271": 17,
    "243": 17,
    "136": 17,
    "107": 17,
    "189": 17,
    "382": 17,
    "7": 17,
    "404": 17,
    "1": 17,
    "462": 17,
    "125": 17,
    "272": 17,
    "38": 17,
    "3": 17,
    "8": 17,
    "29": 17,
    "367": 17,
    "319": 17,
    "478": 18,
    "400": 18,
    "296": 18,
    "421": 18,
    "53": 18,
    "455": 18,
    "247": 18,
    "375": 18,
    "380": 18,
    "75": 18,
    "25": 18,
    "349": 18,
    "86": 18,
    "140": 18,
    "31": 18,
    "191": 18,
    "458": 18,
    "183": 18,
    "386": 18,
    "369": 18,
    "428": 19,
    "256": 19,
    "463": 19,
    "126": 19,
    "484": 19,
    "73": 19,
    "420": 19,
    "281": 19,
    "358": 19,
    "348": 19,
    "448": 19,
    "447": 19,
    "468": 19,
    "68": 19,
    "483": 19,
    "224": 19,
    "80": 19,
    "274": 19,
    "434": 19,
    "374": 19,
    "109": 20,
    "481": 20,
    "16": 20,
    "326": 20,
    "297": 20,
    "335": 20,
    "18": 20,
    "246": 20,
    "88": 20,
    "21": 20,
    "442": 20,
    "105": 20,
    "444": 20,
    "32": 20,
    "66": 20,
    "268": 20,
    "26": 20,
    "241": 20,
    "148": 20,
    "309": 20,
    "95": 21,
    "193": 21,
    "322": 21,
    "280": 21,
    "142": 21,
    "210": 21,
    "132": 21,
    "35": 21,
    "333": 21,
    "130": 21,
    "166": 21,
    "259": 21,
    "43": 21,
    "301": 21,
    "325": 21,
    "399": 21,
    "192": 21,
    "418": 21,
    "452": 21,
    "22": 21,
    "270": 22,
    "344": 22,
    "70": 22,
    "84": 22,
    "221": 22,
    "172": 22,
    "56": 22,
    "388": 22,
    "28": 22,
    "187": 22,
    "145": 22,
    "292": 22,
    "424": 22,
    "305": 22,
    "197": 22,
    "78": 22,
    "451": 22,
    "104": 22,
    "293": 22,
    "11": 22,
    "36": 23,
    "232": 23,
    "258": 23,
    "249": 23,
    "144": 23,
    "475": 23,
    "363": 23,
    "124": 23,
    "10": 23,
    "364": 23,
    "392": 23,
    "173": 23,
    "469": 23,
    "0": 23,
    "157": 23,
    "414": 23,
    "42": 23,
    "49": 23,
    "131": 23,
    "379": 23
}