{
    "328": 0,
    "389": 0,
    "51": 0,
    "235": 0,
    "227": 0,
    "485": 0,
    "48": 0,
    "450": 0,
    "244": 0,
    "472": 0,
    "174": 0,
    "17": 0,
    "422": 0,
    "180": 0,
    "338": 0,
    "284": 0,
    "464": 0,
    "350": 0,
    "30": 0,
    "101": 0,
    "479": 0,
    "185": 0,
    "304": 0,
    "10": 0,
    "215": 0,
    "65": 1,
    "354": 1,
    "196": 1,
    "409": 1,
    "257": 1,
    "97": 1,
    "343": 1,
    "222": 1,
    "265": 1,
    "170": 1,
    "231": 1,
    "248": 1,
    "204": 1,
    "262": 1,
    "114": 1,
    "164": 1,
    "151": 1,
    "63": 1,
    "323": 1,
    "461": 1,
    "311": 1,
    "91": 1,
    "313": 1,
    "436": 1,
    "121": 1,
    "384": 2,
    "156": 2,
    "209": 2,
    "176": 2,
    "285": 2,
    "396": 2,
    "106": 2,
    "261": 2,
    "417": 2,
    "474": 2,
    "255": 2,
    "120": 2,
    "395": 2,
    "407": 2,
    "282": 2,
    "74": 2,
    "229": 2,
    "264": 2,
    "178": 2,
    "238": 2,
    "266": 2,
    "246": 2,
    "310": 2,
    "155": 2,
    "226": 2,
    "487": 3,
    "220": 3,
    "198": 3,
    "110": 3,
    "108": 3,
    "263": 3,
    "346": 3,
    "441": 3,
    "27": 3,
    "47": 3,
    "58": 3,
    "466": 3,
    "252": 3,
    "168": 3,
    "317": 3,
    "167": 3,
    "186": 3,
    "376": 3,
    "419": 3,
    "302": 3,
    "62": 3,
    "100": 3,
    "9": 3,
    "290": 3,
    "312": 3,
    "359": 4,
    "177": 4,
    "294": 4,
    "347": 4,
    "341": 4,
    "184": 4,
    "129": 4,
    "87": 4,
    "316": 4,
    "300": 4,
    "60": 4,
    "59": 4,
    "291": 4,
    "146": 4,
    "260": 4,
    "411": 4,
    "324": 4,
    "401": 4,
    "4": 4,
    "223": 4,
    "116": 4,
    "71": 4,
    "94": 4,
    "251": 4,
    "19": 4,
    "482": 5,
    "61": 5,
    "89": 5,
    "98": 5,
    "437": 5,
    "2": 5,
    "225": 5,
    "476": 5,
    "408": 5,
    "211": 5,
    "439": 5,
    "454": 5,
    "208": 5,
    "427": 5,
    "102": 5,
    "13": 5,
    "336": 5,
    "154": 5,
    "377": 5,
    "283": 5,
    "236": 5,
    "352": 5,
    "39": 5,
    "203": 5,
    "351": 5,
    "199": 6,
    "46": 6,
    "12": 6,
    "385": 6,
    "55": 6,
    "175": 6,
    "90": 6,
    "169": 6,
    "353": 6,
    "432": 6,
    "85": 6,
    "115": 6,
    "456": 6,
    "230": 6,
    "37": 6,
    "381": 6,
    "355": 6,
    "119": 6,
    "440": 6,
    "331": 6,
    "253": 6,
    "480": 6,
    "213": 6,
    "402": 6,
    "181": 6,
    "141": 7,
    "152": 7,
    "45": 7,
    "360": 7,
    "314": 7,
    "54": 7,
    "150": 7,
    "205": 7,
    "470": 7,
    "345": 7,
    "303": 7,
    "239": 7,
    "330": 7,
    "127": 7,
    "233": 7,
    "15": 7,
    "356": 7,
    "393": 7,
    "133": 7,
    "293": 7,
    "372": 7,
    "405": 7,
    "298": 7,
    "75": 7,
    "134": 7,
    "307": 8,
    "365": 8,
    "277": 8,
    "250": 8,
    "57": 8,
    "206": 8,
    "457": 8,
    "44": 8,
    "64": 8,
    "275": 8,
    "81": 8,
    "315": 8,
    "416": 8,
    "24": 8,
    "337": 8,
    "267": 8,
    "189": 8,
    "40": 8,
    "228": 8,
    "269": 8,
    "165": 8,
    "182": 8,
    "122": 8,
    "486": 8,
    "103": 8,
    "82": 9,
    "453": 9,
    "398": 9,
    "467": 9,
    "162": 9,
    "271": 9,
    "243": 9,
    "446": 9,
    "370": 9,
    "112": 9,
    "34": 9,
    "431": 9,
    "79": 9,
    "318": 9,
    "465": 9,
    "383": 9,
    "415": 9,
    "113": 9,
    "286": 9,
    "67": 9,
    "459": 9,
    "237": 9,
    "147": 9,
    "430": 9,
    "245": 9,
    "242": 10,
    "118": 10,
    "289": 10,
    "412": 10,
    "83": 10,
    "357": 10,
    "234": 10,
    "190": 10,
    "153": 10,
    "201": 10,
    "14": 10,
    "332": 10,
    "273": 10,
    "50": 10,
    "160": 10,
    "327": 10,
    "382": 10,
    "138": 10,
    "287": 10,
    "207": 10,
    "18": 10,
    "161": 10,
    "406": 10,
    "194": 10,
    "52": 10,
    "137": 11,
    "123": 11,
    "339": 11,
    "143": 11,
    "202": 11,
    "433": 11,
    "72": 11,
    "473": 11,
    "33": 11,
    "484": 11,
    "368": 11,
    "378": 11,
    "373": 11,
    "111": 11,
    "397": 11,
    "200": 11,
    "179": 11,
    "23": 11,
    "425": 11,
    "125": 11,
    "99": 11,
    "276": 11,
    "3": 11,
    "219": 11,
    "5": 11,
    "391": 12,
    "423": 12,
    "96": 12,
    "195": 12,
    "20": 12,
    "217": 12,
    "413": 12,
    "240": 12,
    "128": 12,
    "41": 12,
    "380": 12,
    "254": 12,
    "278": 12,
    "92": 12,
    "390": 12,
    "117": 12,
    "69": 12,
    "218": 12,
    "366": 12,
    "279": 12,
    "76": 12,
    "295": 12,
    "299": 12,
    "400": 12,
    "438": 12,
    "216": 13,
    "212": 13,
    "163": 13,
    "171": 13,
    "460": 13,
    "334": 13,
    "429": 13,
    "306": 13,
    "288": 13,
    "426": 13,
    "172": 13,
    "107": 13,
    "342": 13,
    "53": 13,
    "362": 13,
    "136": 13,
    "149": 13,
    "320": 13,
    "404": 13,
    "435": 13,
    "308": 13,
    "29": 13,
    "1": 13,
    "471": 13,
    "340": 13,
    "387": 14,
    "403": 14,
    "214": 14,
    "139": 14,
    "188": 14,
    "394": 14,
    "6": 14,
    "321": 14,
    "135": 14,
    "158": 14,
    "371": 14,
    "329": 14,
    "319": 14,
    "367": 14,
    "8": 14,
    "247": 14,
    "455": 14,
    "361": 14,
    "25": 14,
    "256": 14,
    "272": 14,
    "183": 14,
    "369": 14,
    "374": 14,
    "126": 14,
    "109": 15,
    "191": 15,
    "31": 15,
    "421": 15,
    "386": 15,
    "140": 15,
    "348": 15,
    "481": 15,
    "358": 15,
    "38": 15,
    "16": 15,
    "468": 15,
    "462": 15,
    "73": 15,
    "326": 15,
    "7": 15,
    "297": 15,
    "335": 15,
    "281": 15,
    "447": 15,
    "88": 15,
    "224": 15,
    "21": 15,
    "463": 15,
    "442": 15,
    "428": 16,
    "420": 16,
    "86": 16,
    "448": 16,
    "68": 16,
    "483": 16,
    "80": 16,
    "274": 16,
    "434": 16,
    "105": 16,
    "66": 16,
    "166": 16,
    "309": 16,
    "325": 16,
    "193": 16,
    "32": 16,
    "444": 16,
    "26": 16,
    "268": 16,
    "280": 16,
    "192": 16,
    "443": 16,
    "148": 16,
    "132": 16,
    "210": 16,
    "478": 17,
    "296": 17,
    "375": 17,
    "349": 17,
    "458": 17,
    "241": 17,
    "43": 17,
    "130": 17,
    "232": 17,
    "22": 17,
    "104": 17,
    "159": 17,
    "363": 17,
    "42": 17,
    "379": 17,
    "84": 17,
    "292": 17,
    "173": 17,
    "333": 17,
    "322": 17,
    "399": 17,
    "388": 17,
    "424": 17,
    "187": 17,
    "70": 17
}