{
    "328": 0,
    "389": 0,
    "51": 0,
    "235": 0,
    "227": 0,
    "65": 1,
    "354": 1,
    "196": 1,
    "409": 1,
    "257": 1,
    "384": 2,
    "472": 2,
    "156": 2,
    "101": 2,
    "209": 2,
    "487": 3,
    "220": 3,
    "198": 3,
    "110": 3,
    "108": 3,
    "359": 4,
    "450": 4,
    "177": 4,
    "47": 4,
    "261": 4,
    "482": 5,
    "61": 5,
    "89": 5,
    "71": 5,
    "98": 5,
    "215": 6,
    "174": 6,
    "341": 6,
    "346": 6,
    "338": 6,
    "141": 7,
    "152": 7,
    "45": 7,
    "411": 7,
    "474": 7,
    "199": 8,
    "290": 8,
    "46": 8,
    "168": 8,
    "12": 8,
    "307": 9,
    "13": 9,
    "365": 9,
    "150": 9,
    "9": 9,
    "137": 10,
    "417": 10,
    "123": 10,
    "318": 10,
    "467": 10,
    "242": 11,
    "252": 11,
    "186": 11,
    "58": 11,
    "402": 11,
    "391": 12,
    "266": 12,
    "433": 12,
    "381": 12,
    "245": 12,
    "216": 13,
    "437": 13,
    "203": 13,
    "179": 13,
    "225": 13,
    "185": 14,
    "432": 14,
    "324": 14,
    "439": 14,
    "351": 14,
    "445": 15,
    "158": 15,
    "267": 15,
    "116": 15,
    "154": 15,
    "485": 16,
    "282": 16,
    "184": 16,
    "226": 16,
    "251": 16,
    "82": 17,
    "453": 17,
    "398": 17,
    "222": 17,
    "230": 17,
    "387": 18,
    "316": 18,
    "240": 18,
    "63": 18,
    "59": 18,
    "109": 19,
    "321": 19,
    "111": 19,
    "303": 19,
    "454": 19,
    "48": 20,
    "178": 20,
    "360": 20,
    "276": 20,
    "100": 20,
    "428": 21,
    "79": 21,
    "355": 21,
    "85": 21,
    "119": 21,
    "478": 22,
    "165": 22,
    "54": 22,
    "311": 22,
    "223": 22,
    "350": 23,
    "33": 23,
    "96": 23,
    "99": 23,
    "336": 23,
    "244": 24,
    "470": 24,
    "345": 24,
    "313": 24,
    "15": 24,
    "95": 25,
    "440": 25,
    "213": 25,
    "146": 25,
    "34": 25,
    "479": 26,
    "64": 26,
    "39": 26,
    "102": 26,
    "378": 26,
    "270": 27,
    "302": 27,
    "465": 27,
    "237": 27,
    "331": 27,
    "30": 28,
    "129": 28,
    "368": 28,
    "60": 28,
    "24": 28,
    "176": 29,
    "81": 29,
    "315": 29,
    "262": 29,
    "97": 29,
    "379": 30,
    "343": 30,
    "427": 30,
    "250": 30,
    "91": 30,
    "422": 31,
    "115": 31,
    "147": 31,
    "162": 31,
    "207": 31,
    "396": 32,
    "455": 32,
    "291": 32,
    "134": 32,
    "69": 32,
    "120": 33,
    "231": 33,
    "408": 33,
    "170": 33,
    "204": 33,
    "180": 34,
    "238": 34,
    "205": 34,
    "416": 34,
    "457": 34,
    "36": 35,
    "133": 35,
    "352": 35,
    "212": 35,
    "114": 35,
    "285": 36,
    "332": 36,
    "298": 36,
    "372": 36,
    "287": 36,
    "449": 37,
    "190": 37,
    "50": 37,
    "19": 37,
    "357": 37,
    "304": 38,
    "339": 38,
    "371": 38,
    "314": 38,
    "370": 38,
    "159": 39,
    "127": 39,
    "400": 39,
    "182": 39,
    "20": 39,
    "93": 40,
    "83": 40,
    "40": 40,
    "317": 40,
    "121": 40,
    "42": 41,
    "421": 41,
    "3": 41,
    "405": 41,
    "362": 41,
    "17": 42,
    "269": 42,
    "236": 42,
    "57": 42,
    "160": 42,
    "10": 43,
    "425": 43,
    "473": 43,
    "426": 43,
    "278": 43,
    "310": 44,
    "330": 44,
    "75": 44,
    "201": 44,
    "356": 44,
    "410": 45,
    "401": 45,
    "466": 45,
    "248": 45,
    "14": 45,
    "464": 46,
    "138": 46,
    "94": 46,
    "446": 46,
    "393": 46,
    "229": 47,
    "233": 47,
    "44": 47,
    "476": 47,
    "265": 47,
    "49": 48,
    "255": 48,
    "486": 48,
    "234": 48,
    "459": 48,
    "77": 49,
    "415": 49,
    "382": 49,
    "373": 49,
    "260": 49,
    "477": 50,
    "153": 50,
    "461": 50,
    "436": 50,
    "164": 50,
    "173": 51,
    "279": 51,
    "390": 51,
    "149": 51,
    "117": 51,
    "157": 52,
    "151": 52,
    "323": 52,
    "353": 52,
    "143": 52,
    "249": 53,
    "194": 53,
    "103": 53,
    "320": 53,
    "76": 53,
    "364": 54,
    "41": 54,
    "413": 54,
    "377": 54,
    "366": 54,
    "414": 55,
    "23": 55,
    "228": 55,
    "403": 55,
    "67": 55,
    "131": 56,
    "92": 56,
    "407": 56,
    "218": 56,
    "431": 56,
    "0": 57,
    "189": 57,
    "219": 57,
    "283": 57,
    "163": 57,
    "284": 58,
    "383": 58,
    "347": 58,
    "171": 58,
    "299": 58,
    "475": 59,
    "254": 59,
    "369": 59,
    "380": 59,
    "188": 59,
    "363": 60,
    "211": 60,
    "288": 60,
    "239": 60,
    "128": 60,
    "392": 61,
    "113": 61,
    "122": 61,
    "438": 61,
    "435": 61,
    "124": 62,
    "107": 62,
    "429": 62,
    "31": 62,
    "394": 62,
    "90": 63,
    "308": 63,
    "253": 63,
    "271": 63,
    "136": 63,
    "469": 64,
    "273": 64,
    "202": 64,
    "5": 64,
    "200": 64,
    "451": 65,
    "460": 65,
    "471": 65,
    "306": 65,
    "404": 65,
    "305": 66,
    "430": 66,
    "1": 66,
    "412": 66,
    "462": 66,
    "293": 67,
    "195": 67,
    "6": 67,
    "8": 67,
    "319": 67,
    "144": 68,
    "342": 68,
    "125": 68,
    "272": 68,
    "29": 68,
    "56": 69,
    "334": 69,
    "208": 69,
    "38": 69,
    "340": 69,
    "104": 70,
    "52": 70,
    "367": 70,
    "361": 70,
    "406": 70,
    "197": 71,
    "286": 71,
    "191": 71,
    "423": 71,
    "295": 71,
    "145": 72,
    "118": 72,
    "25": 72,
    "126": 72,
    "217": 72,
    "78": 73,
    "112": 73,
    "7": 73,
    "214": 73,
    "397": 73,
    "344": 74,
    "277": 74,
    "374": 74,
    "183": 74,
    "280": 74,
    "258": 75,
    "73": 75,
    "274": 75,
    "386": 75,
    "447": 75,
    "264": 76,
    "167": 76,
    "289": 76,
    "139": 76,
    "4": 76,
    "232": 77,
    "348": 77,
    "135": 77,
    "140": 77,
    "256": 77,
    "11": 78,
    "463": 78,
    "444": 78,
    "80": 78,
    "247": 78,
    "419": 79,
    "329": 79,
    "327": 79,
    "18": 79,
    "443": 79,
    "175": 80,
    "87": 80,
    "169": 80,
    "441": 80,
    "300": 80,
    "292": 81,
    "335": 81,
    "53": 81,
    "297": 81,
    "66": 81,
    "55": 82,
    "243": 82,
    "312": 82,
    "193": 82,
    "32": 82,
    "241": 83,
    "358": 83,
    "448": 83,
    "88": 83,
    "68": 83,
    "62": 84,
    "181": 84,
    "376": 84,
    "294": 84,
    "309": 84,
    "2": 85,
    "86": 85,
    "281": 85,
    "21": 85,
    "132": 85,
    "424": 86,
    "16": 86,
    "483": 86,
    "224": 86,
    "468": 86,
    "385": 87,
    "166": 87,
    "420": 87,
    "434": 87,
    "480": 87,
    "221": 88,
    "161": 88,
    "105": 88,
    "72": 88,
    "148": 88,
    "296": 89,
    "349": 89,
    "481": 89,
    "326": 89,
    "268": 89,
    "70": 90,
    "210": 90,
    "442": 90,
    "322": 90,
    "246": 90,
    "452": 91,
    "26": 91,
    "395": 91,
    "74": 91,
    "142": 91,
    "187": 92,
    "192": 92,
    "399": 92,
    "43": 92,
    "484": 92,
    "155": 93,
    "106": 93,
    "337": 93,
    "130": 93,
    "375": 93,
    "259": 94,
    "27": 94,
    "263": 94,
    "37": 94,
    "333": 94,
    "418": 95,
    "301": 95,
    "325": 95,
    "206": 95,
    "35": 95
}