{
    "328": 0,
    "389": 0,
    "51": 0,
    "235": 0,
    "227": 0,
    "485": 0,
    "48": 0,
    "450": 0,
    "65": 1,
    "354": 1,
    "196": 1,
    "409": 1,
    "257": 1,
    "97": 1,
    "343": 1,
    "222": 1,
    "384": 2,
    "472": 2,
    "156": 2,
    "101": 2,
    "209": 2,
    "176": 2,
    "479": 2,
    "285": 2,
    "487": 3,
    "220": 3,
    "198": 3,
    "110": 3,
    "108": 3,
    "263": 3,
    "346": 3,
    "261": 3,
    "359": 4,
    "177": 4,
    "47": 4,
    "294": 4,
    "290": 4,
    "347": 4,
    "341": 4,
    "58": 4,
    "482": 5,
    "61": 5,
    "89": 5,
    "71": 5,
    "98": 5,
    "437": 5,
    "262": 5,
    "2": 5,
    "215": 6,
    "174": 6,
    "338": 6,
    "184": 6,
    "282": 6,
    "175": 6,
    "226": 6,
    "266": 6,
    "141": 7,
    "152": 7,
    "45": 7,
    "411": 7,
    "474": 7,
    "102": 7,
    "360": 7,
    "314": 7,
    "199": 8,
    "46": 8,
    "168": 8,
    "12": 8,
    "376": 8,
    "441": 8,
    "385": 8,
    "167": 8,
    "307": 9,
    "13": 9,
    "365": 9,
    "150": 9,
    "9": 9,
    "330": 9,
    "277": 9,
    "225": 9,
    "137": 10,
    "417": 10,
    "123": 10,
    "318": 10,
    "467": 10,
    "339": 10,
    "316": 10,
    "236": 10,
    "242": 11,
    "252": 11,
    "186": 11,
    "402": 11,
    "324": 11,
    "317": 11,
    "291": 11,
    "54": 11,
    "391": 12,
    "433": 12,
    "381": 12,
    "245": 12,
    "129": 12,
    "178": 12,
    "465": 12,
    "50": 12,
    "216": 13,
    "203": 13,
    "179": 13,
    "405": 13,
    "219": 13,
    "231": 13,
    "476": 13,
    "91": 13,
    "185": 14,
    "432": 14,
    "439": 14,
    "351": 14,
    "59": 14,
    "146": 14,
    "446": 14,
    "373": 14,
    "445": 15,
    "158": 15,
    "267": 15,
    "116": 15,
    "154": 15,
    "39": 15,
    "223": 15,
    "63": 15,
    "387": 16,
    "240": 16,
    "353": 16,
    "287": 16,
    "60": 16,
    "298": 16,
    "336": 16,
    "408": 16,
    "82": 17,
    "453": 17,
    "398": 17,
    "230": 17,
    "162": 17,
    "85": 17,
    "372": 17,
    "115": 17,
    "428": 18,
    "79": 18,
    "355": 18,
    "119": 18,
    "213": 18,
    "15": 18,
    "19": 18,
    "133": 18,
    "478": 19,
    "165": 19,
    "311": 19,
    "127": 19,
    "313": 19,
    "454": 19,
    "6": 19,
    "416": 19,
    "244": 20,
    "100": 20,
    "470": 20,
    "345": 20,
    "356": 20,
    "366": 20,
    "459": 20,
    "378": 20,
    "109": 21,
    "321": 21,
    "111": 21,
    "303": 21,
    "96": 21,
    "403": 21,
    "426": 21,
    "278": 21,
    "350": 22,
    "33": 22,
    "99": 22,
    "457": 22,
    "4": 22,
    "92": 22,
    "218": 22,
    "276": 22,
    "95": 23,
    "440": 23,
    "34": 23,
    "190": 23,
    "415": 23,
    "44": 23,
    "170": 23,
    "182": 23,
    "30": 24,
    "368": 24,
    "24": 24,
    "83": 24,
    "69": 24,
    "217": 24,
    "41": 24,
    "393": 24,
    "36": 25,
    "352": 25,
    "134": 25,
    "212": 25,
    "114": 25,
    "461": 25,
    "204": 25,
    "122": 25,
    "379": 26,
    "427": 26,
    "250": 26,
    "334": 26,
    "57": 26,
    "228": 26,
    "106": 26,
    "233": 26,
    "422": 27,
    "147": 27,
    "207": 27,
    "430": 27,
    "143": 27,
    "205": 27,
    "67": 27,
    "286": 27,
    "396": 28,
    "455": 28,
    "251": 28,
    "201": 28,
    "248": 28,
    "194": 28,
    "8": 28,
    "23": 28,
    "270": 29,
    "302": 29,
    "237": 29,
    "331": 29,
    "466": 29,
    "357": 29,
    "269": 29,
    "118": 29,
    "180": 30,
    "238": 30,
    "121": 30,
    "160": 30,
    "94": 30,
    "279": 30,
    "425": 30,
    "40": 30,
    "229": 31,
    "401": 31,
    "265": 31,
    "164": 31,
    "239": 31,
    "151": 31,
    "377": 31,
    "486": 31,
    "304": 32,
    "371": 32,
    "370": 32,
    "64": 32,
    "153": 32,
    "163": 32,
    "383": 32,
    "473": 32,
    "159": 33,
    "400": 33,
    "20": 33,
    "306": 33,
    "211": 33,
    "117": 33,
    "210": 33,
    "421": 33,
    "93": 34,
    "81": 34,
    "423": 34,
    "253": 34,
    "103": 34,
    "14": 34,
    "438": 34,
    "323": 34,
    "42": 35,
    "3": 35,
    "362": 35,
    "390": 35,
    "283": 35,
    "188": 35,
    "214": 35,
    "25": 35,
    "449": 36,
    "273": 36,
    "397": 36,
    "113": 36,
    "234": 36,
    "149": 36,
    "436": 36,
    "161": 36,
    "120": 37,
    "255": 37,
    "315": 37,
    "299": 37,
    "288": 37,
    "342": 37,
    "200": 37,
    "429": 37,
    "310": 38,
    "75": 38,
    "76": 38,
    "471": 38,
    "460": 38,
    "413": 38,
    "52": 38,
    "320": 38,
    "410": 39,
    "308": 39,
    "431": 39,
    "107": 39,
    "202": 39,
    "136": 39,
    "112": 39,
    "404": 39,
    "77": 40,
    "382": 40,
    "260": 40,
    "340": 40,
    "289": 40,
    "271": 40,
    "406": 40,
    "125": 40,
    "10": 41,
    "380": 41,
    "195": 41,
    "254": 41,
    "272": 41,
    "87": 41,
    "367": 41,
    "189": 41,
    "464": 42,
    "138": 42,
    "295": 42,
    "128": 42,
    "394": 42,
    "31": 42,
    "435": 42,
    "1": 42,
    "414": 43,
    "5": 43,
    "72": 43,
    "191": 43,
    "256": 43,
    "386": 43,
    "29": 43,
    "407": 43,
    "17": 44,
    "374": 44,
    "443": 44,
    "38": 44,
    "327": 44,
    "18": 44,
    "208": 44,
    "319": 44,
    "131": 45,
    "369": 45,
    "135": 45,
    "7": 45,
    "463": 45,
    "139": 45,
    "126": 45,
    "444": 45,
    "49": 46,
    "361": 46,
    "183": 46,
    "171": 46,
    "332": 46,
    "462": 46,
    "442": 46,
    "447": 46,
    "477": 47,
    "480": 47,
    "312": 47,
    "412": 47,
    "420": 47,
    "166": 47,
    "66": 47,
    "297": 47,
    "173": 48,
    "140": 48,
    "348": 48,
    "224": 48,
    "16": 48,
    "448": 48,
    "73": 48,
    "358": 48,
    "157": 49,
    "32": 49,
    "247": 49,
    "169": 49,
    "80": 49,
    "329": 49,
    "309": 49,
    "74": 49,
    "249": 50,
    "86": 50,
    "335": 50,
    "281": 50,
    "300": 50,
    "483": 50,
    "375": 50,
    "68": 50,
    "90": 51,
    "181": 51,
    "243": 51,
    "193": 51,
    "280": 51,
    "274": 51,
    "53": 51,
    "434": 51,
    "284": 52,
    "132": 52,
    "395": 52,
    "337": 52,
    "26": 52,
    "105": 52,
    "326": 52,
    "148": 52,
    "475": 53,
    "468": 53,
    "481": 53,
    "88": 53,
    "268": 53,
    "21": 53,
    "192": 53,
    "28": 53,
    "364": 54,
    "155": 54,
    "333": 54,
    "349": 54,
    "22": 54,
    "43": 54,
    "246": 54,
    "296": 54,
    "469": 55,
    "456": 55,
    "325": 55,
    "37": 55,
    "142": 55,
    "484": 55,
    "418": 55,
    "399": 55,
    "124": 56,
    "322": 56,
    "187": 56,
    "130": 56,
    "206": 56,
    "172": 56,
    "301": 56,
    "275": 56,
    "305": 57,
    "27": 57,
    "35": 57,
    "458": 57,
    "419": 57,
    "259": 57,
    "221": 57,
    "452": 57,
    "0": 58,
    "293": 58,
    "388": 58,
    "424": 58,
    "70": 58,
    "232": 58,
    "264": 58,
    "104": 58,
    "197": 59,
    "55": 59,
    "84": 59,
    "78": 59,
    "62": 59,
    "344": 59,
    "145": 59,
    "241": 59
}