{
    "327": 0,
    "385": 0,
    "51": 0,
    "235": 0,
    "229": 0,
    "47": 0,
    "447": 0,
    "244": 0,
    "471": 0,
    "479": 0,
    "19": 0,
    "420": 0,
    "72": 1,
    "406": 1,
    "258": 1,
    "384": 1,
    "100": 1,
    "340": 1,
    "223": 1,
    "172": 1,
    "129": 1,
    "230": 1,
    "248": 1,
    "206": 1,
    "380": 2,
    "159": 2,
    "453": 2,
    "210": 2,
    "178": 2,
    "263": 2,
    "132": 2,
    "283": 2,
    "390": 2,
    "108": 2,
    "413": 2,
    "474": 2,
    "200": 3,
    "221": 3,
    "290": 3,
    "46": 3,
    "170": 3,
    "13": 3,
    "8": 3,
    "111": 3,
    "456": 3,
    "372": 3,
    "438": 3,
    "279": 3,
    "355": 4,
    "294": 4,
    "343": 4,
    "339": 4,
    "59": 4,
    "186": 4,
    "256": 4,
    "224": 4,
    "133": 4,
    "92": 4,
    "169": 4,
    "61": 4,
    "485": 5,
    "352": 5,
    "87": 5,
    "155": 5,
    "66": 5,
    "463": 5,
    "295": 5,
    "50": 5,
    "443": 5,
    "397": 5,
    "114": 5,
    "409": 5,
    "301": 6,
    "381": 6,
    "342": 6,
    "177": 6,
    "312": 6,
    "266": 6,
    "199": 6,
    "65": 6,
    "286": 6,
    "194": 6,
    "21": 6,
    "432": 6,
    "482": 7,
    "62": 7,
    "94": 7,
    "325": 7,
    "78": 7,
    "101": 7,
    "394": 7,
    "145": 7,
    "262": 7,
    "212": 7,
    "1": 7,
    "187": 7,
    "218": 8,
    "337": 8,
    "24": 8,
    "466": 8,
    "433": 8,
    "171": 8,
    "89": 8,
    "118": 8,
    "313": 8,
    "208": 8,
    "45": 8,
    "103": 8,
    "253": 9,
    "189": 9,
    "48": 9,
    "421": 9,
    "341": 9,
    "367": 9,
    "216": 9,
    "237": 9,
    "104": 9,
    "356": 9,
    "167": 9,
    "17": 9,
    "307": 10,
    "9": 10,
    "360": 10,
    "329": 10,
    "408": 10,
    "227": 10,
    "251": 10,
    "28": 10,
    "58": 10,
    "115": 10,
    "207": 10,
    "64": 10,
    "88": 11,
    "391": 11,
    "464": 11,
    "165": 11,
    "91": 11,
    "151": 11,
    "415": 11,
    "272": 11,
    "321": 11,
    "243": 11,
    "365": 11,
    "113": 11,
    "242": 12,
    "98": 12,
    "316": 12,
    "291": 12,
    "55": 12,
    "267": 12,
    "183": 12,
    "232": 12,
    "287": 12,
    "121": 12,
    "71": 12,
    "264": 12,
    "142": 13,
    "317": 13,
    "338": 13,
    "236": 13,
    "377": 13,
    "14": 13,
    "245": 13,
    "148": 13,
    "269": 13,
    "203": 13,
    "179": 13,
    "314": 13,
    "188": 14,
    "437": 14,
    "347": 14,
    "60": 14,
    "369": 14,
    "69": 14,
    "157": 14,
    "152": 14,
    "284": 14,
    "211": 14,
    "299": 14,
    "163": 14,
    "441": 15,
    "161": 15,
    "39": 15,
    "225": 15,
    "204": 15,
    "26": 15,
    "76": 15,
    "288": 15,
    "184": 15,
    "300": 15,
    "139": 15,
    "452": 15,
    "383": 16,
    "240": 16,
    "349": 16,
    "335": 16,
    "348": 16,
    "112": 16,
    "192": 16,
    "424": 16,
    "176": 16,
    "70": 16,
    "276": 16,
    "271": 16,
    "110": 17,
    "319": 17,
    "99": 17,
    "136": 17,
    "361": 17,
    "398": 17,
    "425": 17,
    "277": 17,
    "96": 17,
    "318": 17,
    "306": 17,
    "105": 17,
    "429": 18,
    "84": 18,
    "350": 18,
    "123": 18,
    "442": 18,
    "254": 18,
    "138": 18,
    "102": 18,
    "255": 18,
    "311": 18,
    "125": 18,
    "34": 18,
    "478": 19,
    "459": 19,
    "181": 19,
    "147": 19,
    "180": 19,
    "130": 19,
    "6": 19,
    "412": 19,
    "427": 19,
    "393": 19,
    "239": 19,
    "400": 19,
    "346": 20,
    "124": 20,
    "54": 20,
    "363": 20,
    "374": 20,
    "388": 20,
    "144": 20,
    "487": 20,
    "31": 20,
    "278": 20,
    "156": 20,
    "472": 20,
    "375": 21,
    "426": 21,
    "334": 21,
    "215": 21,
    "401": 21,
    "44": 21,
    "213": 21,
    "289": 21,
    "117": 21,
    "234": 21,
    "119": 21,
    "52": 21,
    "10": 22,
    "331": 22,
    "411": 22,
    "469": 22,
    "351": 22,
    "233": 22,
    "202": 22,
    "423": 22,
    "330": 22,
    "16": 22,
    "15": 22,
    "378": 22,
    "36": 23,
    "458": 23,
    "414": 23,
    "74": 23,
    "399": 23,
    "220": 23,
    "435": 23,
    "25": 23,
    "116": 23,
    "386": 23,
    "154": 23,
    "451": 23,
    "32": 24,
    "219": 24,
    "40": 24,
    "461": 24,
    "85": 24,
    "353": 24,
    "217": 24,
    "214": 24,
    "81": 24,
    "140": 24,
    "357": 24,
    "22": 24,
    "368": 25,
    "396": 25,
    "373": 25,
    "476": 25,
    "4": 25,
    "281": 25,
    "379": 25,
    "297": 25,
    "285": 25,
    "109": 25,
    "141": 25,
    "457": 25,
    "182": 26,
    "238": 26,
    "252": 26,
    "304": 26,
    "166": 26,
    "197": 26,
    "436": 26,
    "131": 26,
    "201": 26,
    "228": 26,
    "273": 26,
    "470": 26,
    "270": 27,
    "402": 27,
    "122": 27,
    "480": 27,
    "143": 27,
    "196": 27,
    "428": 27,
    "20": 27,
    "430": 27,
    "431": 27,
    "29": 27,
    "308": 27,
    "302": 28,
    "366": 28,
    "376": 28,
    "434": 28,
    "417": 28,
    "2": 28,
    "326": 28,
    "127": 28,
    "27": 28,
    "404": 28,
    "362": 28,
    "0": 28,
    "162": 29,
    "419": 29,
    "193": 29,
    "382": 29,
    "53": 29,
    "450": 29,
    "68": 29,
    "209": 29,
    "257": 29,
    "261": 29,
    "191": 29,
    "185": 29,
    "30": 30,
    "280": 30,
    "79": 30,
    "354": 30,
    "473": 30,
    "324": 30,
    "146": 30,
    "364": 30,
    "86": 30,
    "38": 30,
    "128": 30,
    "445": 30,
    "446": 31,
    "164": 31,
    "405": 31,
    "460": 31,
    "315": 31,
    "309": 31,
    "33": 31,
    "7": 31,
    "320": 31,
    "444": 31,
    "173": 31,
    "440": 31,
    "97": 32,
    "336": 32,
    "120": 32,
    "454": 32,
    "328": 32,
    "418": 32,
    "73": 32,
    "247": 32,
    "137": 32,
    "403": 32,
    "344": 32,
    "483": 32,
    "41": 33,
    "18": 33,
    "305": 33,
    "481": 33,
    "226": 33,
    "150": 33,
    "43": 33,
    "296": 33,
    "371": 33,
    "274": 33,
    "93": 33,
    "75": 33,
    "82": 34,
    "370": 34,
    "134": 34,
    "439": 34,
    "107": 34,
    "42": 34,
    "268": 34,
    "153": 34,
    "333": 34,
    "389": 34,
    "465": 34,
    "5": 34,
    "11": 35,
    "195": 35,
    "190": 35,
    "174": 35,
    "387": 35,
    "241": 35,
    "416": 35,
    "231": 35,
    "392": 35,
    "468": 35,
    "486": 35,
    "345": 35,
    "462": 36,
    "265": 36,
    "332": 36,
    "77": 36,
    "246": 36,
    "63": 36,
    "158": 36,
    "249": 36,
    "35": 36,
    "168": 36,
    "260": 36,
    "484": 36,
    "410": 37,
    "80": 37,
    "455": 37,
    "322": 37,
    "298": 37,
    "422": 37,
    "23": 37,
    "292": 37,
    "275": 37,
    "205": 37,
    "37": 37,
    "90": 37,
    "310": 38,
    "293": 38,
    "106": 38,
    "126": 38,
    "149": 38,
    "259": 38,
    "358": 38,
    "359": 38,
    "323": 38,
    "448": 38,
    "250": 38,
    "67": 38,
    "407": 39,
    "56": 39,
    "449": 39,
    "198": 39,
    "12": 39,
    "83": 39,
    "222": 39,
    "303": 39,
    "467": 39,
    "95": 39,
    "477": 39,
    "57": 39
}