{
    "327": 0,
    "385": 0,
    "51": 0,
    "235": 0,
    "229": 0,
    "47": 0,
    "447": 0,
    "244": 0,
    "471": 0,
    "479": 0,
    "19": 0,
    "420": 0,
    "263": 0,
    "182": 0,
    "337": 0,
    "72": 1,
    "406": 1,
    "258": 1,
    "384": 1,
    "100": 1,
    "340": 1,
    "223": 1,
    "172": 1,
    "129": 1,
    "230": 1,
    "248": 1,
    "206": 1,
    "262": 1,
    "117": 1,
    "156": 1,
    "380": 2,
    "159": 2,
    "453": 2,
    "210": 2,
    "178": 2,
    "132": 2,
    "283": 2,
    "390": 2,
    "108": 2,
    "413": 2,
    "474": 2,
    "295": 2,
    "256": 2,
    "389": 2,
    "325": 2,
    "200": 3,
    "221": 3,
    "290": 3,
    "46": 3,
    "170": 3,
    "13": 3,
    "8": 3,
    "111": 3,
    "456": 3,
    "372": 3,
    "438": 3,
    "279": 3,
    "381": 3,
    "264": 3,
    "169": 3,
    "355": 4,
    "294": 4,
    "343": 4,
    "339": 4,
    "59": 4,
    "186": 4,
    "224": 4,
    "133": 4,
    "92": 4,
    "61": 4,
    "14": 4,
    "60": 4,
    "69": 4,
    "286": 4,
    "9": 4,
    "485": 5,
    "352": 5,
    "87": 5,
    "155": 5,
    "66": 5,
    "463": 5,
    "50": 5,
    "443": 5,
    "397": 5,
    "114": 5,
    "409": 5,
    "350": 5,
    "356": 5,
    "238": 5,
    "187": 5,
    "301": 6,
    "342": 6,
    "177": 6,
    "312": 6,
    "266": 6,
    "199": 6,
    "65": 6,
    "194": 6,
    "21": 6,
    "432": 6,
    "316": 6,
    "240": 6,
    "118": 6,
    "179": 6,
    "349": 6,
    "482": 7,
    "62": 7,
    "94": 7,
    "78": 7,
    "101": 7,
    "394": 7,
    "145": 7,
    "212": 7,
    "1": 7,
    "227": 7,
    "476": 7,
    "213": 7,
    "427": 7,
    "437": 7,
    "304": 7,
    "218": 8,
    "24": 8,
    "466": 8,
    "433": 8,
    "171": 8,
    "89": 8,
    "313": 8,
    "208": 8,
    "45": 8,
    "103": 8,
    "276": 8,
    "300": 8,
    "404": 8,
    "265": 8,
    "189": 8,
    "253": 9,
    "48": 9,
    "421": 9,
    "341": 9,
    "367": 9,
    "216": 9,
    "237": 9,
    "104": 9,
    "167": 9,
    "17": 9,
    "98": 9,
    "121": 9,
    "64": 9,
    "192": 9,
    "377": 9,
    "307": 10,
    "360": 10,
    "329": 10,
    "408": 10,
    "251": 10,
    "28": 10,
    "58": 10,
    "115": 10,
    "207": 10,
    "291": 10,
    "426": 10,
    "204": 10,
    "452": 10,
    "252": 10,
    "44": 10,
    "88": 11,
    "391": 11,
    "464": 11,
    "165": 11,
    "91": 11,
    "151": 11,
    "415": 11,
    "272": 11,
    "321": 11,
    "243": 11,
    "365": 11,
    "113": 11,
    "34": 11,
    "39": 11,
    "314": 11,
    "242": 12,
    "55": 12,
    "267": 12,
    "183": 12,
    "232": 12,
    "287": 12,
    "71": 12,
    "288": 12,
    "330": 12,
    "299": 12,
    "233": 12,
    "37": 12,
    "411": 12,
    "269": 12,
    "157": 12,
    "142": 13,
    "317": 13,
    "338": 13,
    "236": 13,
    "245": 13,
    "148": 13,
    "203": 13,
    "125": 13,
    "311": 13,
    "176": 13,
    "281": 13,
    "405": 13,
    "211": 13,
    "84": 13,
    "335": 13,
    "188": 14,
    "347": 14,
    "369": 14,
    "152": 14,
    "284": 14,
    "163": 14,
    "16": 14,
    "131": 14,
    "139": 14,
    "436": 14,
    "26": 14,
    "15": 14,
    "254": 14,
    "412": 14,
    "130": 14,
    "441": 15,
    "161": 15,
    "225": 15,
    "76": 15,
    "184": 15,
    "102": 15,
    "374": 15,
    "96": 15,
    "425": 15,
    "306": 15,
    "278": 15,
    "99": 15,
    "487": 15,
    "181": 15,
    "138": 15,
    "383": 16,
    "348": 16,
    "112": 16,
    "424": 16,
    "70": 16,
    "271": 16,
    "202": 16,
    "255": 16,
    "363": 16,
    "219": 16,
    "40": 16,
    "402": 16,
    "116": 16,
    "119": 16,
    "4": 16,
    "110": 17,
    "319": 17,
    "136": 17,
    "361": 17,
    "398": 17,
    "277": 17,
    "318": 17,
    "105": 17,
    "25": 17,
    "239": 17,
    "357": 17,
    "2": 17,
    "469": 17,
    "54": 17,
    "234": 17,
    "429": 18,
    "123": 18,
    "442": 18,
    "124": 18,
    "396": 18,
    "414": 18,
    "435": 18,
    "472": 18,
    "289": 18,
    "386": 18,
    "400": 18,
    "458": 18,
    "214": 18,
    "74": 18,
    "220": 18,
    "478": 19,
    "459": 19,
    "147": 19,
    "180": 19,
    "6": 19,
    "393": 19,
    "191": 19,
    "173": 19,
    "334": 19,
    "351": 19,
    "296": 19,
    "154": 19,
    "285": 19,
    "419": 19,
    "373": 19,
    "346": 20,
    "388": 20,
    "144": 20,
    "31": 20,
    "297": 20,
    "197": 20,
    "376": 20,
    "85": 20,
    "364": 20,
    "140": 20,
    "166": 20,
    "434": 20,
    "445": 20,
    "354": 20,
    "362": 20,
    "375": 21,
    "215": 21,
    "401": 21,
    "52": 21,
    "451": 21,
    "399": 21,
    "201": 21,
    "430": 21,
    "0": 21,
    "457": 21,
    "378": 21,
    "109": 21,
    "22": 21,
    "470": 21,
    "53": 21,
    "10": 22,
    "331": 22,
    "423": 22,
    "440": 22,
    "353": 22,
    "326": 22,
    "143": 22,
    "164": 22,
    "431": 22,
    "261": 22,
    "196": 22,
    "217": 22,
    "257": 22,
    "122": 22,
    "379": 22,
    "36": 23,
    "209": 23,
    "193": 23,
    "141": 23,
    "417": 23,
    "127": 23,
    "428": 23,
    "460": 23,
    "38": 23,
    "308": 23,
    "274": 23,
    "273": 23,
    "68": 23,
    "454": 23,
    "450": 23,
    "32": 24,
    "461": 24,
    "81": 24,
    "382": 24,
    "241": 24,
    "27": 24,
    "75": 24,
    "185": 24,
    "473": 24,
    "370": 24,
    "93": 24,
    "226": 24,
    "280": 24,
    "444": 24,
    "324": 24,
    "368": 25,
    "128": 25,
    "228": 25,
    "315": 25,
    "247": 25,
    "7": 25,
    "73": 25,
    "120": 25,
    "79": 25,
    "403": 25,
    "150": 25,
    "33": 25,
    "328": 25,
    "20": 25,
    "86": 25,
    "270": 26,
    "480": 26,
    "29": 26,
    "366": 26,
    "260": 26,
    "336": 26,
    "309": 26,
    "344": 26,
    "5": 26,
    "333": 26,
    "332": 26,
    "320": 26,
    "418": 26,
    "146": 26,
    "35": 26,
    "30": 27,
    "481": 27,
    "465": 27,
    "107": 27,
    "268": 27,
    "483": 27,
    "345": 27,
    "80": 27,
    "42": 27,
    "439": 27,
    "195": 27,
    "43": 27,
    "387": 27,
    "153": 27,
    "158": 27,
    "302": 28,
    "484": 28,
    "18": 28,
    "222": 28,
    "137": 28,
    "12": 28,
    "246": 28,
    "160": 28,
    "416": 28,
    "322": 28,
    "77": 28,
    "190": 28,
    "305": 28,
    "83": 28,
    "292": 28,
    "162": 29,
    "371": 29,
    "455": 29,
    "134": 29,
    "486": 29,
    "23": 29,
    "293": 29,
    "422": 29,
    "249": 29,
    "231": 29,
    "468": 29,
    "106": 29,
    "392": 29,
    "41": 29,
    "174": 29,
    "97": 30,
    "205": 30,
    "275": 30,
    "63": 30,
    "56": 30,
    "298": 30,
    "168": 30,
    "395": 30,
    "449": 30,
    "90": 30,
    "95": 30,
    "57": 30,
    "323": 30,
    "358": 30,
    "250": 30,
    "175": 31,
    "149": 31,
    "11": 31,
    "126": 31,
    "259": 31,
    "475": 31,
    "3": 31,
    "67": 31,
    "467": 31,
    "410": 31,
    "359": 31,
    "198": 31,
    "448": 31,
    "303": 31,
    "282": 31
}