{
    "327": 0,
    "385": 0,
    "51": 0,
    "235": 0,
    "229": 0,
    "47": 0,
    "447": 0,
    "244": 0,
    "471": 0,
    "479": 0,
    "19": 0,
    "420": 0,
    "263": 0,
    "182": 0,
    "337": 0,
    "194": 0,
    "282": 0,
    "462": 0,
    "346": 0,
    "32": 0,
    "72": 1,
    "406": 1,
    "258": 1,
    "384": 1,
    "100": 1,
    "340": 1,
    "223": 1,
    "172": 1,
    "129": 1,
    "230": 1,
    "248": 1,
    "206": 1,
    "262": 1,
    "117": 1,
    "156": 1,
    "254": 1,
    "64": 1,
    "321": 1,
    "458": 1,
    "311": 1,
    "380": 2,
    "159": 2,
    "453": 2,
    "210": 2,
    "178": 2,
    "132": 2,
    "283": 2,
    "390": 2,
    "108": 2,
    "413": 2,
    "474": 2,
    "295": 2,
    "256": 2,
    "389": 2,
    "325": 2,
    "114": 2,
    "403": 2,
    "80": 2,
    "228": 2,
    "265": 2,
    "200": 3,
    "221": 3,
    "290": 3,
    "46": 3,
    "170": 3,
    "13": 3,
    "8": 3,
    "111": 3,
    "456": 3,
    "372": 3,
    "438": 3,
    "279": 3,
    "381": 3,
    "264": 3,
    "169": 3,
    "56": 3,
    "312": 3,
    "189": 3,
    "59": 3,
    "299": 3,
    "355": 4,
    "294": 4,
    "343": 4,
    "339": 4,
    "186": 4,
    "224": 4,
    "133": 4,
    "92": 4,
    "61": 4,
    "14": 4,
    "60": 4,
    "69": 4,
    "286": 4,
    "9": 4,
    "291": 4,
    "211": 4,
    "151": 4,
    "261": 4,
    "408": 4,
    "98": 4,
    "485": 5,
    "352": 5,
    "87": 5,
    "155": 5,
    "66": 5,
    "463": 5,
    "50": 5,
    "443": 5,
    "397": 5,
    "409": 5,
    "350": 5,
    "356": 5,
    "238": 5,
    "187": 5,
    "288": 5,
    "39": 5,
    "233": 5,
    "202": 5,
    "437": 5,
    "329": 5,
    "301": 6,
    "342": 6,
    "177": 6,
    "266": 6,
    "199": 6,
    "65": 6,
    "21": 6,
    "432": 6,
    "316": 6,
    "240": 6,
    "118": 6,
    "179": 6,
    "349": 6,
    "163": 6,
    "477": 6,
    "377": 6,
    "245": 6,
    "394": 6,
    "216": 6,
    "433": 6,
    "482": 7,
    "62": 7,
    "94": 7,
    "78": 7,
    "101": 7,
    "145": 7,
    "212": 7,
    "1": 7,
    "227": 7,
    "476": 7,
    "213": 7,
    "427": 7,
    "304": 7,
    "209": 7,
    "426": 7,
    "104": 7,
    "335": 7,
    "373": 7,
    "281": 7,
    "236": 7,
    "218": 8,
    "24": 8,
    "466": 8,
    "171": 8,
    "89": 8,
    "313": 8,
    "208": 8,
    "45": 8,
    "103": 8,
    "276": 8,
    "300": 8,
    "404": 8,
    "360": 8,
    "440": 8,
    "71": 8,
    "252": 8,
    "369": 8,
    "469": 8,
    "28": 8,
    "40": 8,
    "253": 9,
    "48": 9,
    "421": 9,
    "341": 9,
    "367": 9,
    "237": 9,
    "167": 9,
    "17": 9,
    "121": 9,
    "192": 9,
    "34": 9,
    "91": 9,
    "165": 9,
    "115": 9,
    "152": 9,
    "16": 9,
    "122": 9,
    "164": 9,
    "331": 9,
    "44": 9,
    "307": 10,
    "251": 10,
    "58": 10,
    "207": 10,
    "204": 10,
    "452": 10,
    "70": 10,
    "275": 10,
    "176": 10,
    "138": 10,
    "139": 10,
    "412": 10,
    "232": 10,
    "26": 10,
    "336": 10,
    "348": 10,
    "191": 10,
    "55": 10,
    "269": 10,
    "401": 10,
    "88": 11,
    "391": 11,
    "464": 11,
    "415": 11,
    "272": 11,
    "243": 11,
    "365": 11,
    "113": 11,
    "314": 11,
    "84": 11,
    "317": 11,
    "431": 11,
    "379": 11,
    "411": 11,
    "442": 11,
    "116": 11,
    "284": 11,
    "74": 11,
    "123": 11,
    "125": 11,
    "242": 12,
    "267": 12,
    "183": 12,
    "287": 12,
    "330": 12,
    "37": 12,
    "157": 12,
    "423": 12,
    "347": 12,
    "29": 12,
    "351": 12,
    "326": 12,
    "480": 12,
    "184": 12,
    "396": 12,
    "378": 12,
    "143": 12,
    "234": 12,
    "20": 12,
    "306": 12,
    "142": 13,
    "338": 13,
    "148": 13,
    "203": 13,
    "405": 13,
    "472": 13,
    "484": 13,
    "363": 13,
    "374": 13,
    "5": 13,
    "112": 13,
    "201": 13,
    "225": 13,
    "124": 13,
    "180": 13,
    "414": 13,
    "25": 13,
    "424": 13,
    "127": 13,
    "428": 13,
    "188": 14,
    "131": 14,
    "436": 14,
    "15": 14,
    "130": 14,
    "99": 14,
    "366": 14,
    "76": 14,
    "278": 14,
    "386": 14,
    "487": 14,
    "297": 14,
    "308": 14,
    "220": 14,
    "136": 14,
    "102": 14,
    "154": 14,
    "271": 14,
    "425": 14,
    "141": 14,
    "441": 15,
    "161": 15,
    "96": 15,
    "181": 15,
    "239": 15,
    "215": 15,
    "119": 15,
    "255": 15,
    "451": 15,
    "289": 15,
    "144": 15,
    "361": 15,
    "105": 15,
    "398": 15,
    "277": 15,
    "319": 15,
    "435": 15,
    "219": 15,
    "402": 15,
    "52": 15,
    "383": 16,
    "4": 16,
    "54": 16,
    "333": 16,
    "353": 16,
    "357": 16,
    "217": 16,
    "470": 16,
    "388": 16,
    "214": 16,
    "430": 16,
    "166": 16,
    "6": 16,
    "400": 16,
    "22": 16,
    "140": 16,
    "434": 16,
    "147": 16,
    "285": 16,
    "328": 16,
    "110": 17,
    "318": 17,
    "2": 17,
    "376": 17,
    "85": 17,
    "193": 17,
    "27": 17,
    "417": 17,
    "419": 17,
    "382": 17,
    "197": 17,
    "450": 17,
    "473": 17,
    "185": 17,
    "399": 17,
    "146": 17,
    "364": 17,
    "344": 17,
    "31": 17,
    "457": 17,
    "429": 18,
    "109": 18,
    "0": 18,
    "273": 18,
    "257": 18,
    "460": 18,
    "81": 18,
    "362": 18,
    "38": 18,
    "68": 18,
    "7": 18,
    "461": 18,
    "393": 18,
    "120": 18,
    "128": 18,
    "334": 18,
    "79": 18,
    "280": 18,
    "454": 18,
    "354": 18,
    "478": 19,
    "459": 19,
    "173": 19,
    "296": 19,
    "53": 19,
    "247": 19,
    "371": 19,
    "345": 19,
    "455": 19,
    "305": 19,
    "150": 19,
    "174": 19,
    "137": 19,
    "86": 19,
    "226": 19,
    "444": 19,
    "486": 19,
    "439": 19,
    "73": 19,
    "315": 19,
    "10": 20,
    "196": 20,
    "370": 20,
    "418": 20,
    "324": 20,
    "445": 20,
    "309": 20,
    "134": 20,
    "320": 20,
    "481": 20,
    "153": 20,
    "33": 20,
    "260": 20,
    "246": 20,
    "42": 20,
    "93": 20,
    "465": 20,
    "274": 20,
    "483": 20,
    "107": 20,
    "36": 21,
    "268": 21,
    "18": 21,
    "387": 21,
    "298": 21,
    "75": 21,
    "43": 21,
    "392": 21,
    "195": 21,
    "249": 21,
    "23": 21,
    "416": 21,
    "231": 21,
    "332": 21,
    "90": 21,
    "322": 21,
    "422": 21,
    "292": 21,
    "190": 21,
    "168": 21,
    "30": 22,
    "158": 22,
    "241": 22,
    "293": 22,
    "106": 22,
    "358": 22,
    "468": 22,
    "323": 22,
    "359": 22,
    "77": 22,
    "205": 22,
    "35": 22,
    "449": 22,
    "222": 22,
    "3": 22,
    "67": 22,
    "149": 22,
    "126": 22,
    "410": 22,
    "11": 22,
    "270": 23,
    "63": 23,
    "95": 23,
    "57": 23,
    "395": 23,
    "303": 23,
    "198": 23,
    "83": 23,
    "448": 23,
    "12": 23,
    "467": 23,
    "446": 23,
    "82": 23,
    "259": 23,
    "160": 23,
    "97": 23,
    "407": 23,
    "475": 23,
    "310": 23,
    "250": 23
}