{
    "327": 0,
    "385": 0,
    "51": 0,
    "235": 0,
    "229": 0,
    "47": 0,
    "447": 0,
    "244": 0,
    "471": 0,
    "479": 0,
    "19": 0,
    "420": 0,
    "263": 0,
    "182": 0,
    "337": 0,
    "194": 0,
    "282": 0,
    "462": 0,
    "346": 0,
    "32": 0,
    "188": 0,
    "302": 0,
    "11": 0,
    "218": 0,
    "160": 0,
    "72": 1,
    "406": 1,
    "258": 1,
    "384": 1,
    "100": 1,
    "340": 1,
    "223": 1,
    "172": 1,
    "129": 1,
    "230": 1,
    "248": 1,
    "206": 1,
    "262": 1,
    "117": 1,
    "156": 1,
    "254": 1,
    "64": 1,
    "321": 1,
    "458": 1,
    "311": 1,
    "435": 1,
    "125": 1,
    "74": 1,
    "17": 1,
    "426": 1,
    "380": 2,
    "159": 2,
    "453": 2,
    "210": 2,
    "178": 2,
    "132": 2,
    "283": 2,
    "390": 2,
    "108": 2,
    "413": 2,
    "474": 2,
    "295": 2,
    "256": 2,
    "389": 2,
    "325": 2,
    "114": 2,
    "403": 2,
    "80": 2,
    "228": 2,
    "265": 2,
    "179": 2,
    "238": 2,
    "266": 2,
    "246": 2,
    "310": 2,
    "200": 3,
    "221": 3,
    "290": 3,
    "46": 3,
    "170": 3,
    "13": 3,
    "8": 3,
    "111": 3,
    "456": 3,
    "372": 3,
    "438": 3,
    "279": 3,
    "381": 3,
    "264": 3,
    "169": 3,
    "56": 3,
    "312": 3,
    "189": 3,
    "59": 3,
    "299": 3,
    "98": 3,
    "431": 3,
    "186": 3,
    "177": 3,
    "21": 3,
    "355": 4,
    "294": 4,
    "343": 4,
    "339": 4,
    "224": 4,
    "133": 4,
    "92": 4,
    "61": 4,
    "14": 4,
    "60": 4,
    "69": 4,
    "286": 4,
    "9": 4,
    "291": 4,
    "211": 4,
    "151": 4,
    "261": 4,
    "408": 4,
    "396": 4,
    "225": 4,
    "401": 4,
    "145": 4,
    "118": 4,
    "78": 4,
    "252": 4,
    "485": 5,
    "352": 5,
    "87": 5,
    "155": 5,
    "66": 5,
    "463": 5,
    "50": 5,
    "443": 5,
    "397": 5,
    "409": 5,
    "350": 5,
    "356": 5,
    "187": 5,
    "288": 5,
    "39": 5,
    "233": 5,
    "202": 5,
    "437": 5,
    "329": 5,
    "55": 5,
    "152": 5,
    "237": 5,
    "45": 5,
    "394": 5,
    "347": 5,
    "301": 6,
    "342": 6,
    "199": 6,
    "65": 6,
    "432": 6,
    "316": 6,
    "240": 6,
    "349": 6,
    "163": 6,
    "477": 6,
    "377": 6,
    "245": 6,
    "216": 6,
    "433": 6,
    "236": 6,
    "428": 6,
    "130": 6,
    "365": 6,
    "313": 6,
    "393": 6,
    "40": 6,
    "250": 6,
    "411": 6,
    "26": 6,
    "452": 6,
    "482": 7,
    "62": 7,
    "94": 7,
    "101": 7,
    "212": 7,
    "1": 7,
    "227": 7,
    "476": 7,
    "213": 7,
    "427": 7,
    "304": 7,
    "209": 7,
    "104": 7,
    "335": 7,
    "373": 7,
    "281": 7,
    "68": 7,
    "348": 7,
    "305": 7,
    "204": 7,
    "425": 7,
    "367": 7,
    "180": 7,
    "215": 7,
    "109": 7,
    "253": 8,
    "48": 8,
    "421": 8,
    "341": 8,
    "167": 8,
    "121": 8,
    "192": 8,
    "89": 8,
    "34": 8,
    "91": 8,
    "165": 8,
    "115": 8,
    "16": 8,
    "122": 8,
    "164": 8,
    "331": 8,
    "44": 8,
    "139": 8,
    "103": 8,
    "415": 8,
    "105": 8,
    "116": 8,
    "314": 8,
    "412": 8,
    "84": 8,
    "307": 9,
    "360": 9,
    "251": 9,
    "28": 9,
    "58": 9,
    "207": 9,
    "70": 9,
    "275": 9,
    "176": 9,
    "138": 9,
    "232": 9,
    "336": 9,
    "191": 9,
    "404": 9,
    "269": 9,
    "184": 9,
    "234": 9,
    "487": 9,
    "278": 9,
    "334": 9,
    "71": 9,
    "451": 9,
    "374": 9,
    "361": 9,
    "289": 9,
    "142": 10,
    "317": 10,
    "464": 10,
    "338": 10,
    "113": 10,
    "148": 10,
    "203": 10,
    "405": 10,
    "391": 10,
    "472": 10,
    "484": 10,
    "363": 10,
    "5": 10,
    "284": 10,
    "369": 10,
    "112": 10,
    "300": 10,
    "201": 10,
    "124": 10,
    "414": 10,
    "208": 10,
    "25": 10,
    "424": 10,
    "127": 10,
    "102": 10,
    "242": 11,
    "267": 11,
    "183": 11,
    "287": 11,
    "330": 11,
    "37": 11,
    "157": 11,
    "423": 11,
    "29": 11,
    "351": 11,
    "326": 11,
    "480": 11,
    "378": 11,
    "143": 11,
    "469": 11,
    "20": 11,
    "466": 11,
    "306": 11,
    "402": 11,
    "52": 11,
    "99": 11,
    "173": 11,
    "353": 11,
    "15": 11,
    "123": 11,
    "383": 12,
    "76": 12,
    "276": 12,
    "271": 12,
    "255": 12,
    "219": 12,
    "119": 12,
    "4": 12,
    "54": 12,
    "277": 12,
    "136": 12,
    "398": 12,
    "333": 12,
    "220": 12,
    "357": 12,
    "217": 12,
    "470": 12,
    "436": 12,
    "144": 12,
    "154": 12,
    "386": 12,
    "214": 12,
    "388": 12,
    "430": 12,
    "166": 12,
    "88": 13,
    "272": 13,
    "243": 13,
    "379": 13,
    "442": 13,
    "308": 13,
    "285": 13,
    "457": 13,
    "141": 13,
    "297": 13,
    "96": 13,
    "434": 13,
    "7": 13,
    "399": 13,
    "0": 13,
    "417": 13,
    "460": 13,
    "197": 13,
    "319": 13,
    "400": 13,
    "85": 13,
    "273": 13,
    "239": 13,
    "38": 13,
    "2": 13,
    "429": 14,
    "24": 14,
    "22": 14,
    "257": 14,
    "31": 14,
    "131": 14,
    "6": 14,
    "318": 14,
    "81": 14,
    "366": 14,
    "362": 14,
    "376": 14,
    "140": 14,
    "193": 14,
    "185": 14,
    "461": 14,
    "450": 14,
    "120": 14,
    "382": 14,
    "181": 14,
    "128": 14,
    "79": 14,
    "27": 14,
    "147": 14,
    "280": 14,
    "478": 15,
    "459": 15,
    "161": 15,
    "296": 15,
    "419": 15,
    "53": 15,
    "247": 15,
    "371": 15,
    "345": 15,
    "146": 15,
    "455": 15,
    "454": 15,
    "364": 15,
    "150": 15,
    "174": 15,
    "137": 15,
    "86": 15,
    "226": 15,
    "354": 15,
    "328": 15,
    "444": 15,
    "486": 15,
    "473": 15,
    "439": 15,
    "344": 15,
    "110": 16,
    "481": 16,
    "18": 16,
    "465": 16,
    "324": 16,
    "93": 16,
    "370": 16,
    "171": 16,
    "445": 16,
    "42": 16,
    "107": 16,
    "274": 16,
    "315": 16,
    "440": 16,
    "33": 16,
    "387": 16,
    "73": 16,
    "268": 16,
    "483": 16,
    "241": 16,
    "153": 16,
    "309": 16,
    "43": 16,
    "75": 16,
    "196": 16,
    "441": 17,
    "231": 17,
    "195": 17,
    "158": 17,
    "249": 17,
    "392": 17,
    "332": 17,
    "298": 17,
    "23": 17,
    "320": 17,
    "422": 17,
    "293": 17,
    "190": 17,
    "106": 17,
    "468": 17,
    "416": 17,
    "134": 17,
    "149": 17,
    "77": 17,
    "418": 17,
    "175": 17,
    "90": 17,
    "292": 17,
    "358": 17,
    "322": 17
}