{
    "327": 0,
    "385": 0,
    "51": 0,
    "235": 0,
    "229": 0,
    "72": 1,
    "406": 1,
    "258": 1,
    "384": 1,
    "100": 1,
    "380": 2,
    "471": 2,
    "159": 2,
    "453": 2,
    "210": 2,
    "200": 3,
    "221": 3,
    "290": 3,
    "46": 3,
    "170": 3,
    "479": 4,
    "342": 4,
    "339": 4,
    "447": 4,
    "263": 4,
    "485": 5,
    "352": 5,
    "87": 5,
    "155": 5,
    "66": 5,
    "355": 6,
    "111": 6,
    "294": 6,
    "343": 6,
    "59": 6,
    "482": 7,
    "62": 7,
    "94": 7,
    "325": 7,
    "78": 7,
    "301": 8,
    "456": 8,
    "381": 8,
    "8": 8,
    "177": 8,
    "253": 9,
    "189": 9,
    "48": 9,
    "421": 9,
    "187": 9,
    "218": 10,
    "337": 10,
    "186": 10,
    "132": 10,
    "295": 10,
    "307": 11,
    "9": 11,
    "360": 11,
    "394": 11,
    "145": 11,
    "142": 12,
    "413": 12,
    "317": 12,
    "464": 12,
    "338": 12,
    "242": 13,
    "98": 13,
    "397": 13,
    "438": 13,
    "316": 13,
    "188": 14,
    "432": 14,
    "437": 14,
    "347": 14,
    "372": 14,
    "441": 15,
    "161": 15,
    "118": 15,
    "39": 15,
    "225": 15,
    "383": 16,
    "240": 16,
    "409": 16,
    "64": 16,
    "60": 16,
    "88": 17,
    "391": 17,
    "223": 17,
    "165": 17,
    "91": 17,
    "47": 18,
    "114": 18,
    "179": 18,
    "356": 18,
    "45": 18,
    "429": 19,
    "84": 19,
    "350": 19,
    "442": 19,
    "123": 19,
    "478": 20,
    "459": 20,
    "181": 20,
    "212": 20,
    "147": 20,
    "346": 21,
    "65": 21,
    "300": 21,
    "99": 21,
    "433": 21,
    "110": 22,
    "319": 22,
    "112": 22,
    "104": 22,
    "136": 22,
    "97": 23,
    "89": 23,
    "151": 23,
    "341": 23,
    "17": 23,
    "244": 24,
    "103": 24,
    "469": 24,
    "466": 24,
    "351": 24,
    "368": 25,
    "426": 25,
    "262": 25,
    "248": 25,
    "206": 25,
    "10": 26,
    "299": 26,
    "291": 26,
    "463": 26,
    "55": 26,
    "36": 27,
    "138": 27,
    "348": 27,
    "139": 27,
    "215": 27,
    "32": 28,
    "133": 28,
    "363": 28,
    "474": 28,
    "276": 28,
    "178": 29,
    "227": 29,
    "232": 29,
    "329": 29,
    "101": 29,
    "375": 30,
    "340": 30,
    "408": 30,
    "28": 30,
    "251": 30,
    "420": 31,
    "152": 31,
    "245": 31,
    "377": 31,
    "208": 31,
    "390": 32,
    "450": 32,
    "76": 32,
    "277": 32,
    "288": 32,
    "30": 33,
    "374": 33,
    "271": 33,
    "105": 33,
    "487": 33,
    "270": 34,
    "237": 34,
    "330": 34,
    "14": 34,
    "34": 34,
    "41": 35,
    "419": 35,
    "2": 35,
    "289": 35,
    "335": 35,
    "283": 36,
    "331": 36,
    "367": 36,
    "115": 36,
    "202": 36,
    "446": 37,
    "167": 37,
    "192": 37,
    "50": 37,
    "21": 37,
    "182": 38,
    "61": 38,
    "238": 38,
    "204": 38,
    "26": 38,
    "162": 39,
    "130": 39,
    "230": 39,
    "180": 39,
    "393": 39,
    "302": 40,
    "211": 40,
    "286": 40,
    "366": 40,
    "314": 40,
    "310": 41,
    "125": 41,
    "81": 41,
    "233": 41,
    "234": 41,
    "19": 42,
    "269": 42,
    "184": 42,
    "216": 42,
    "236": 42,
    "11": 43,
    "424": 43,
    "472": 43,
    "425": 43,
    "313": 43,
    "462": 44,
    "58": 44,
    "143": 44,
    "427": 44,
    "267": 44,
    "410": 45,
    "412": 45,
    "129": 45,
    "117": 45,
    "443": 45,
    "82": 46,
    "411": 46,
    "365": 46,
    "378": 46,
    "369": 46,
    "175": 47,
    "54": 47,
    "306": 47,
    "278": 47,
    "452": 47,
    "49": 48,
    "256": 48,
    "311": 48,
    "172": 48,
    "176": 48,
    "13": 49,
    "396": 49,
    "156": 49,
    "415": 49,
    "203": 49,
    "477": 50,
    "157": 50,
    "16": 50,
    "254": 50,
    "199": 50,
    "135": 51,
    "96": 51,
    "398": 51,
    "85": 51,
    "148": 51,
    "407": 52,
    "116": 52,
    "74": 52,
    "321": 52,
    "163": 52,
    "250": 53,
    "44": 53,
    "404": 53,
    "458": 53,
    "239": 53,
    "160": 54,
    "252": 54,
    "349": 54,
    "102": 54,
    "414": 54,
    "3": 55,
    "146": 55,
    "344": 55,
    "42": 55,
    "93": 55,
    "359": 56,
    "400": 56,
    "40": 56,
    "386": 56,
    "373": 56,
    "395": 57,
    "220": 57,
    "285": 57,
    "423": 57,
    "434": 57,
    "282": 58,
    "379": 58,
    "25": 58,
    "119": 58,
    "173": 58,
    "67": 59,
    "27": 59,
    "128": 59,
    "209": 59,
    "185": 59,
    "126": 60,
    "353": 60,
    "376": 60,
    "361": 60,
    "109": 60,
    "95": 61,
    "431": 61,
    "308": 61,
    "435": 61,
    "71": 61,
    "279": 62,
    "297": 62,
    "428": 62,
    "457": 62,
    "430": 62,
    "475": 63,
    "255": 63,
    "364": 63,
    "140": 63,
    "154": 63,
    "358": 64,
    "213": 64,
    "131": 64,
    "281": 64,
    "22": 64,
    "303": 65,
    "436": 65,
    "451": 65,
    "470": 65,
    "214": 65,
    "194": 66,
    "69": 66,
    "266": 66,
    "70": 66,
    "304": 66,
    "259": 67,
    "141": 67,
    "476": 67,
    "166": 67,
    "0": 67,
    "448": 68,
    "191": 68,
    "399": 68,
    "201": 68,
    "284": 68,
    "467": 69,
    "4": 69,
    "357": 69,
    "52": 69,
    "124": 69,
    "106": 70,
    "401": 70,
    "197": 70,
    "6": 70,
    "31": 70,
    "198": 71,
    "417": 71,
    "315": 71,
    "193": 71,
    "460": 71,
    "293": 72,
    "388": 72,
    "318": 72,
    "144": 72,
    "354": 72,
    "83": 73,
    "127": 73,
    "113": 73,
    "7": 73,
    "405": 73,
    "149": 74,
    "273": 74,
    "334": 74,
    "219": 74,
    "38": 74,
    "57": 75,
    "68": 75,
    "261": 75,
    "121": 75,
    "362": 75,
    "224": 76,
    "169": 76,
    "15": 76,
    "217": 76,
    "328": 76,
    "231": 77,
    "120": 77,
    "257": 77,
    "382": 77,
    "79": 77,
    "265": 78,
    "402": 78,
    "24": 78,
    "370": 78,
    "287": 78,
    "12": 79,
    "150": 79,
    "403": 79,
    "444": 79,
    "272": 79,
    "241": 80,
    "445": 80,
    "86": 80,
    "75": 80,
    "92": 80,
    "56": 81,
    "243": 81,
    "122": 81,
    "454": 81,
    "312": 81,
    "292": 82,
    "53": 82,
    "326": 82,
    "461": 82,
    "247": 82,
    "63": 83,
    "171": 83,
    "274": 83,
    "73": 83,
    "20": 83,
    "249": 84,
    "228": 84,
    "473": 84,
    "43": 84,
    "309": 84,
    "222": 85,
    "33": 85,
    "196": 85,
    "226": 85,
    "5": 85,
    "418": 86,
    "440": 86,
    "164": 86,
    "480": 86,
    "183": 86,
    "323": 87,
    "153": 87,
    "280": 87,
    "483": 87,
    "174": 87,
    "1": 88,
    "137": 88,
    "389": 88,
    "18": 88,
    "481": 88,
    "260": 89,
    "107": 89,
    "324": 89,
    "465": 89,
    "29": 89,
    "77": 90,
    "387": 90,
    "439": 90,
    "320": 90,
    "268": 90,
    "422": 91,
    "246": 91,
    "345": 91,
    "190": 91,
    "108": 91,
    "486": 92,
    "332": 92,
    "305": 92,
    "371": 92,
    "195": 92,
    "37": 93,
    "264": 93,
    "322": 93,
    "336": 93,
    "168": 93,
    "158": 94,
    "296": 94,
    "134": 94,
    "80": 94,
    "392": 94,
    "449": 95,
    "484": 95,
    "298": 95,
    "333": 95,
    "207": 95
}