{
    "327": 0,
    "385": 0,
    "51": 0,
    "235": 0,
    "229": 0,
    "47": 0,
    "447": 0,
    "244": 0,
    "72": 1,
    "406": 1,
    "258": 1,
    "384": 1,
    "100": 1,
    "340": 1,
    "223": 1,
    "172": 1,
    "380": 2,
    "471": 2,
    "159": 2,
    "453": 2,
    "210": 2,
    "178": 2,
    "263": 2,
    "132": 2,
    "200": 3,
    "221": 3,
    "290": 3,
    "46": 3,
    "170": 3,
    "13": 3,
    "8": 3,
    "111": 3,
    "479": 4,
    "342": 4,
    "339": 4,
    "212": 4,
    "28": 4,
    "296": 4,
    "9": 4,
    "337": 4,
    "485": 5,
    "352": 5,
    "87": 5,
    "155": 5,
    "66": 5,
    "463": 5,
    "295": 5,
    "50": 5,
    "355": 6,
    "294": 6,
    "343": 6,
    "59": 6,
    "186": 6,
    "256": 6,
    "474": 6,
    "224": 6,
    "482": 7,
    "62": 7,
    "94": 7,
    "325": 7,
    "78": 7,
    "101": 7,
    "394": 7,
    "145": 7,
    "301": 8,
    "456": 8,
    "381": 8,
    "177": 8,
    "312": 8,
    "266": 8,
    "199": 8,
    "65": 8,
    "253": 9,
    "189": 9,
    "48": 9,
    "421": 9,
    "187": 9,
    "341": 9,
    "367": 9,
    "216": 9,
    "218": 10,
    "286": 10,
    "114": 10,
    "24": 10,
    "466": 10,
    "433": 10,
    "194": 10,
    "171": 10,
    "307": 11,
    "360": 11,
    "329": 11,
    "408": 11,
    "227": 11,
    "251": 11,
    "58": 11,
    "118": 11,
    "142": 12,
    "413": 12,
    "317": 12,
    "464": 12,
    "338": 12,
    "236": 12,
    "377": 12,
    "415": 12,
    "242": 13,
    "98": 13,
    "397": 13,
    "438": 13,
    "316": 13,
    "291": 13,
    "55": 13,
    "267": 13,
    "188": 14,
    "432": 14,
    "437": 14,
    "347": 14,
    "372": 14,
    "60": 14,
    "151": 14,
    "443": 14,
    "441": 15,
    "161": 15,
    "39": 15,
    "225": 15,
    "64": 15,
    "204": 15,
    "104": 15,
    "26": 15,
    "383": 16,
    "240": 16,
    "409": 16,
    "179": 16,
    "349": 16,
    "61": 16,
    "14": 16,
    "335": 16,
    "88": 17,
    "391": 17,
    "165": 17,
    "91": 17,
    "272": 17,
    "321": 17,
    "129": 17,
    "243": 17,
    "478": 18,
    "459": 18,
    "181": 18,
    "147": 18,
    "180": 18,
    "311": 18,
    "130": 18,
    "6": 18,
    "429": 19,
    "84": 19,
    "350": 19,
    "123": 19,
    "442": 19,
    "230": 19,
    "69": 19,
    "17": 19,
    "110": 20,
    "319": 20,
    "112": 20,
    "300": 20,
    "99": 20,
    "136": 20,
    "361": 20,
    "398": 20,
    "97": 21,
    "89": 21,
    "34": 21,
    "252": 21,
    "365": 21,
    "125": 21,
    "299": 21,
    "262": 21,
    "346": 22,
    "271": 22,
    "102": 22,
    "115": 22,
    "452": 22,
    "96": 22,
    "124": 22,
    "211": 22,
    "375": 23,
    "426": 23,
    "103": 23,
    "334": 23,
    "427": 23,
    "176": 23,
    "215": 23,
    "314": 23,
    "10": 24,
    "232": 24,
    "167": 24,
    "288": 24,
    "45": 24,
    "331": 24,
    "192": 24,
    "21": 24,
    "36": 25,
    "138": 25,
    "348": 25,
    "139": 25,
    "117": 25,
    "458": 25,
    "206": 25,
    "156": 25,
    "32": 26,
    "133": 26,
    "363": 26,
    "276": 26,
    "469": 26,
    "76": 26,
    "219": 26,
    "40": 26,
    "368": 27,
    "248": 27,
    "269": 27,
    "396": 27,
    "412": 27,
    "44": 27,
    "356": 27,
    "119": 27,
    "390": 28,
    "450": 28,
    "277": 28,
    "374": 28,
    "202": 28,
    "425": 28,
    "245": 28,
    "353": 28,
    "30": 29,
    "105": 29,
    "487": 29,
    "154": 29,
    "472": 29,
    "255": 29,
    "144": 29,
    "140": 29,
    "420": 30,
    "152": 30,
    "208": 30,
    "405": 30,
    "148": 30,
    "74": 30,
    "284": 30,
    "122": 30,
    "162": 31,
    "393": 31,
    "184": 31,
    "22": 31,
    "234": 31,
    "289": 31,
    "306": 31,
    "239": 31,
    "283": 32,
    "470": 32,
    "2": 32,
    "238": 32,
    "402": 32,
    "173": 32,
    "357": 32,
    "379": 32,
    "446": 33,
    "157": 33,
    "16": 33,
    "423": 33,
    "369": 33,
    "237": 33,
    "411": 33,
    "70": 33,
    "182": 34,
    "313": 34,
    "304": 34,
    "163": 34,
    "278": 34,
    "424": 34,
    "166": 34,
    "92": 34,
    "270": 35,
    "330": 35,
    "121": 35,
    "480": 35,
    "373": 35,
    "183": 35,
    "378": 35,
    "71": 35,
    "302": 36,
    "366": 36,
    "414": 36,
    "254": 36,
    "233": 36,
    "308": 36,
    "25": 36,
    "214": 36,
    "310": 37,
    "81": 37,
    "351": 37,
    "430": 37,
    "457": 37,
    "213": 37,
    "386": 37,
    "476": 37,
    "41": 38,
    "419": 38,
    "400": 38,
    "401": 38,
    "281": 38,
    "54": 38,
    "217": 38,
    "27": 38,
    "19": 39,
    "52": 39,
    "220": 39,
    "143": 39,
    "435": 39,
    "434": 39,
    "436": 39,
    "116": 39,
    "82": 40,
    "261": 40,
    "85": 40,
    "287": 40,
    "451": 40,
    "404": 40,
    "428": 40,
    "169": 40,
    "11": 41,
    "376": 41,
    "197": 41,
    "273": 41,
    "362": 41,
    "191": 41,
    "382": 41,
    "318": 41,
    "462": 42,
    "297": 42,
    "131": 42,
    "388": 42,
    "285": 42,
    "109": 42,
    "141": 42,
    "0": 42,
    "410": 43,
    "454": 43,
    "201": 43,
    "68": 43,
    "203": 43,
    "4": 43,
    "399": 43,
    "193": 43,
    "49": 44,
    "417": 44,
    "38": 44,
    "209": 44,
    "127": 44,
    "185": 44,
    "128": 44,
    "31": 44,
    "407": 45,
    "315": 45,
    "113": 45,
    "460": 45,
    "7": 45,
    "431": 45,
    "257": 45,
    "120": 45,
    "477": 46,
    "15": 46,
    "403": 46,
    "168": 46,
    "73": 46,
    "164": 46,
    "461": 46,
    "309": 46,
    "175": 47,
    "146": 47,
    "344": 47,
    "226": 47,
    "18": 47,
    "445": 47,
    "79": 47,
    "473": 47,
    "395": 48,
    "326": 48,
    "196": 48,
    "53": 48,
    "33": 48,
    "264": 48,
    "20": 48,
    "328": 48,
    "250": 49,
    "354": 49,
    "444": 49,
    "364": 49,
    "228": 49,
    "280": 49,
    "370": 49,
    "247": 49,
    "160": 50,
    "440": 50,
    "5": 50,
    "387": 50,
    "80": 50,
    "274": 50,
    "86": 50,
    "150": 50,
    "3": 51,
    "42": 51,
    "93": 51,
    "324": 51,
    "107": 51,
    "465": 51,
    "481": 51,
    "195": 51,
    "135": 52,
    "389": 52,
    "333": 52,
    "483": 52,
    "439": 52,
    "268": 52,
    "246": 52,
    "153": 52,
    "279": 53,
    "336": 53,
    "332": 53,
    "320": 53,
    "322": 53,
    "260": 53,
    "75": 53,
    "29": 53,
    "359": 54,
    "158": 54,
    "345": 54,
    "23": 54,
    "43": 54,
    "137": 54,
    "371": 54,
    "392": 54,
    "67": 55,
    "305": 55,
    "108": 55,
    "455": 55,
    "134": 55,
    "90": 55,
    "174": 55,
    "468": 55,
    "282": 56,
    "418": 56,
    "207": 56,
    "37": 56,
    "416": 56,
    "275": 56,
    "77": 56,
    "35": 56,
    "475": 57,
    "486": 57,
    "190": 57,
    "298": 57,
    "484": 57,
    "449": 57,
    "241": 57,
    "205": 57,
    "95": 58,
    "56": 58,
    "63": 58,
    "222": 58,
    "467": 58,
    "265": 58,
    "303": 58,
    "12": 58,
    "126": 59,
    "249": 59,
    "293": 59,
    "358": 59,
    "106": 59,
    "149": 59,
    "422": 59,
    "231": 59
}