{
    "333": 0,
    "386": 0,
    "51": 0,
    "235": 0,
    "485": 0,
    "47": 0,
    "448": 0,
    "470": 0,
    "477": 0,
    "173": 0,
    "18": 0,
    "70": 0,
    "380": 1,
    "154": 1,
    "455": 1,
    "174": 1,
    "478": 1,
    "263": 1,
    "131": 1,
    "285": 1,
    "107": 1,
    "261": 1,
    "410": 1,
    "473": 1,
    "487": 2,
    "220": 2,
    "111": 2,
    "109": 2,
    "458": 2,
    "280": 2,
    "438": 2,
    "28": 2,
    "58": 2,
    "464": 2,
    "252": 2,
    "167": 2,
    "483": 3,
    "198": 3,
    "356": 3,
    "320": 3,
    "87": 3,
    "150": 3,
    "63": 3,
    "463": 3,
    "297": 3,
    "50": 3,
    "444": 3,
    "114": 3,
    "359": 4,
    "175": 4,
    "293": 4,
    "349": 4,
    "345": 4,
    "255": 4,
    "223": 4,
    "92": 4,
    "166": 4,
    "301": 4,
    "60": 4,
    "13": 4,
    "481": 5,
    "210": 5,
    "331": 5,
    "74": 5,
    "100": 5,
    "434": 5,
    "262": 5,
    "329": 5,
    "208": 5,
    "162": 5,
    "182": 5,
    "225": 5,
    "215": 6,
    "342": 6,
    "282": 6,
    "62": 6,
    "266": 6,
    "289": 6,
    "24": 6,
    "467": 6,
    "430": 6,
    "189": 6,
    "89": 6,
    "101": 6,
    "253": 7,
    "184": 7,
    "48": 7,
    "417": 7,
    "394": 7,
    "348": 7,
    "369": 7,
    "213": 7,
    "237": 7,
    "360": 7,
    "451": 7,
    "164": 7,
    "194": 8,
    "46": 8,
    "372": 8,
    "381": 8,
    "55": 8,
    "316": 8,
    "303": 8,
    "96": 8,
    "426": 8,
    "20": 8,
    "230": 8,
    "294": 8,
    "141": 9,
    "151": 9,
    "45": 9,
    "234": 9,
    "404": 9,
    "10": 9,
    "422": 9,
    "318": 9,
    "119": 9,
    "14": 9,
    "103": 9,
    "39": 9,
    "83": 10,
    "479": 10,
    "118": 10,
    "275": 10,
    "122": 10,
    "147": 10,
    "187": 10,
    "232": 10,
    "146": 10,
    "244": 10,
    "270": 10,
    "276": 10,
    "310": 11,
    "365": 11,
    "335": 11,
    "277": 11,
    "250": 11,
    "57": 11,
    "115": 11,
    "61": 11,
    "247": 11,
    "421": 11,
    "257": 11,
    "199": 11,
    "242": 12,
    "327": 12,
    "268": 12,
    "180": 12,
    "290": 12,
    "202": 12,
    "68": 12,
    "405": 12,
    "291": 12,
    "437": 12,
    "428": 12,
    "233": 12,
    "138": 13,
    "127": 13,
    "321": 13,
    "465": 13,
    "343": 13,
    "236": 13,
    "377": 13,
    "412": 13,
    "113": 13,
    "143": 13,
    "196": 13,
    "176": 13,
    "389": 14,
    "160": 14,
    "59": 14,
    "436": 14,
    "352": 14,
    "340": 14,
    "90": 14,
    "84": 14,
    "15": 14,
    "204": 14,
    "336": 14,
    "229": 14,
    "216": 15,
    "177": 15,
    "354": 15,
    "219": 15,
    "129": 15,
    "407": 15,
    "424": 15,
    "475": 15,
    "99": 15,
    "203": 15,
    "195": 15,
    "172": 15,
    "183": 16,
    "8": 16,
    "66": 16,
    "152": 16,
    "286": 16,
    "222": 16,
    "75": 16,
    "206": 16,
    "384": 16,
    "158": 16,
    "16": 16,
    "130": 16,
    "442": 17,
    "156": 17,
    "267": 17,
    "224": 17,
    "26": 17,
    "72": 17,
    "80": 17,
    "190": 17,
    "163": 17,
    "454": 17,
    "102": 17,
    "374": 17,
    "383": 18,
    "240": 18,
    "353": 18,
    "287": 18,
    "403": 18,
    "112": 18,
    "420": 18,
    "67": 18,
    "272": 18,
    "35": 18,
    "254": 18,
    "366": 18,
    "88": 19,
    "450": 19,
    "395": 19,
    "273": 19,
    "326": 19,
    "40": 19,
    "243": 19,
    "201": 19,
    "315": 19,
    "117": 19,
    "168": 19,
    "379": 19,
    "476": 20,
    "461": 20,
    "178": 20,
    "191": 20,
    "6": 20,
    "409": 20,
    "239": 20,
    "135": 20,
    "283": 20,
    "306": 20,
    "186": 20,
    "98": 20,
    "423": 21,
    "443": 21,
    "123": 21,
    "104": 21,
    "251": 21,
    "265": 21,
    "435": 21,
    "391": 21,
    "124": 21,
    "398": 21,
    "411": 21,
    "471": 21,
    "110": 22,
    "324": 22,
    "399": 22,
    "94": 22,
    "322": 22,
    "309": 22,
    "406": 22,
    "317": 22,
    "25": 22,
    "137": 22,
    "3": 22,
    "362": 22,
    "97": 23,
    "486": 23,
    "460": 23,
    "387": 23,
    "288": 23,
    "378": 23,
    "292": 23,
    "227": 23,
    "116": 23,
    "120": 23,
    "108": 23,
    "149": 23,
    "375": 24,
    "338": 24,
    "209": 24,
    "278": 24,
    "52": 24,
    "161": 24,
    "453": 24,
    "212": 24,
    "54": 24,
    "218": 24,
    "425": 24,
    "41": 24,
    "304": 25,
    "368": 25,
    "238": 25,
    "311": 25,
    "211": 25,
    "376": 25,
    "373": 25,
    "432": 25,
    "136": 25,
    "33": 25,
    "217": 25,
    "427": 25,
    "32": 26,
    "469": 26,
    "392": 26,
    "91": 26,
    "85": 26,
    "357": 26,
    "214": 26,
    "185": 26,
    "79": 26,
    "21": 26,
    "1": 26,
    "367": 26,
    "37": 27,
    "126": 27,
    "400": 27,
    "361": 27,
    "459": 27,
    "0": 27,
    "205": 27,
    "188": 27,
    "323": 27,
    "414": 27,
    "31": 27,
    "355": 27,
    "271": 28,
    "401": 28,
    "139": 28,
    "19": 28,
    "419": 28,
    "76": 28,
    "332": 28,
    "4": 28,
    "260": 28,
    "159": 28,
    "298": 28,
    "193": 28,
    "29": 29,
    "429": 29,
    "281": 29,
    "181": 29,
    "77": 29,
    "274": 29,
    "9": 29,
    "27": 29,
    "358": 29,
    "472": 29,
    "140": 29,
    "307": 29,
    "179": 30,
    "226": 30,
    "312": 30,
    "346": 30,
    "128": 30,
    "121": 30,
    "7": 30,
    "246": 30,
    "344": 30,
    "402": 30,
    "382": 30,
    "445": 30,
    "228": 31,
    "145": 31,
    "457": 31,
    "339": 31,
    "65": 31,
    "256": 31,
    "132": 31,
    "456": 31,
    "38": 31,
    "245": 31,
    "334": 31,
    "53": 31,
    "157": 32,
    "207": 32,
    "17": 32,
    "300": 32,
    "350": 32,
    "308": 32,
    "351": 32,
    "299": 32,
    "319": 32,
    "169": 32,
    "371": 32,
    "433": 32,
    "447": 33,
    "313": 33,
    "279": 33,
    "34": 33,
    "325": 33,
    "440": 33,
    "341": 33,
    "370": 33,
    "416": 33,
    "431": 33,
    "197": 33,
    "69": 33,
    "95": 34,
    "415": 34,
    "134": 34,
    "22": 34,
    "446": 34,
    "441": 34,
    "439": 34,
    "86": 34,
    "106": 34,
    "36": 34,
    "337": 34,
    "466": 34,
    "42": 35,
    "480": 35,
    "44": 35,
    "93": 35,
    "71": 35,
    "170": 35,
    "393": 35,
    "269": 35,
    "43": 35,
    "296": 35,
    "148": 35,
    "388": 35,
    "125": 36,
    "330": 36,
    "23": 36,
    "153": 36,
    "78": 36,
    "5": 36,
    "264": 36,
    "385": 36,
    "302": 36,
    "396": 36,
    "64": 36,
    "413": 36,
    "397": 37,
    "142": 37,
    "221": 37,
    "200": 37,
    "259": 37,
    "328": 37,
    "452": 37,
    "165": 37,
    "482": 37,
    "484": 37,
    "390": 37,
    "30": 37,
    "81": 38,
    "12": 38,
    "73": 38,
    "418": 38,
    "192": 38,
    "347": 38,
    "295": 38,
    "82": 38,
    "305": 38,
    "248": 38,
    "241": 38,
    "56": 38,
    "11": 39,
    "231": 39,
    "105": 39,
    "144": 39,
    "171": 39,
    "363": 39,
    "258": 39,
    "2": 39,
    "249": 39,
    "474": 39,
    "364": 39,
    "449": 39
}