{
    "333": 0,
    "386": 0,
    "51": 0,
    "235": 0,
    "485": 0,
    "47": 0,
    "448": 0,
    "470": 0,
    "477": 0,
    "173": 0,
    "18": 0,
    "70": 0,
    "263": 0,
    "179": 0,
    "342": 0,
    "380": 1,
    "154": 1,
    "455": 1,
    "174": 1,
    "478": 1,
    "131": 1,
    "285": 1,
    "107": 1,
    "261": 1,
    "410": 1,
    "473": 1,
    "297": 1,
    "255": 1,
    "125": 1,
    "393": 1,
    "487": 2,
    "220": 2,
    "111": 2,
    "109": 2,
    "458": 2,
    "280": 2,
    "438": 2,
    "28": 2,
    "58": 2,
    "464": 2,
    "252": 2,
    "167": 2,
    "166": 2,
    "184": 2,
    "372": 2,
    "483": 3,
    "198": 3,
    "356": 3,
    "320": 3,
    "87": 3,
    "150": 3,
    "63": 3,
    "463": 3,
    "50": 3,
    "444": 3,
    "114": 3,
    "407": 3,
    "287": 3,
    "360": 3,
    "238": 3,
    "359": 4,
    "175": 4,
    "293": 4,
    "349": 4,
    "345": 4,
    "223": 4,
    "92": 4,
    "301": 4,
    "60": 4,
    "13": 4,
    "59": 4,
    "66": 4,
    "289": 4,
    "10": 4,
    "294": 4,
    "481": 5,
    "210": 5,
    "331": 5,
    "74": 5,
    "100": 5,
    "434": 5,
    "262": 5,
    "329": 5,
    "208": 5,
    "162": 5,
    "182": 5,
    "225": 5,
    "354": 5,
    "475": 5,
    "403": 5,
    "215": 6,
    "282": 6,
    "62": 6,
    "266": 6,
    "24": 6,
    "467": 6,
    "430": 6,
    "189": 6,
    "89": 6,
    "101": 6,
    "119": 6,
    "317": 6,
    "204": 6,
    "45": 6,
    "103": 6,
    "253": 7,
    "48": 7,
    "417": 7,
    "394": 7,
    "348": 7,
    "369": 7,
    "213": 7,
    "237": 7,
    "451": 7,
    "164": 7,
    "222": 7,
    "96": 7,
    "122": 7,
    "61": 7,
    "187": 7,
    "194": 8,
    "46": 8,
    "381": 8,
    "55": 8,
    "316": 8,
    "303": 8,
    "426": 8,
    "20": 8,
    "230": 8,
    "353": 8,
    "176": 8,
    "428": 8,
    "90": 8,
    "118": 8,
    "452": 8,
    "141": 9,
    "151": 9,
    "234": 9,
    "404": 9,
    "422": 9,
    "318": 9,
    "14": 9,
    "39": 9,
    "203": 9,
    "469": 9,
    "153": 9,
    "309": 9,
    "340": 9,
    "247": 9,
    "239": 9,
    "83": 10,
    "479": 10,
    "275": 10,
    "147": 10,
    "232": 10,
    "146": 10,
    "244": 10,
    "270": 10,
    "276": 10,
    "377": 10,
    "68": 10,
    "195": 10,
    "327": 10,
    "398": 10,
    "202": 10,
    "310": 11,
    "365": 11,
    "335": 11,
    "277": 11,
    "250": 11,
    "57": 11,
    "115": 11,
    "421": 11,
    "257": 11,
    "199": 11,
    "454": 11,
    "251": 11,
    "67": 11,
    "172": 11,
    "135": 11,
    "242": 12,
    "268": 12,
    "180": 12,
    "290": 12,
    "405": 12,
    "291": 12,
    "437": 12,
    "233": 12,
    "436": 12,
    "267": 12,
    "152": 12,
    "160": 12,
    "419": 12,
    "352": 12,
    "355": 12,
    "138": 13,
    "127": 13,
    "321": 13,
    "465": 13,
    "343": 13,
    "236": 13,
    "412": 13,
    "113": 13,
    "143": 13,
    "196": 13,
    "326": 13,
    "315": 13,
    "283": 13,
    "76": 13,
    "395": 13,
    "389": 14,
    "84": 14,
    "15": 14,
    "336": 14,
    "229": 14,
    "319": 14,
    "201": 14,
    "35": 14,
    "102": 14,
    "75": 14,
    "374": 14,
    "26": 14,
    "384": 14,
    "129": 14,
    "98": 14,
    "216": 15,
    "177": 15,
    "219": 15,
    "424": 15,
    "99": 15,
    "409": 15,
    "224": 15,
    "117": 15,
    "25": 15,
    "40": 15,
    "292": 15,
    "471": 15,
    "168": 15,
    "460": 15,
    "211": 15,
    "183": 16,
    "8": 16,
    "286": 16,
    "206": 16,
    "158": 16,
    "16": 16,
    "130": 16,
    "435": 16,
    "163": 16,
    "443": 16,
    "265": 16,
    "332": 16,
    "344": 16,
    "368": 16,
    "72": 16,
    "442": 17,
    "156": 17,
    "80": 17,
    "190": 17,
    "94": 17,
    "278": 17,
    "486": 17,
    "178": 17,
    "420": 17,
    "120": 17,
    "272": 17,
    "254": 17,
    "406": 17,
    "41": 17,
    "240": 17,
    "383": 18,
    "112": 18,
    "366": 18,
    "227": 18,
    "217": 18,
    "401": 18,
    "116": 18,
    "4": 18,
    "226": 18,
    "298": 18,
    "373": 18,
    "209": 18,
    "346": 18,
    "218": 18,
    "54": 18,
    "88": 19,
    "450": 19,
    "273": 19,
    "243": 19,
    "379": 19,
    "126": 19,
    "123": 19,
    "427": 19,
    "311": 19,
    "387": 19,
    "411": 19,
    "288": 19,
    "459": 19,
    "193": 19,
    "391": 19,
    "423": 20,
    "104": 20,
    "124": 20,
    "108": 20,
    "3": 20,
    "128": 20,
    "432": 20,
    "212": 20,
    "33": 20,
    "399": 20,
    "149": 20,
    "1": 20,
    "21": 20,
    "161": 20,
    "0": 20,
    "476": 21,
    "461": 21,
    "191": 21,
    "6": 21,
    "306": 21,
    "186": 21,
    "169": 21,
    "324": 21,
    "361": 21,
    "338": 21,
    "307": 21,
    "299": 21,
    "274": 21,
    "53": 21,
    "246": 21,
    "110": 22,
    "322": 22,
    "137": 22,
    "362": 22,
    "185": 22,
    "9": 22,
    "376": 22,
    "85": 22,
    "425": 22,
    "188": 22,
    "357": 22,
    "27": 22,
    "392": 22,
    "378": 22,
    "429": 22,
    "97": 23,
    "453": 23,
    "323": 23,
    "414": 23,
    "400": 23,
    "38": 23,
    "65": 23,
    "31": 23,
    "205": 23,
    "260": 23,
    "52": 23,
    "79": 23,
    "312": 23,
    "433": 23,
    "7": 23,
    "375": 24,
    "207": 24,
    "170": 24,
    "334": 24,
    "456": 24,
    "339": 24,
    "371": 24,
    "132": 24,
    "441": 24,
    "145": 24,
    "457": 24,
    "256": 24,
    "214": 24,
    "44": 24,
    "308": 24,
    "304": 25,
    "136": 25,
    "121": 25,
    "382": 25,
    "402": 25,
    "139": 25,
    "482": 25,
    "181": 25,
    "367": 25,
    "350": 25,
    "77": 25,
    "34": 25,
    "472": 25,
    "140": 25,
    "388": 25,
    "271": 26,
    "19": 26,
    "159": 26,
    "416": 26,
    "259": 26,
    "341": 26,
    "197": 26,
    "279": 26,
    "370": 26,
    "300": 26,
    "445": 26,
    "313": 26,
    "5": 26,
    "281": 26,
    "86": 26,
    "29": 27,
    "358": 27,
    "446": 27,
    "91": 27,
    "480": 27,
    "466": 27,
    "106": 27,
    "93": 27,
    "269": 27,
    "351": 27,
    "22": 27,
    "71": 27,
    "78": 27,
    "69": 27,
    "43": 27,
    "32": 28,
    "241": 28,
    "440": 28,
    "439": 28,
    "17": 28,
    "364": 28,
    "431": 28,
    "23": 28,
    "105": 28,
    "134": 28,
    "484": 28,
    "148": 28,
    "396": 28,
    "144": 28,
    "418": 28,
    "37": 29,
    "302": 29,
    "245": 29,
    "325": 29,
    "248": 29,
    "385": 29,
    "142": 29,
    "413": 29,
    "231": 29,
    "337": 29,
    "328": 29,
    "30": 29,
    "295": 29,
    "165": 29,
    "73": 29,
    "157": 30,
    "296": 30,
    "42": 30,
    "64": 30,
    "363": 30,
    "415": 30,
    "36": 30,
    "264": 30,
    "171": 30,
    "330": 30,
    "249": 30,
    "314": 30,
    "258": 30,
    "449": 30,
    "200": 30,
    "447": 31,
    "221": 31,
    "347": 31,
    "397": 31,
    "192": 31,
    "155": 31,
    "284": 31,
    "305": 31,
    "82": 31,
    "462": 31,
    "390": 31,
    "12": 31,
    "56": 31,
    "95": 31,
    "468": 31
}