{
    "333": 0,
    "386": 0,
    "51": 0,
    "235": 0,
    "485": 0,
    "47": 0,
    "448": 0,
    "470": 0,
    "477": 0,
    "173": 0,
    "18": 0,
    "70": 0,
    "263": 0,
    "179": 0,
    "342": 0,
    "189": 0,
    "284": 0,
    "462": 0,
    "32": 0,
    "478": 0,
    "380": 1,
    "154": 1,
    "455": 1,
    "174": 1,
    "131": 1,
    "285": 1,
    "107": 1,
    "261": 1,
    "410": 1,
    "473": 1,
    "297": 1,
    "255": 1,
    "125": 1,
    "393": 1,
    "331": 1,
    "198": 1,
    "114": 1,
    "282": 1,
    "402": 1,
    "78": 1,
    "487": 2,
    "220": 2,
    "111": 2,
    "109": 2,
    "458": 2,
    "280": 2,
    "438": 2,
    "28": 2,
    "58": 2,
    "464": 2,
    "252": 2,
    "167": 2,
    "166": 2,
    "184": 2,
    "372": 2,
    "266": 2,
    "415": 2,
    "303": 2,
    "275": 2,
    "10": 2,
    "483": 3,
    "356": 3,
    "320": 3,
    "87": 3,
    "150": 3,
    "63": 3,
    "463": 3,
    "50": 3,
    "444": 3,
    "407": 3,
    "287": 3,
    "360": 3,
    "238": 3,
    "182": 3,
    "327": 3,
    "291": 3,
    "39": 3,
    "233": 3,
    "195": 3,
    "436": 3,
    "359": 4,
    "175": 4,
    "293": 4,
    "349": 4,
    "345": 4,
    "223": 4,
    "92": 4,
    "301": 4,
    "60": 4,
    "13": 4,
    "59": 4,
    "66": 4,
    "289": 4,
    "294": 4,
    "206": 4,
    "146": 4,
    "260": 4,
    "404": 4,
    "96": 4,
    "398": 4,
    "481": 5,
    "210": 5,
    "74": 5,
    "100": 5,
    "434": 5,
    "262": 5,
    "329": 5,
    "208": 5,
    "162": 5,
    "225": 5,
    "354": 5,
    "475": 5,
    "403": 5,
    "247": 5,
    "209": 5,
    "422": 5,
    "451": 5,
    "307": 5,
    "424": 5,
    "205": 5,
    "215": 6,
    "62": 6,
    "24": 6,
    "467": 6,
    "430": 6,
    "89": 6,
    "101": 6,
    "119": 6,
    "317": 6,
    "204": 6,
    "45": 6,
    "103": 6,
    "264": 6,
    "365": 6,
    "361": 6,
    "440": 6,
    "68": 6,
    "251": 6,
    "469": 6,
    "41": 6,
    "253": 7,
    "48": 7,
    "417": 7,
    "394": 7,
    "348": 7,
    "369": 7,
    "213": 7,
    "237": 7,
    "164": 7,
    "222": 7,
    "122": 7,
    "61": 7,
    "187": 7,
    "202": 7,
    "377": 7,
    "437": 7,
    "90": 7,
    "40": 7,
    "160": 7,
    "115": 7,
    "194": 8,
    "46": 8,
    "381": 8,
    "55": 8,
    "316": 8,
    "426": 8,
    "20": 8,
    "230": 8,
    "353": 8,
    "176": 8,
    "428": 8,
    "118": 8,
    "452": 8,
    "229": 8,
    "419": 8,
    "123": 8,
    "479": 8,
    "193": 8,
    "180": 8,
    "152": 8,
    "141": 9,
    "151": 9,
    "234": 9,
    "318": 9,
    "14": 9,
    "203": 9,
    "153": 9,
    "309": 9,
    "340": 9,
    "239": 9,
    "335": 9,
    "75": 9,
    "232": 9,
    "226": 9,
    "172": 9,
    "355": 9,
    "391": 9,
    "135": 9,
    "296": 9,
    "8": 9,
    "83": 10,
    "147": 10,
    "244": 10,
    "270": 10,
    "276": 10,
    "352": 10,
    "290": 10,
    "338": 10,
    "158": 10,
    "332": 10,
    "321": 10,
    "159": 10,
    "336": 10,
    "268": 10,
    "127": 10,
    "277": 10,
    "16": 10,
    "265": 10,
    "84": 10,
    "378": 10,
    "310": 11,
    "250": 11,
    "57": 11,
    "421": 11,
    "257": 11,
    "199": 11,
    "454": 11,
    "67": 11,
    "460": 11,
    "409": 11,
    "99": 11,
    "26": 11,
    "341": 11,
    "315": 11,
    "236": 11,
    "267": 11,
    "186": 11,
    "227": 11,
    "224": 11,
    "117": 11,
    "242": 12,
    "405": 12,
    "163": 12,
    "3": 12,
    "412": 12,
    "139": 12,
    "19": 12,
    "401": 12,
    "190": 12,
    "52": 12,
    "98": 12,
    "169": 12,
    "201": 12,
    "357": 12,
    "129": 12,
    "15": 12,
    "168": 12,
    "374": 12,
    "25": 12,
    "406": 12,
    "138": 13,
    "465": 13,
    "343": 13,
    "113": 13,
    "143": 13,
    "196": 13,
    "326": 13,
    "283": 13,
    "76": 13,
    "395": 13,
    "427": 13,
    "384": 13,
    "116": 13,
    "471": 13,
    "35": 13,
    "482": 13,
    "366": 13,
    "5": 13,
    "286": 13,
    "112": 13,
    "389": 14,
    "319": 14,
    "102": 14,
    "420": 14,
    "211": 14,
    "21": 14,
    "217": 14,
    "240": 14,
    "130": 14,
    "376": 14,
    "254": 14,
    "54": 14,
    "94": 14,
    "387": 14,
    "120": 14,
    "379": 14,
    "72": 14,
    "486": 14,
    "218": 14,
    "411": 14,
    "216": 15,
    "177": 15,
    "219": 15,
    "292": 15,
    "373": 15,
    "161": 15,
    "278": 15,
    "459": 15,
    "212": 15,
    "4": 15,
    "425": 15,
    "306": 15,
    "453": 15,
    "288": 15,
    "65": 15,
    "170": 15,
    "126": 15,
    "108": 15,
    "346": 15,
    "128": 15,
    "183": 16,
    "435": 16,
    "443": 16,
    "344": 16,
    "368": 16,
    "311": 16,
    "323": 16,
    "149": 16,
    "272": 16,
    "104": 16,
    "370": 16,
    "124": 16,
    "399": 16,
    "298": 16,
    "322": 16,
    "324": 16,
    "273": 16,
    "432": 16,
    "9": 16,
    "7": 16,
    "442": 17,
    "156": 17,
    "80": 17,
    "178": 17,
    "137": 17,
    "0": 17,
    "31": 17,
    "85": 17,
    "256": 17,
    "362": 17,
    "33": 17,
    "433": 17,
    "400": 17,
    "392": 17,
    "312": 17,
    "214": 17,
    "456": 17,
    "185": 17,
    "414": 17,
    "274": 17,
    "383": 18,
    "6": 18,
    "136": 18,
    "334": 18,
    "79": 18,
    "1": 18,
    "246": 18,
    "27": 18,
    "472": 18,
    "197": 18,
    "181": 18,
    "367": 18,
    "382": 18,
    "191": 18,
    "121": 18,
    "350": 18,
    "446": 18,
    "38": 18,
    "188": 18,
    "53": 18,
    "88": 19,
    "450": 19,
    "243": 19,
    "77": 19,
    "445": 19,
    "416": 19,
    "140": 19,
    "145": 19,
    "429": 19,
    "34": 19,
    "431": 19,
    "69": 19,
    "339": 19,
    "358": 19,
    "300": 19,
    "221": 19,
    "313": 19,
    "279": 19,
    "86": 19,
    "466": 19,
    "476": 20,
    "461": 20,
    "299": 20,
    "371": 20,
    "351": 20,
    "91": 20,
    "457": 20,
    "308": 20,
    "134": 20,
    "441": 20,
    "484": 20,
    "439": 20,
    "207": 20,
    "480": 20,
    "17": 20,
    "71": 20,
    "241": 20,
    "44": 20,
    "132": 20,
    "231": 20,
    "423": 21,
    "281": 21,
    "388": 21,
    "106": 21,
    "165": 21,
    "328": 21,
    "200": 21,
    "269": 21,
    "93": 21,
    "22": 21,
    "148": 21,
    "43": 21,
    "468": 21,
    "142": 21,
    "245": 21,
    "337": 21,
    "325": 21,
    "413": 21,
    "36": 21,
    "396": 21,
    "110": 22,
    "23": 22,
    "30": 22,
    "73": 22,
    "418": 22,
    "302": 22,
    "248": 22,
    "295": 22,
    "105": 22,
    "259": 22,
    "12": 22,
    "385": 22,
    "347": 22,
    "363": 22,
    "144": 22,
    "364": 22,
    "64": 22,
    "133": 22,
    "330": 22,
    "2": 22,
    "97": 23,
    "192": 23,
    "56": 23,
    "82": 23,
    "397": 23,
    "305": 23,
    "390": 23,
    "449": 23,
    "258": 23,
    "474": 23,
    "447": 23,
    "155": 23,
    "408": 23,
    "95": 23,
    "271": 23,
    "249": 23,
    "81": 23,
    "228": 23,
    "49": 23,
    "171": 23
}