{
    "333": 0,
    "386": 0,
    "51": 0,
    "235": 0,
    "485": 0,
    "47": 0,
    "448": 0,
    "470": 0,
    "477": 0,
    "173": 0,
    "18": 0,
    "70": 0,
    "263": 0,
    "179": 0,
    "342": 0,
    "189": 0,
    "284": 0,
    "462": 0,
    "32": 0,
    "478": 0,
    "183": 0,
    "304": 0,
    "11": 0,
    "215": 0,
    "155": 0,
    "380": 1,
    "154": 1,
    "455": 1,
    "174": 1,
    "131": 1,
    "285": 1,
    "107": 1,
    "261": 1,
    "410": 1,
    "473": 1,
    "297": 1,
    "255": 1,
    "125": 1,
    "393": 1,
    "331": 1,
    "198": 1,
    "114": 1,
    "282": 1,
    "402": 1,
    "78": 1,
    "228": 1,
    "226": 1,
    "264": 1,
    "176": 1,
    "238": 1,
    "487": 2,
    "220": 2,
    "111": 2,
    "109": 2,
    "458": 2,
    "280": 2,
    "438": 2,
    "28": 2,
    "58": 2,
    "464": 2,
    "252": 2,
    "167": 2,
    "166": 2,
    "184": 2,
    "372": 2,
    "266": 2,
    "415": 2,
    "303": 2,
    "275": 2,
    "10": 2,
    "103": 2,
    "96": 2,
    "293": 2,
    "316": 2,
    "13": 2,
    "483": 3,
    "356": 3,
    "320": 3,
    "87": 3,
    "150": 3,
    "63": 3,
    "463": 3,
    "50": 3,
    "444": 3,
    "407": 3,
    "287": 3,
    "360": 3,
    "182": 3,
    "327": 3,
    "291": 3,
    "39": 3,
    "233": 3,
    "195": 3,
    "436": 3,
    "335": 3,
    "147": 3,
    "237": 3,
    "45": 3,
    "59": 3,
    "394": 3,
    "359": 4,
    "175": 4,
    "349": 4,
    "345": 4,
    "223": 4,
    "92": 4,
    "301": 4,
    "60": 4,
    "66": 4,
    "289": 4,
    "294": 4,
    "206": 4,
    "146": 4,
    "260": 4,
    "404": 4,
    "398": 4,
    "224": 4,
    "315": 4,
    "119": 4,
    "74": 4,
    "251": 4,
    "20": 4,
    "201": 4,
    "40": 4,
    "353": 4,
    "481": 5,
    "210": 5,
    "100": 5,
    "434": 5,
    "262": 5,
    "329": 5,
    "208": 5,
    "162": 5,
    "225": 5,
    "354": 5,
    "475": 5,
    "403": 5,
    "247": 5,
    "209": 5,
    "422": 5,
    "451": 5,
    "307": 5,
    "424": 5,
    "205": 5,
    "421": 5,
    "8": 5,
    "14": 5,
    "129": 5,
    "340": 5,
    "373": 5,
    "194": 6,
    "46": 6,
    "381": 6,
    "55": 6,
    "426": 6,
    "230": 6,
    "428": 6,
    "90": 6,
    "118": 6,
    "452": 6,
    "229": 6,
    "419": 6,
    "377": 6,
    "123": 6,
    "437": 6,
    "479": 6,
    "213": 6,
    "193": 6,
    "68": 6,
    "180": 6,
    "152": 6,
    "348": 6,
    "15": 6,
    "127": 6,
    "447": 6,
    "141": 7,
    "151": 7,
    "234": 7,
    "318": 7,
    "203": 7,
    "469": 7,
    "153": 7,
    "309": 7,
    "61": 7,
    "239": 7,
    "75": 7,
    "232": 7,
    "172": 7,
    "355": 7,
    "391": 7,
    "135": 7,
    "115": 7,
    "296": 7,
    "369": 7,
    "272": 7,
    "384": 7,
    "79": 7,
    "299": 7,
    "362": 7,
    "406": 7,
    "83": 8,
    "122": 8,
    "187": 8,
    "244": 8,
    "270": 8,
    "276": 8,
    "164": 8,
    "202": 8,
    "352": 8,
    "290": 8,
    "338": 8,
    "48": 8,
    "158": 8,
    "332": 8,
    "160": 8,
    "321": 8,
    "204": 8,
    "159": 8,
    "365": 8,
    "336": 8,
    "268": 8,
    "277": 8,
    "222": 8,
    "16": 8,
    "265": 8,
    "310": 9,
    "250": 9,
    "57": 9,
    "257": 9,
    "199": 9,
    "454": 9,
    "67": 9,
    "460": 9,
    "409": 9,
    "99": 9,
    "26": 9,
    "341": 9,
    "236": 9,
    "267": 9,
    "186": 9,
    "227": 9,
    "117": 9,
    "163": 9,
    "126": 9,
    "486": 9,
    "104": 9,
    "168": 9,
    "240": 9,
    "278": 9,
    "25": 9,
    "253": 10,
    "417": 10,
    "89": 10,
    "412": 10,
    "116": 10,
    "190": 10,
    "84": 10,
    "98": 10,
    "219": 10,
    "374": 10,
    "3": 10,
    "379": 10,
    "317": 10,
    "298": 10,
    "211": 10,
    "326": 10,
    "430": 10,
    "120": 10,
    "112": 10,
    "72": 10,
    "102": 10,
    "41": 10,
    "80": 10,
    "443": 10,
    "420": 10,
    "138": 11,
    "465": 11,
    "343": 11,
    "113": 11,
    "143": 11,
    "196": 11,
    "76": 11,
    "283": 11,
    "395": 11,
    "427": 11,
    "471": 11,
    "35": 11,
    "482": 11,
    "366": 11,
    "5": 11,
    "286": 11,
    "124": 11,
    "177": 11,
    "411": 11,
    "128": 11,
    "1": 11,
    "4": 11,
    "311": 11,
    "387": 11,
    "273": 11,
    "242": 12,
    "405": 12,
    "378": 12,
    "139": 12,
    "19": 12,
    "467": 12,
    "401": 12,
    "52": 12,
    "169": 12,
    "357": 12,
    "435": 12,
    "324": 12,
    "149": 12,
    "440": 12,
    "94": 12,
    "323": 12,
    "459": 12,
    "27": 12,
    "425": 12,
    "292": 12,
    "161": 12,
    "376": 12,
    "185": 12,
    "370": 12,
    "256": 12,
    "442": 13,
    "156": 13,
    "178": 13,
    "254": 13,
    "453": 13,
    "399": 13,
    "137": 13,
    "212": 13,
    "218": 13,
    "217": 13,
    "0": 13,
    "9": 13,
    "31": 13,
    "85": 13,
    "33": 13,
    "108": 13,
    "433": 13,
    "400": 13,
    "54": 13,
    "288": 13,
    "306": 13,
    "392": 13,
    "312": 13,
    "214": 13,
    "322": 13,
    "389": 14,
    "24": 14,
    "319": 14,
    "21": 14,
    "101": 14,
    "130": 14,
    "414": 14,
    "346": 14,
    "136": 14,
    "439": 14,
    "413": 14,
    "6": 14,
    "274": 14,
    "382": 14,
    "472": 14,
    "432": 14,
    "62": 14,
    "431": 14,
    "77": 14,
    "446": 14,
    "416": 14,
    "91": 14,
    "7": 14,
    "368": 14,
    "361": 14,
    "216": 15,
    "65": 15,
    "170": 15,
    "53": 15,
    "197": 15,
    "344": 15,
    "188": 15,
    "339": 15,
    "246": 15,
    "38": 15,
    "441": 15,
    "330": 15,
    "121": 15,
    "445": 15,
    "191": 15,
    "334": 15,
    "69": 15,
    "181": 15,
    "86": 15,
    "44": 15,
    "145": 15,
    "457": 15,
    "300": 15,
    "456": 15,
    "132": 15,
    "383": 16,
    "367": 16,
    "350": 16,
    "207": 16,
    "429": 16,
    "358": 16,
    "17": 16,
    "313": 16,
    "73": 16,
    "140": 16,
    "281": 16,
    "461": 16,
    "480": 16,
    "71": 16,
    "106": 16,
    "134": 16,
    "388": 16,
    "245": 16,
    "308": 16,
    "93": 16,
    "22": 16,
    "34": 16,
    "466": 16,
    "337": 16,
    "248": 16,
    "88": 17,
    "450": 17,
    "243": 17,
    "221": 17,
    "279": 17,
    "269": 17,
    "148": 17,
    "142": 17,
    "325": 17,
    "328": 17,
    "390": 17,
    "43": 17,
    "200": 17,
    "165": 17,
    "396": 17,
    "351": 17,
    "302": 17,
    "82": 17,
    "36": 17,
    "259": 17,
    "371": 17,
    "385": 17,
    "23": 17,
    "397": 17,
    "30": 17
}