{
    "333": 0,
    "386": 0,
    "51": 0,
    "235": 0,
    "485": 0,
    "380": 1,
    "470": 1,
    "154": 1,
    "455": 1,
    "174": 1,
    "487": 2,
    "220": 2,
    "111": 2,
    "109": 2,
    "261": 2,
    "483": 3,
    "198": 3,
    "356": 3,
    "320": 3,
    "87": 3,
    "477": 4,
    "345": 4,
    "448": 4,
    "263": 4,
    "208": 4,
    "83": 5,
    "372": 5,
    "184": 5,
    "10": 5,
    "28": 5,
    "359": 6,
    "175": 6,
    "293": 6,
    "349": 6,
    "58": 6,
    "481": 7,
    "210": 7,
    "331": 7,
    "74": 7,
    "100": 7,
    "215": 8,
    "173": 8,
    "342": 8,
    "282": 8,
    "131": 8,
    "253": 9,
    "48": 9,
    "150": 9,
    "464": 9,
    "417": 9,
    "194": 10,
    "46": 10,
    "167": 10,
    "458": 10,
    "438": 10,
    "141": 11,
    "151": 11,
    "45": 11,
    "234": 11,
    "404": 11,
    "310": 12,
    "14": 12,
    "365": 12,
    "275": 12,
    "297": 12,
    "88": 13,
    "450": 13,
    "395": 13,
    "465": 13,
    "222": 13,
    "242": 14,
    "252": 14,
    "96": 14,
    "182": 14,
    "327": 14,
    "138": 15,
    "410": 15,
    "127": 15,
    "321": 15,
    "343": 15,
    "389": 16,
    "266": 16,
    "473": 16,
    "430": 16,
    "377": 16,
    "216": 17,
    "434": 17,
    "199": 17,
    "177": 17,
    "225": 17,
    "183": 18,
    "428": 18,
    "436": 18,
    "352": 18,
    "59": 18,
    "442": 19,
    "156": 19,
    "267": 19,
    "119": 19,
    "39": 19,
    "383": 20,
    "240": 20,
    "407": 20,
    "61": 20,
    "176": 20,
    "110": 21,
    "324": 21,
    "112": 21,
    "451": 21,
    "98": 21,
    "47": 22,
    "114": 22,
    "360": 22,
    "226": 22,
    "103": 22,
    "423": 23,
    "84": 23,
    "90": 23,
    "443": 23,
    "123": 23,
    "476": 24,
    "461": 24,
    "178": 24,
    "191": 24,
    "163": 24,
    "97": 25,
    "437": 25,
    "213": 25,
    "146": 25,
    "202": 25,
    "478": 26,
    "251": 26,
    "67": 26,
    "317": 26,
    "374": 26,
    "271": 27,
    "303": 27,
    "463": 27,
    "237": 27,
    "13": 27,
    "70": 28,
    "469": 28,
    "80": 28,
    "355": 28,
    "392": 28,
    "37": 29,
    "354": 29,
    "99": 29,
    "135": 29,
    "129": 29,
    "32": 30,
    "366": 30,
    "60": 30,
    "26": 30,
    "89": 30,
    "228": 31,
    "115": 31,
    "232": 31,
    "262": 31,
    "348": 31,
    "375": 32,
    "421": 32,
    "250": 32,
    "338": 32,
    "315": 32,
    "304": 33,
    "206": 33,
    "244": 33,
    "289": 33,
    "368": 33,
    "285": 34,
    "336": 34,
    "369": 34,
    "287": 34,
    "224": 34,
    "29": 35,
    "190": 35,
    "391": 35,
    "137": 35,
    "272": 35,
    "179": 36,
    "238": 36,
    "72": 36,
    "257": 36,
    "203": 36,
    "157": 37,
    "340": 37,
    "403": 37,
    "422": 37,
    "21": 37,
    "447": 38,
    "294": 38,
    "164": 38,
    "187": 38,
    "50": 38,
    "125": 39,
    "168": 39,
    "201": 39,
    "161": 39,
    "117": 39,
    "95": 40,
    "40": 40,
    "384": 40,
    "486": 40,
    "420": 40,
    "42": 41,
    "1": 41,
    "292": 41,
    "362": 41,
    "460": 41,
    "18": 42,
    "270": 42,
    "236": 42,
    "57": 42,
    "158": 42,
    "11": 43,
    "471": 43,
    "278": 43,
    "376": 43,
    "3": 43,
    "314": 44,
    "335": 44,
    "79": 44,
    "195": 44,
    "291": 44,
    "397": 45,
    "444": 45,
    "152": 45,
    "412": 45,
    "265": 45,
    "462": 46,
    "318": 46,
    "139": 46,
    "101": 46,
    "268": 46,
    "408": 47,
    "409": 47,
    "247": 47,
    "326": 47,
    "172": 47,
    "81": 48,
    "160": 48,
    "233": 48,
    "147": 48,
    "378": 48,
    "171": 49,
    "54": 49,
    "309": 49,
    "454": 49,
    "387": 49,
    "49": 50,
    "424": 50,
    "255": 50,
    "35": 50,
    "411": 50,
    "230": 51,
    "20": 51,
    "193": 51,
    "276": 51,
    "229": 51,
    "155": 52,
    "162": 52,
    "353": 52,
    "102": 52,
    "143": 52,
    "249": 53,
    "8": 53,
    "104": 53,
    "323": 53,
    "239": 53,
    "133": 54,
    "94": 54,
    "399": 54,
    "85": 54,
    "212": 54,
    "280": 55,
    "405": 55,
    "373": 55,
    "16": 55,
    "68": 55,
    "364": 56,
    "41": 56,
    "75": 56,
    "406": 56,
    "204": 56,
    "64": 57,
    "185": 57,
    "27": 57,
    "205": 57,
    "181": 57,
    "284": 58,
    "379": 58,
    "219": 58,
    "25": 58,
    "227": 58,
    "2": 59,
    "140": 59,
    "350": 59,
    "43": 59,
    "93": 59,
    "189": 60,
    "149": 60,
    "398": 60,
    "211": 60,
    "254": 60,
    "258": 61,
    "288": 61,
    "116": 61,
    "453": 61,
    "126": 61,
    "449": 62,
    "435": 62,
    "459": 62,
    "186": 62,
    "425": 62,
    "468": 63,
    "118": 63,
    "66": 63,
    "196": 63,
    "311": 63,
    "363": 64,
    "209": 64,
    "130": 64,
    "283": 64,
    "218": 64,
    "390": 65,
    "120": 65,
    "432": 65,
    "414": 65,
    "286": 65,
    "305": 66,
    "427": 66,
    "475": 66,
    "0": 66,
    "108": 66,
    "296": 67,
    "33": 67,
    "400": 67,
    "6": 67,
    "9": 67,
    "105": 68,
    "124": 68,
    "31": 68,
    "322": 68,
    "52": 68,
    "192": 69,
    "306": 69,
    "4": 69,
    "319": 69,
    "188": 69,
    "144": 70,
    "346": 70,
    "128": 70,
    "274": 70,
    "217": 70,
    "56": 71,
    "65": 71,
    "38": 71,
    "344": 71,
    "197": 71,
    "223": 72,
    "419": 72,
    "260": 72,
    "361": 72,
    "307": 72,
    "474": 73,
    "367": 73,
    "136": 73,
    "357": 73,
    "214": 73,
    "347": 74,
    "394": 74,
    "277": 74,
    "122": 74,
    "370": 74,
    "231": 75,
    "429": 75,
    "312": 75,
    "121": 75,
    "256": 75,
    "264": 76,
    "63": 76,
    "298": 76,
    "401": 76,
    "426": 76,
    "12": 77,
    "145": 77,
    "402": 77,
    "382": 77,
    "445": 77,
    "82": 78,
    "113": 78,
    "7": 78,
    "273": 78,
    "246": 78,
    "248": 79,
    "456": 79,
    "339": 79,
    "24": 79,
    "433": 79,
    "295": 80,
    "53": 80,
    "332": 80,
    "77": 80,
    "92": 80,
    "381": 81,
    "166": 81,
    "165": 81,
    "316": 81,
    "15": 81,
    "415": 82,
    "334": 82,
    "467": 82,
    "19": 82,
    "440": 82,
    "330": 83,
    "69": 83,
    "300": 83,
    "358": 83,
    "86": 83,
    "55": 84,
    "243": 84,
    "34": 84,
    "5": 84,
    "76": 84,
    "241": 85,
    "446": 85,
    "71": 85,
    "472": 85,
    "466": 85,
    "418": 86,
    "17": 86,
    "281": 86,
    "91": 86,
    "169": 86,
    "221": 87,
    "431": 87,
    "441": 87,
    "279": 87,
    "313": 87,
    "62": 88,
    "106": 88,
    "269": 88,
    "480": 88,
    "388": 88,
    "457": 89,
    "107": 89,
    "44": 89,
    "22": 89,
    "329": 89,
    "153": 90,
    "148": 90,
    "351": 90,
    "207": 90,
    "180": 90,
    "200": 91,
    "159": 91,
    "416": 91,
    "479": 91,
    "245": 91,
    "259": 92,
    "290": 92,
    "393": 92,
    "341": 92,
    "132": 92,
    "484": 93,
    "134": 93,
    "301": 93,
    "439": 93,
    "337": 93,
    "299": 94,
    "308": 94,
    "23": 94,
    "371": 94,
    "396": 94,
    "452": 95,
    "142": 95,
    "325": 95,
    "328": 95,
    "36": 95
}