{
    "333": 0,
    "386": 0,
    "51": 0,
    "235": 0,
    "485": 0,
    "47": 0,
    "448": 0,
    "470": 0,
    "380": 1,
    "154": 1,
    "455": 1,
    "174": 1,
    "478": 1,
    "263": 1,
    "131": 1,
    "285": 1,
    "487": 2,
    "220": 2,
    "111": 2,
    "109": 2,
    "261": 2,
    "458": 2,
    "280": 2,
    "438": 2,
    "483": 3,
    "198": 3,
    "356": 3,
    "320": 3,
    "87": 3,
    "150": 3,
    "63": 3,
    "463": 3,
    "477": 4,
    "345": 4,
    "208": 4,
    "282": 4,
    "299": 4,
    "10": 4,
    "342": 4,
    "58": 4,
    "83": 5,
    "372": 5,
    "184": 5,
    "28": 5,
    "479": 5,
    "118": 5,
    "96": 5,
    "303": 5,
    "359": 6,
    "175": 6,
    "293": 6,
    "349": 6,
    "255": 6,
    "473": 6,
    "223": 6,
    "92": 6,
    "481": 7,
    "210": 7,
    "331": 7,
    "74": 7,
    "100": 7,
    "434": 7,
    "262": 7,
    "329": 7,
    "215": 8,
    "173": 8,
    "297": 8,
    "62": 8,
    "266": 8,
    "289": 8,
    "114": 8,
    "24": 8,
    "253": 9,
    "48": 9,
    "464": 9,
    "417": 9,
    "182": 9,
    "394": 9,
    "348": 9,
    "369": 9,
    "194": 10,
    "46": 10,
    "167": 10,
    "381": 10,
    "166": 10,
    "55": 10,
    "316": 10,
    "426": 10,
    "141": 11,
    "151": 11,
    "45": 11,
    "234": 11,
    "404": 11,
    "422": 11,
    "360": 11,
    "318": 11,
    "310": 12,
    "14": 12,
    "365": 12,
    "275": 12,
    "335": 12,
    "277": 12,
    "225": 12,
    "250": 12,
    "88": 13,
    "450": 13,
    "395": 13,
    "465": 13,
    "222": 13,
    "229": 13,
    "160": 13,
    "90": 13,
    "242": 14,
    "252": 14,
    "327": 14,
    "294": 14,
    "268": 14,
    "180": 14,
    "232": 14,
    "290": 14,
    "138": 15,
    "410": 15,
    "127": 15,
    "321": 15,
    "343": 15,
    "236": 15,
    "377": 15,
    "412": 15,
    "389": 16,
    "430": 16,
    "244": 16,
    "176": 16,
    "164": 16,
    "50": 16,
    "233": 16,
    "147": 16,
    "216": 17,
    "199": 17,
    "177": 17,
    "354": 17,
    "219": 17,
    "129": 17,
    "257": 17,
    "407": 17,
    "183": 18,
    "428": 18,
    "436": 18,
    "352": 18,
    "59": 18,
    "146": 18,
    "444": 18,
    "8": 18,
    "442": 19,
    "156": 19,
    "267": 19,
    "119": 19,
    "39": 19,
    "224": 19,
    "61": 19,
    "26": 19,
    "383": 20,
    "240": 20,
    "353": 20,
    "287": 20,
    "60": 20,
    "13": 20,
    "340": 20,
    "403": 20,
    "110": 21,
    "324": 21,
    "112": 21,
    "451": 21,
    "98": 21,
    "399": 21,
    "115": 21,
    "80": 21,
    "476": 22,
    "461": 22,
    "178": 22,
    "191": 22,
    "163": 22,
    "315": 22,
    "6": 22,
    "409": 22,
    "423": 23,
    "84": 23,
    "443": 23,
    "123": 23,
    "66": 23,
    "213": 23,
    "20": 23,
    "135": 23,
    "70": 24,
    "469": 24,
    "355": 24,
    "392": 24,
    "309": 24,
    "72": 24,
    "357": 24,
    "374": 24,
    "97": 25,
    "437": 25,
    "202": 25,
    "187": 25,
    "424": 25,
    "384": 25,
    "99": 25,
    "168": 25,
    "32": 26,
    "366": 26,
    "89": 26,
    "291": 26,
    "272": 26,
    "454": 26,
    "217": 26,
    "41": 26,
    "37": 27,
    "117": 27,
    "460": 27,
    "201": 27,
    "126": 27,
    "265": 27,
    "247": 27,
    "203": 27,
    "375": 28,
    "421": 28,
    "103": 28,
    "338": 28,
    "25": 28,
    "172": 28,
    "57": 28,
    "227": 28,
    "304": 29,
    "206": 29,
    "368": 29,
    "238": 29,
    "101": 29,
    "143": 29,
    "67": 29,
    "420": 29,
    "271": 30,
    "237": 30,
    "270": 30,
    "195": 30,
    "122": 30,
    "401": 30,
    "152": 30,
    "398": 30,
    "29": 31,
    "190": 31,
    "391": 31,
    "137": 31,
    "104": 31,
    "102": 31,
    "486": 31,
    "149": 31,
    "179": 32,
    "317": 32,
    "251": 32,
    "307": 32,
    "158": 32,
    "278": 32,
    "40": 32,
    "161": 32,
    "228": 33,
    "475": 33,
    "162": 33,
    "239": 33,
    "145": 33,
    "292": 33,
    "373": 33,
    "326": 33,
    "95": 34,
    "471": 34,
    "16": 34,
    "379": 34,
    "218": 34,
    "467": 34,
    "204": 34,
    "211": 34,
    "157": 35,
    "21": 35,
    "94": 35,
    "306": 35,
    "209": 35,
    "120": 35,
    "207": 35,
    "362": 35,
    "447": 36,
    "276": 36,
    "419": 36,
    "116": 36,
    "387": 36,
    "435": 36,
    "159": 36,
    "283": 36,
    "125": 37,
    "411": 37,
    "212": 37,
    "3": 37,
    "288": 37,
    "346": 37,
    "425": 37,
    "79": 37,
    "42": 38,
    "1": 38,
    "54": 38,
    "185": 38,
    "214": 38,
    "27": 38,
    "91": 38,
    "136": 38,
    "18": 39,
    "68": 39,
    "52": 39,
    "378": 39,
    "139": 39,
    "35": 39,
    "406": 39,
    "432": 39,
    "314": 40,
    "459": 40,
    "453": 40,
    "323": 40,
    "226": 40,
    "322": 40,
    "344": 40,
    "124": 40,
    "397": 41,
    "260": 41,
    "286": 41,
    "75": 41,
    "85": 41,
    "108": 41,
    "414": 41,
    "0": 41,
    "81": 42,
    "427": 42,
    "273": 42,
    "311": 42,
    "128": 42,
    "405": 42,
    "9": 42,
    "193": 42,
    "11": 43,
    "376": 43,
    "254": 43,
    "274": 43,
    "186": 43,
    "382": 43,
    "350": 43,
    "31": 43,
    "462": 44,
    "298": 44,
    "130": 44,
    "33": 44,
    "400": 44,
    "336": 44,
    "312": 44,
    "429": 44,
    "408": 45,
    "456": 45,
    "65": 45,
    "196": 45,
    "4": 45,
    "76": 45,
    "188": 45,
    "319": 45,
    "49": 46,
    "38": 46,
    "205": 46,
    "361": 46,
    "181": 46,
    "256": 46,
    "169": 46,
    "439": 46,
    "230": 47,
    "113": 47,
    "15": 47,
    "472": 47,
    "367": 47,
    "77": 47,
    "140": 47,
    "332": 47,
    "364": 48,
    "71": 48,
    "433": 48,
    "440": 48,
    "7": 48,
    "358": 48,
    "300": 48,
    "445": 48,
    "64": 49,
    "351": 49,
    "148": 49,
    "22": 49,
    "93": 49,
    "480": 49,
    "281": 49,
    "466": 49,
    "155": 50,
    "402": 50,
    "121": 50,
    "34": 50,
    "246": 50,
    "86": 50,
    "5": 50,
    "388": 50,
    "171": 51,
    "17": 51,
    "446": 51,
    "301": 51,
    "69": 51,
    "134": 51,
    "106": 51,
    "269": 51,
    "133": 52,
    "441": 52,
    "339": 52,
    "393": 52,
    "197": 52,
    "431": 52,
    "43": 52,
    "53": 52,
    "249": 53,
    "370": 53,
    "371": 53,
    "248": 53,
    "334": 53,
    "19": 53,
    "44": 53,
    "484": 53,
    "284": 54,
    "313": 54,
    "416": 54,
    "341": 54,
    "243": 54,
    "170": 54,
    "325": 54,
    "415": 54,
    "2": 55,
    "30": 55,
    "396": 55,
    "308": 55,
    "78": 55,
    "23": 55,
    "245": 55,
    "279": 55,
    "468": 56,
    "165": 56,
    "452": 56,
    "328": 56,
    "142": 56,
    "482": 56,
    "413": 56,
    "337": 56,
    "390": 57,
    "221": 57,
    "302": 57,
    "132": 57,
    "107": 57,
    "385": 57,
    "36": 57,
    "12": 57,
    "363": 58,
    "241": 58,
    "153": 58,
    "105": 58,
    "296": 58,
    "73": 58,
    "144": 58,
    "418": 58,
    "305": 59,
    "200": 59,
    "457": 59,
    "259": 59,
    "295": 59,
    "82": 59,
    "264": 59,
    "347": 59
}