{
    "413": 0,
    "479": 0,
    "67": 0,
    "297": 0,
    "598": 0,
    "589": 0,
    "306": 0,
    "560": 0,
    "607": 0,
    "63": 0,
    "218": 0,
    "287": 0,
    "88": 1,
    "441": 1,
    "244": 1,
    "507": 1,
    "332": 1,
    "534": 1,
    "597": 1,
    "213": 1,
    "430": 1,
    "310": 1,
    "292": 1,
    "391": 1,
    "473": 2,
    "131": 2,
    "198": 2,
    "220": 2,
    "136": 2,
    "329": 2,
    "569": 2,
    "369": 2,
    "262": 2,
    "327": 2,
    "165": 2,
    "356": 2,
    "609": 3,
    "278": 3,
    "138": 3,
    "330": 3,
    "246": 3,
    "140": 3,
    "572": 3,
    "316": 3,
    "14": 3,
    "559": 3,
    "433": 3,
    "232": 3,
    "447": 4,
    "291": 4,
    "281": 4,
    "551": 4,
    "221": 4,
    "77": 4,
    "509": 4,
    "364": 4,
    "166": 4,
    "132": 4,
    "399": 4,
    "377": 4,
    "605": 5,
    "444": 5,
    "580": 5,
    "82": 5,
    "130": 5,
    "299": 5,
    "109": 5,
    "15": 5,
    "342": 5,
    "358": 5,
    "285": 5,
    "300": 5,
    "379": 6,
    "427": 6,
    "219": 6,
    "424": 6,
    "62": 6,
    "20": 6,
    "353": 6,
    "312": 6,
    "211": 6,
    "229": 6,
    "81": 6,
    "392": 6,
    "602": 7,
    "3": 7,
    "284": 7,
    "127": 7,
    "493": 7,
    "117": 7,
    "95": 7,
    "100": 7,
    "411": 7,
    "546": 7,
    "492": 7,
    "261": 7,
    "248": 8,
    "351": 8,
    "550": 8,
    "474": 8,
    "465": 8,
    "118": 8,
    "61": 8,
    "72": 8,
    "51": 8,
    "581": 8,
    "416": 8,
    "122": 8,
    "181": 9,
    "194": 9,
    "286": 9,
    "448": 9,
    "315": 9,
    "385": 9,
    "296": 9,
    "38": 9,
    "531": 9,
    "222": 9,
    "395": 9,
    "71": 9,
    "273": 10,
    "75": 10,
    "333": 10,
    "16": 10,
    "238": 10,
    "360": 10,
    "212": 10,
    "361": 10,
    "548": 10,
    "33": 10,
    "541": 10,
    "438": 10,
    "317": 11,
    "151": 11,
    "188": 11,
    "80": 11,
    "460": 11,
    "25": 11,
    "271": 11,
    "442": 11,
    "432": 11,
    "53": 11,
    "236": 11,
    "415": 11,
    "104": 12,
    "240": 12,
    "600": 12,
    "489": 12,
    "365": 12,
    "64": 12,
    "250": 12,
    "470": 12,
    "486": 12,
    "496": 12,
    "147": 12,
    "40": 12,
    "386": 13,
    "22": 13,
    "294": 13,
    "453": 13,
    "192": 13,
    "321": 13,
    "326": 13,
    "123": 13,
    "179": 13,
    "87": 13,
    "217": 13,
    "556": 13,
    "176": 14,
    "582": 14,
    "307": 14,
    "158": 14,
    "425": 14,
    "204": 14,
    "516": 14,
    "97": 14,
    "189": 14,
    "518": 14,
    "398": 14,
    "490": 14,
    "304": 15,
    "230": 15,
    "210": 15,
    "76": 15,
    "29": 15,
    "406": 15,
    "514": 15,
    "24": 15,
    "257": 15,
    "226": 15,
    "195": 15,
    "253": 15,
    "482": 16,
    "66": 16,
    "143": 16,
    "422": 16,
    "458": 16,
    "85": 16,
    "337": 16,
    "295": 16,
    "334": 16,
    "539": 16,
    "362": 16,
    "592": 16,
    "274": 17,
    "223": 17,
    "512": 17,
    "126": 17,
    "530": 17,
    "277": 17,
    "119": 17,
    "323": 17,
    "328": 17,
    "256": 17,
    "258": 17,
    "420": 17,
    "231": 18,
    "6": 18,
    "459": 18,
    "208": 18,
    "462": 18,
    "538": 18,
    "48": 18,
    "412": 18,
    "105": 18,
    "400": 18,
    "113": 18,
    "172": 18,
    "554": 19,
    "302": 19,
    "148": 19,
    "282": 19,
    "265": 19,
    "200": 19,
    "393": 19,
    "378": 19,
    "506": 19,
    "346": 19,
    "93": 19,
    "373": 19,
    "476": 20,
    "528": 20,
    "349": 20,
    "171": 20,
    "47": 20,
    "477": 20,
    "144": 20,
    "111": 20,
    "8": 20,
    "70": 20,
    "35": 20,
    "36": 20,
    "110": 21,
    "305": 21,
    "280": 21,
    "563": 21,
    "290": 21,
    "340": 21,
    "549": 21,
    "405": 21,
    "206": 21,
    "54": 21,
    "156": 21,
    "472": 21,
    "437": 22,
    "128": 22,
    "10": 22,
    "55": 22,
    "339": 22,
    "568": 22,
    "202": 22,
    "207": 22,
    "43": 22,
    "497": 22,
    "590": 22,
    "320": 22,
    "596": 23,
    "182": 23,
    "576": 23,
    "235": 23,
    "267": 23,
    "396": 23,
    "78": 23,
    "162": 23,
    "227": 23,
    "529": 23,
    "575": 23,
    "564": 23,
    "533": 24,
    "440": 24,
    "555": 24,
    "298": 24,
    "153": 24,
    "125": 24,
    "394": 24,
    "133": 24,
    "191": 24,
    "12": 24,
    "484": 24,
    "510": 24,
    "139": 25,
    "511": 25,
    "403": 25,
    "454": 25,
    "141": 25,
    "348": 25,
    "7": 25,
    "467": 25,
    "169": 25,
    "96": 25,
    "74": 25,
    "106": 25,
    "599": 26,
    "241": 26,
    "129": 26,
    "573": 26,
    "4": 26,
    "515": 26,
    "469": 26,
    "45": 26,
    "587": 26,
    "456": 26,
    "145": 26,
    "608": 26,
    "124": 27,
    "318": 27,
    "495": 27,
    "434": 27,
    "1": 27,
    "59": 27,
    "517": 27,
    "544": 27,
    "193": 27,
    "137": 27,
    "319": 27,
    "471": 27,
    "488": 28,
    "13": 28,
    "445": 28,
    "115": 28,
    "196": 28,
    "565": 28,
    "60": 28,
    "263": 28,
    "234": 28,
    "149": 28,
    "228": 28,
    "543": 28,
    "468": 29,
    "571": 29,
    "408": 29,
    "501": 29,
    "254": 29,
    "86": 29,
    "402": 29,
    "443": 29,
    "354": 29,
    "301": 29,
    "163": 29,
    "567": 29,
    "17": 30,
    "417": 30,
    "527": 30,
    "260": 30,
    "101": 30,
    "21": 30,
    "276": 30,
    "247": 30,
    "536": 30,
    "120": 30,
    "374": 30,
    "463": 30,
    "50": 31,
    "146": 31,
    "439": 31,
    "157": 31,
    "498": 31,
    "449": 31,
    "270": 31,
    "314": 31,
    "480": 31,
    "269": 31,
    "504": 31,
    "288": 31,
    "90": 32,
    "523": 32,
    "485": 32,
    "384": 32,
    "175": 32,
    "313": 32,
    "591": 32,
    "363": 32,
    "266": 32,
    "37": 32,
    "372": 32,
    "68": 32,
    "524": 33,
    "537": 33,
    "152": 33,
    "251": 33,
    "184": 33,
    "91": 33,
    "387": 33,
    "505": 33,
    "142": 33,
    "397": 33,
    "547": 33,
    "34": 33,
    "121": 34,
    "584": 34,
    "532": 34,
    "429": 34,
    "268": 34,
    "574": 34,
    "154": 34,
    "203": 34,
    "525": 34,
    "275": 34,
    "594": 34,
    "383": 34,
    "201": 35,
    "30": 35,
    "382": 35,
    "588": 35,
    "264": 35,
    "359": 35,
    "2": 35,
    "237": 35,
    "450": 35,
    "535": 35,
    "205": 35,
    "84": 35,
    "380": 36,
    "160": 36,
    "343": 36,
    "164": 36,
    "177": 36,
    "173": 36,
    "520": 36,
    "466": 36,
    "401": 36,
    "499": 36,
    "357": 36,
    "272": 36,
    "461": 37,
    "174": 37,
    "161": 37,
    "69": 37,
    "500": 37,
    "577": 37,
    "421": 37,
    "249": 37,
    "388": 37,
    "335": 37,
    "242": 37,
    "341": 37,
    "44": 38,
    "283": 38,
    "457": 38,
    "224": 38,
    "455": 38,
    "578": 38,
    "352": 38,
    "178": 38,
    "426": 38,
    "98": 38,
    "475": 38,
    "502": 38,
    "338": 39,
    "23": 39,
    "28": 39,
    "46": 39,
    "370": 39,
    "309": 39,
    "414": 39,
    "347": 39,
    "52": 39,
    "11": 39,
    "214": 39,
    "325": 39,
    "390": 40,
    "197": 40,
    "170": 40,
    "322": 40,
    "243": 40,
    "552": 40,
    "540": 40,
    "108": 40,
    "553": 40,
    "368": 40,
    "464": 40,
    "371": 40,
    "508": 41,
    "522": 41,
    "150": 41,
    "557": 41,
    "9": 41,
    "545": 41,
    "389": 41,
    "252": 41,
    "570": 41,
    "89": 41,
    "344": 41,
    "107": 41,
    "225": 42,
    "503": 42,
    "435": 42,
    "558": 42,
    "446": 42,
    "583": 42,
    "410": 42,
    "26": 42,
    "180": 42,
    "423": 42,
    "135": 42,
    "187": 42,
    "155": 43,
    "215": 43,
    "167": 43,
    "58": 43,
    "31": 43,
    "308": 43,
    "345": 43,
    "487": 43,
    "436": 43,
    "409": 43,
    "116": 43,
    "428": 43,
    "102": 44,
    "350": 44,
    "603": 44,
    "404": 44,
    "542": 44,
    "49": 44,
    "336": 44,
    "419": 44,
    "481": 44,
    "601": 44,
    "114": 44,
    "39": 44,
    "41": 45,
    "57": 45,
    "92": 45,
    "99": 45,
    "239": 45,
    "418": 45,
    "190": 45,
    "375": 45,
    "32": 45,
    "42": 45,
    "606": 45,
    "367": 45,
    "579": 46,
    "94": 46,
    "331": 46,
    "259": 46,
    "431": 46,
    "521": 46,
    "519": 46,
    "79": 46,
    "311": 46,
    "159": 46,
    "407": 46,
    "604": 46,
    "168": 47,
    "19": 47,
    "478": 47,
    "103": 47,
    "279": 47,
    "491": 47,
    "366": 47,
    "376": 47,
    "562": 47,
    "183": 47,
    "112": 47,
    "255": 47,
    "27": 48,
    "209": 48,
    "233": 48,
    "566": 48,
    "303": 48,
    "73": 48,
    "134": 48,
    "586": 48,
    "186": 48,
    "355": 48,
    "451": 48,
    "245": 48,
    "18": 49,
    "293": 49,
    "185": 49,
    "216": 49,
    "526": 49,
    "0": 49,
    "324": 49,
    "56": 49,
    "5": 49,
    "513": 49,
    "83": 49,
    "593": 49
}