{
    "413": 0,
    "479": 0,
    "67": 0,
    "297": 0,
    "598": 0,
    "589": 0,
    "306": 0,
    "560": 0,
    "607": 0,
    "63": 0,
    "218": 0,
    "287": 0,
    "90": 0,
    "27": 0,
    "355": 0,
    "88": 1,
    "441": 1,
    "244": 1,
    "507": 1,
    "332": 1,
    "534": 1,
    "597": 1,
    "213": 1,
    "430": 1,
    "310": 1,
    "292": 1,
    "391": 1,
    "477": 1,
    "506": 1,
    "280": 1,
    "473": 2,
    "131": 2,
    "198": 2,
    "220": 2,
    "136": 2,
    "329": 2,
    "569": 2,
    "369": 2,
    "262": 2,
    "327": 2,
    "165": 2,
    "356": 2,
    "300": 2,
    "197": 2,
    "592": 2,
    "609": 3,
    "278": 3,
    "138": 3,
    "330": 3,
    "246": 3,
    "140": 3,
    "572": 3,
    "316": 3,
    "14": 3,
    "559": 3,
    "433": 3,
    "232": 3,
    "333": 3,
    "465": 3,
    "75": 3,
    "447": 4,
    "291": 4,
    "281": 4,
    "551": 4,
    "221": 4,
    "77": 4,
    "509": 4,
    "364": 4,
    "166": 4,
    "132": 4,
    "399": 4,
    "377": 4,
    "219": 4,
    "25": 4,
    "76": 4,
    "605": 5,
    "444": 5,
    "580": 5,
    "82": 5,
    "130": 5,
    "299": 5,
    "109": 5,
    "15": 5,
    "342": 5,
    "358": 5,
    "285": 5,
    "143": 5,
    "16": 5,
    "442": 5,
    "337": 5,
    "379": 6,
    "427": 6,
    "424": 6,
    "62": 6,
    "20": 6,
    "353": 6,
    "312": 6,
    "211": 6,
    "229": 6,
    "81": 6,
    "392": 6,
    "474": 6,
    "128": 6,
    "492": 6,
    "550": 6,
    "602": 7,
    "3": 7,
    "284": 7,
    "127": 7,
    "493": 7,
    "117": 7,
    "95": 7,
    "100": 7,
    "411": 7,
    "546": 7,
    "261": 7,
    "78": 7,
    "384": 7,
    "314": 7,
    "267": 7,
    "248": 8,
    "351": 8,
    "118": 8,
    "61": 8,
    "72": 8,
    "51": 8,
    "581": 8,
    "416": 8,
    "122": 8,
    "238": 8,
    "29": 8,
    "23": 8,
    "600": 8,
    "360": 8,
    "318": 8,
    "181": 9,
    "194": 9,
    "286": 9,
    "448": 9,
    "315": 9,
    "385": 9,
    "296": 9,
    "38": 9,
    "531": 9,
    "222": 9,
    "395": 9,
    "71": 9,
    "321": 9,
    "415": 9,
    "258": 9,
    "273": 10,
    "212": 10,
    "361": 10,
    "548": 10,
    "33": 10,
    "541": 10,
    "438": 10,
    "188": 10,
    "87": 10,
    "434": 10,
    "463": 10,
    "260": 10,
    "307": 10,
    "398": 10,
    "331": 10,
    "317": 11,
    "151": 11,
    "80": 11,
    "460": 11,
    "271": 11,
    "432": 11,
    "53": 11,
    "236": 11,
    "192": 11,
    "564": 11,
    "204": 11,
    "406": 11,
    "511": 11,
    "210": 11,
    "257": 11,
    "104": 12,
    "240": 12,
    "489": 12,
    "365": 12,
    "64": 12,
    "250": 12,
    "470": 12,
    "486": 12,
    "496": 12,
    "147": 12,
    "40": 12,
    "208": 12,
    "514": 12,
    "458": 12,
    "417": 12,
    "386": 13,
    "22": 13,
    "294": 13,
    "453": 13,
    "326": 13,
    "123": 13,
    "179": 13,
    "217": 13,
    "556": 13,
    "74": 13,
    "328": 13,
    "345": 13,
    "60": 13,
    "568": 13,
    "144": 13,
    "304": 14,
    "230": 14,
    "24": 14,
    "226": 14,
    "195": 14,
    "253": 14,
    "539": 14,
    "177": 14,
    "549": 14,
    "295": 14,
    "48": 14,
    "495": 14,
    "189": 14,
    "66": 14,
    "202": 14,
    "554": 15,
    "302": 15,
    "148": 15,
    "282": 15,
    "334": 15,
    "265": 15,
    "200": 15,
    "393": 15,
    "362": 15,
    "172": 15,
    "378": 15,
    "346": 15,
    "93": 15,
    "277": 15,
    "373": 15,
    "176": 16,
    "582": 16,
    "158": 16,
    "425": 16,
    "516": 16,
    "97": 16,
    "518": 16,
    "490": 16,
    "152": 16,
    "538": 16,
    "527": 16,
    "512": 16,
    "290": 16,
    "142": 16,
    "141": 16,
    "596": 17,
    "182": 17,
    "576": 17,
    "10": 17,
    "223": 17,
    "235": 17,
    "422": 17,
    "396": 17,
    "207": 17,
    "119": 17,
    "162": 17,
    "530": 17,
    "227": 17,
    "529": 17,
    "575": 17,
    "482": 18,
    "85": 18,
    "467": 18,
    "105": 18,
    "111": 18,
    "113": 18,
    "59": 18,
    "6": 18,
    "196": 18,
    "462": 18,
    "21": 18,
    "191": 18,
    "125": 18,
    "263": 18,
    "536": 18,
    "274": 19,
    "126": 19,
    "323": 19,
    "256": 19,
    "420": 19,
    "594": 19,
    "254": 19,
    "193": 19,
    "171": 19,
    "515": 19,
    "544": 19,
    "288": 19,
    "270": 19,
    "588": 19,
    "573": 19,
    "231": 20,
    "459": 20,
    "412": 20,
    "400": 20,
    "96": 20,
    "298": 20,
    "47": 20,
    "405": 20,
    "12": 20,
    "156": 20,
    "380": 20,
    "456": 20,
    "339": 20,
    "357": 20,
    "129": 20,
    "468": 21,
    "571": 21,
    "408": 21,
    "501": 21,
    "35": 21,
    "517": 21,
    "608": 21,
    "241": 21,
    "36": 21,
    "86": 21,
    "206": 21,
    "402": 21,
    "7": 21,
    "443": 21,
    "354": 21,
    "476": 22,
    "528": 22,
    "349": 22,
    "8": 22,
    "70": 22,
    "439": 22,
    "276": 22,
    "319": 22,
    "450": 22,
    "163": 22,
    "145": 22,
    "54": 22,
    "269": 22,
    "30": 22,
    "587": 22,
    "110": 23,
    "305": 23,
    "563": 23,
    "340": 23,
    "472": 23,
    "91": 23,
    "1": 23,
    "153": 23,
    "157": 23,
    "555": 23,
    "480": 23,
    "505": 23,
    "387": 23,
    "146": 23,
    "184": 23,
    "599": 24,
    "394": 24,
    "348": 24,
    "4": 24,
    "169": 24,
    "469": 24,
    "320": 24,
    "454": 24,
    "133": 24,
    "45": 24,
    "497": 24,
    "445": 24,
    "115": 24,
    "101": 24,
    "55": 24,
    "139": 25,
    "403": 25,
    "484": 25,
    "106": 25,
    "401": 25,
    "426": 25,
    "175": 25,
    "120": 25,
    "301": 25,
    "234": 25,
    "164": 25,
    "363": 25,
    "475": 25,
    "535": 25,
    "471": 25,
    "437": 26,
    "43": 26,
    "590": 26,
    "374": 26,
    "154": 26,
    "242": 26,
    "388": 26,
    "173": 26,
    "149": 26,
    "34": 26,
    "485": 26,
    "335": 26,
    "37": 26,
    "359": 26,
    "137": 26,
    "124": 27,
    "547": 27,
    "543": 27,
    "504": 27,
    "498": 27,
    "574": 27,
    "247": 27,
    "510": 27,
    "251": 27,
    "466": 27,
    "567": 27,
    "532": 27,
    "268": 27,
    "174": 27,
    "2": 27,
    "533": 28,
    "440": 28,
    "343": 28,
    "383": 28,
    "13": 28,
    "205": 28,
    "275": 28,
    "382": 28,
    "577": 28,
    "499": 28,
    "84": 28,
    "322": 28,
    "68": 28,
    "537": 28,
    "160": 28,
    "155": 29,
    "429": 29,
    "309": 29,
    "502": 29,
    "249": 29,
    "520": 29,
    "449": 29,
    "500": 29,
    "215": 29,
    "187": 29,
    "272": 29,
    "228": 29,
    "370": 29,
    "52": 29,
    "237": 29,
    "488": 30,
    "565": 30,
    "372": 30,
    "11": 30,
    "397": 30,
    "578": 30,
    "341": 30,
    "203": 30,
    "178": 30,
    "224": 30,
    "313": 30,
    "591": 30,
    "457": 30,
    "503": 30,
    "180": 30,
    "461": 31,
    "161": 31,
    "69": 31,
    "421": 31,
    "584": 31,
    "557": 31,
    "455": 31,
    "347": 31,
    "525": 31,
    "266": 31,
    "252": 31,
    "570": 31,
    "545": 31,
    "98": 31,
    "167": 31,
    "17": 32,
    "552": 32,
    "414": 32,
    "375": 32,
    "423": 32,
    "352": 32,
    "28": 32,
    "521": 32,
    "419": 32,
    "540": 32,
    "108": 32,
    "522": 32,
    "446": 32,
    "283": 32,
    "435": 32,
    "50": 33,
    "344": 33,
    "150": 33,
    "243": 33,
    "31": 33,
    "89": 33,
    "603": 33,
    "428": 33,
    "558": 33,
    "410": 33,
    "389": 33,
    "135": 33,
    "368": 33,
    "170": 33,
    "336": 33,
    "524": 34,
    "487": 34,
    "9": 34,
    "214": 34,
    "46": 34,
    "26": 34,
    "279": 34,
    "562": 34,
    "542": 34,
    "553": 34,
    "107": 34,
    "583": 34,
    "114": 34,
    "103": 34,
    "116": 34,
    "201": 35,
    "264": 35,
    "523": 35,
    "436": 35,
    "464": 35,
    "308": 35,
    "371": 35,
    "58": 35,
    "367": 35,
    "92": 35,
    "190": 35,
    "481": 35,
    "601": 35,
    "39": 35,
    "32": 35,
    "338": 36,
    "325": 36,
    "350": 36,
    "404": 36,
    "418": 36,
    "183": 36,
    "49": 36,
    "566": 36,
    "79": 36,
    "407": 36,
    "57": 36,
    "255": 36,
    "209": 36,
    "431": 36,
    "259": 36,
    "41": 37,
    "99": 37,
    "239": 37,
    "42": 37,
    "606": 37,
    "491": 37,
    "303": 37,
    "478": 37,
    "366": 37,
    "112": 37,
    "233": 37,
    "586": 37,
    "134": 37,
    "376": 37,
    "159": 37,
    "390": 38,
    "94": 38,
    "519": 38,
    "311": 38,
    "409": 38,
    "83": 38,
    "451": 38,
    "324": 38,
    "289": 38,
    "73": 38,
    "185": 38,
    "604": 38,
    "186": 38,
    "293": 38,
    "526": 38,
    "508": 39,
    "19": 39,
    "245": 39,
    "381": 39,
    "585": 39,
    "199": 39,
    "595": 39,
    "483": 39,
    "561": 39,
    "494": 39,
    "593": 39,
    "168": 39,
    "0": 39,
    "102": 39,
    "5": 39
}