{
    "413": 0,
    "479": 0,
    "67": 0,
    "297": 0,
    "598": 0,
    "589": 0,
    "306": 0,
    "560": 0,
    "607": 0,
    "63": 0,
    "218": 0,
    "287": 0,
    "90": 0,
    "27": 0,
    "355": 0,
    "524": 0,
    "433": 0,
    "238": 0,
    "488": 0,
    "198": 0,
    "88": 1,
    "441": 1,
    "244": 1,
    "507": 1,
    "332": 1,
    "534": 1,
    "597": 1,
    "213": 1,
    "430": 1,
    "310": 1,
    "292": 1,
    "391": 1,
    "477": 1,
    "506": 1,
    "280": 1,
    "258": 1,
    "393": 1,
    "298": 1,
    "387": 1,
    "544": 1,
    "473": 2,
    "131": 2,
    "220": 2,
    "136": 2,
    "329": 2,
    "569": 2,
    "369": 2,
    "262": 2,
    "327": 2,
    "165": 2,
    "356": 2,
    "300": 2,
    "197": 2,
    "592": 2,
    "353": 2,
    "424": 2,
    "15": 2,
    "143": 2,
    "579": 2,
    "286": 2,
    "609": 3,
    "278": 3,
    "138": 3,
    "330": 3,
    "246": 3,
    "140": 3,
    "572": 3,
    "316": 3,
    "14": 3,
    "559": 3,
    "232": 3,
    "333": 3,
    "465": 3,
    "75": 3,
    "364": 3,
    "365": 3,
    "581": 3,
    "16": 3,
    "399": 3,
    "211": 3,
    "447": 4,
    "291": 4,
    "281": 4,
    "551": 4,
    "221": 4,
    "77": 4,
    "509": 4,
    "166": 4,
    "132": 4,
    "377": 4,
    "219": 4,
    "25": 4,
    "76": 4,
    "229": 4,
    "321": 4,
    "210": 4,
    "53": 4,
    "368": 4,
    "101": 4,
    "438": 4,
    "605": 5,
    "444": 5,
    "580": 5,
    "82": 5,
    "130": 5,
    "299": 5,
    "109": 5,
    "342": 5,
    "358": 5,
    "285": 5,
    "442": 5,
    "337": 5,
    "192": 5,
    "196": 5,
    "74": 5,
    "347": 5,
    "222": 5,
    "250": 5,
    "307": 5,
    "432": 5,
    "379": 6,
    "427": 6,
    "62": 6,
    "20": 6,
    "312": 6,
    "81": 6,
    "392": 6,
    "474": 6,
    "128": 6,
    "492": 6,
    "550": 6,
    "595": 6,
    "375": 6,
    "343": 6,
    "159": 6,
    "539": 6,
    "182": 6,
    "29": 6,
    "493": 6,
    "400": 6,
    "602": 7,
    "3": 7,
    "284": 7,
    "127": 7,
    "117": 7,
    "95": 7,
    "100": 7,
    "411": 7,
    "546": 7,
    "261": 7,
    "78": 7,
    "384": 7,
    "314": 7,
    "267": 7,
    "193": 7,
    "385": 7,
    "301": 7,
    "328": 7,
    "396": 7,
    "548": 7,
    "248": 8,
    "351": 8,
    "118": 8,
    "61": 8,
    "72": 8,
    "51": 8,
    "416": 8,
    "122": 8,
    "23": 8,
    "600": 8,
    "360": 8,
    "318": 8,
    "463": 8,
    "406": 8,
    "230": 8,
    "64": 8,
    "514": 8,
    "40": 8,
    "85": 8,
    "195": 8,
    "181": 9,
    "194": 9,
    "448": 9,
    "315": 9,
    "296": 9,
    "38": 9,
    "531": 9,
    "395": 9,
    "71": 9,
    "415": 9,
    "398": 9,
    "148": 9,
    "156": 9,
    "217": 9,
    "60": 9,
    "530": 9,
    "80": 9,
    "294": 9,
    "453": 9,
    "33": 9,
    "273": 10,
    "212": 10,
    "361": 10,
    "541": 10,
    "188": 10,
    "87": 10,
    "434": 10,
    "260": 10,
    "331": 10,
    "282": 10,
    "66": 10,
    "486": 10,
    "584": 10,
    "402": 10,
    "123": 10,
    "470": 10,
    "114": 10,
    "380": 10,
    "489": 10,
    "590": 10,
    "317": 11,
    "151": 11,
    "460": 11,
    "271": 11,
    "236": 11,
    "564": 11,
    "204": 11,
    "511": 11,
    "257": 11,
    "125": 11,
    "525": 11,
    "422": 11,
    "467": 11,
    "144": 11,
    "86": 11,
    "105": 11,
    "556": 11,
    "133": 11,
    "339": 11,
    "93": 11,
    "104": 12,
    "240": 12,
    "496": 12,
    "147": 12,
    "208": 12,
    "458": 12,
    "417": 12,
    "113": 12,
    "189": 12,
    "462": 12,
    "226": 12,
    "24": 12,
    "48": 12,
    "549": 12,
    "295": 12,
    "202": 12,
    "536": 12,
    "495": 12,
    "290": 12,
    "158": 12,
    "386": 13,
    "22": 13,
    "326": 13,
    "179": 13,
    "345": 13,
    "568": 13,
    "414": 13,
    "119": 13,
    "171": 13,
    "334": 13,
    "423": 13,
    "439": 13,
    "126": 13,
    "323": 13,
    "362": 13,
    "504": 13,
    "254": 13,
    "36": 13,
    "515": 13,
    "54": 13,
    "304": 14,
    "253": 14,
    "177": 14,
    "518": 14,
    "440": 14,
    "510": 14,
    "111": 14,
    "227": 14,
    "247": 14,
    "471": 14,
    "527": 14,
    "443": 14,
    "587": 14,
    "207": 14,
    "502": 14,
    "153": 14,
    "532": 14,
    "68": 14,
    "512": 14,
    "1": 14,
    "554": 15,
    "302": 15,
    "265": 15,
    "200": 15,
    "172": 15,
    "378": 15,
    "346": 15,
    "277": 15,
    "373": 15,
    "224": 15,
    "456": 15,
    "223": 15,
    "573": 15,
    "35": 15,
    "55": 15,
    "129": 15,
    "528": 15,
    "383": 15,
    "517": 15,
    "575": 15,
    "176": 16,
    "582": 16,
    "425": 16,
    "516": 16,
    "97": 16,
    "490": 16,
    "152": 16,
    "538": 16,
    "142": 16,
    "141": 16,
    "115": 16,
    "604": 16,
    "37": 16,
    "145": 16,
    "405": 16,
    "7": 16,
    "47": 16,
    "497": 16,
    "505": 16,
    "484": 16,
    "596": 17,
    "576": 17,
    "10": 17,
    "235": 17,
    "162": 17,
    "529": 17,
    "499": 17,
    "191": 17,
    "169": 17,
    "382": 17,
    "30": 17,
    "480": 17,
    "146": 17,
    "163": 17,
    "206": 17,
    "256": 17,
    "359": 17,
    "363": 17,
    "70": 17,
    "157": 17,
    "482": 18,
    "59": 18,
    "6": 18,
    "21": 18,
    "263": 18,
    "96": 18,
    "335": 18,
    "394": 18,
    "397": 18,
    "241": 18,
    "459": 18,
    "12": 18,
    "320": 18,
    "319": 18,
    "106": 18,
    "472": 18,
    "269": 18,
    "272": 18,
    "555": 18,
    "349": 18,
    "274": 19,
    "420": 19,
    "594": 19,
    "288": 19,
    "270": 19,
    "588": 19,
    "8": 19,
    "137": 19,
    "84": 19,
    "164": 19,
    "501": 19,
    "567": 19,
    "34": 19,
    "149": 19,
    "184": 19,
    "574": 19,
    "268": 19,
    "374": 19,
    "429": 19,
    "466": 19,
    "231": 20,
    "412": 20,
    "357": 20,
    "348": 20,
    "426": 20,
    "547": 20,
    "340": 20,
    "154": 20,
    "608": 20,
    "91": 20,
    "543": 20,
    "498": 20,
    "175": 20,
    "160": 20,
    "276": 20,
    "354": 20,
    "13": 20,
    "403": 20,
    "418": 20,
    "174": 20,
    "468": 21,
    "571": 21,
    "408": 21,
    "464": 21,
    "264": 21,
    "45": 21,
    "120": 21,
    "205": 21,
    "2": 21,
    "449": 21,
    "187": 21,
    "4": 21,
    "454": 21,
    "535": 21,
    "450": 21,
    "249": 21,
    "523": 21,
    "173": 21,
    "469": 21,
    "237": 21,
    "476": 22,
    "370": 22,
    "388": 22,
    "275": 22,
    "520": 22,
    "309": 22,
    "266": 22,
    "203": 22,
    "234": 22,
    "178": 22,
    "537": 22,
    "500": 22,
    "28": 22,
    "401": 22,
    "419": 22,
    "43": 22,
    "455": 22,
    "421": 22,
    "341": 22,
    "170": 22,
    "110": 23,
    "305": 23,
    "563": 23,
    "577": 23,
    "11": 23,
    "251": 23,
    "242": 23,
    "52": 23,
    "150": 23,
    "161": 23,
    "322": 23,
    "475": 23,
    "557": 23,
    "565": 23,
    "98": 23,
    "545": 23,
    "228": 23,
    "445": 23,
    "485": 23,
    "180": 23,
    "533": 24,
    "352": 24,
    "578": 24,
    "92": 24,
    "435": 24,
    "591": 24,
    "540": 24,
    "283": 24,
    "407": 24,
    "583": 24,
    "457": 24,
    "446": 24,
    "313": 24,
    "522": 24,
    "372": 24,
    "570": 24,
    "603": 24,
    "26": 24,
    "481": 24,
    "389": 24,
    "139": 25,
    "503": 25,
    "243": 25,
    "410": 25,
    "108": 25,
    "116": 25,
    "428": 25,
    "57": 25,
    "69": 25,
    "552": 25,
    "107": 25,
    "135": 25,
    "601": 25,
    "344": 25,
    "308": 25,
    "487": 25,
    "436": 25,
    "46": 25,
    "252": 25,
    "553": 25,
    "437": 26,
    "558": 26,
    "336": 26,
    "214": 26,
    "542": 26,
    "9": 26,
    "31": 26,
    "89": 26,
    "239": 26,
    "39": 26,
    "519": 26,
    "199": 26,
    "431": 26,
    "303": 26,
    "233": 26,
    "350": 26,
    "42": 26,
    "491": 26,
    "99": 26,
    "452": 26,
    "124": 27,
    "183": 27,
    "404": 27,
    "190": 27,
    "566": 27,
    "325": 27,
    "167": 27,
    "259": 27,
    "209": 27,
    "49": 27,
    "79": 27,
    "521": 27,
    "58": 27,
    "478": 27,
    "255": 27,
    "32": 27,
    "112": 27,
    "606": 27,
    "376": 27,
    "562": 27,
    "17": 28,
    "371": 28,
    "94": 28,
    "245": 28,
    "585": 28,
    "494": 28,
    "279": 28,
    "103": 28,
    "367": 28,
    "526": 28,
    "324": 28,
    "215": 28,
    "586": 28,
    "381": 28,
    "102": 28,
    "311": 28,
    "186": 28,
    "366": 28,
    "561": 28,
    "134": 28,
    "599": 29,
    "19": 29,
    "293": 29,
    "185": 29,
    "0": 29,
    "409": 29,
    "18": 29,
    "83": 29,
    "483": 29,
    "513": 29,
    "73": 29,
    "5": 29,
    "44": 29,
    "168": 29,
    "225": 29,
    "593": 29,
    "451": 29,
    "65": 29,
    "216": 29,
    "50": 29
}