{
    "413": 0,
    "479": 0,
    "67": 0,
    "297": 0,
    "598": 0,
    "589": 0,
    "306": 0,
    "560": 0,
    "607": 0,
    "63": 0,
    "218": 0,
    "287": 0,
    "90": 0,
    "27": 0,
    "355": 0,
    "524": 0,
    "433": 0,
    "238": 0,
    "488": 0,
    "198": 0,
    "424": 0,
    "131": 0,
    "559": 0,
    "329": 0,
    "572": 0,
    "88": 1,
    "441": 1,
    "244": 1,
    "507": 1,
    "332": 1,
    "534": 1,
    "597": 1,
    "213": 1,
    "430": 1,
    "310": 1,
    "292": 1,
    "391": 1,
    "477": 1,
    "506": 1,
    "280": 1,
    "258": 1,
    "393": 1,
    "298": 1,
    "387": 1,
    "544": 1,
    "156": 1,
    "256": 1,
    "193": 1,
    "162": 1,
    "395": 1,
    "473": 2,
    "220": 2,
    "136": 2,
    "569": 2,
    "369": 2,
    "262": 2,
    "327": 2,
    "165": 2,
    "356": 2,
    "300": 2,
    "197": 2,
    "592": 2,
    "353": 2,
    "15": 2,
    "143": 2,
    "579": 2,
    "286": 2,
    "571": 2,
    "516": 2,
    "166": 2,
    "259": 2,
    "599": 2,
    "333": 2,
    "229": 2,
    "3": 2,
    "609": 3,
    "278": 3,
    "138": 3,
    "330": 3,
    "246": 3,
    "140": 3,
    "316": 3,
    "14": 3,
    "232": 3,
    "465": 3,
    "75": 3,
    "364": 3,
    "365": 3,
    "581": 3,
    "16": 3,
    "399": 3,
    "211": 3,
    "40": 3,
    "51": 3,
    "392": 3,
    "548": 3,
    "489": 3,
    "76": 3,
    "600": 3,
    "23": 3,
    "447": 4,
    "291": 4,
    "281": 4,
    "551": 4,
    "221": 4,
    "77": 4,
    "509": 4,
    "132": 4,
    "377": 4,
    "219": 4,
    "25": 4,
    "321": 4,
    "210": 4,
    "53": 4,
    "368": 4,
    "101": 4,
    "438": 4,
    "307": 4,
    "470": 4,
    "440": 4,
    "458": 4,
    "432": 4,
    "115": 4,
    "385": 4,
    "130": 4,
    "605": 5,
    "444": 5,
    "580": 5,
    "82": 5,
    "299": 5,
    "109": 5,
    "342": 5,
    "358": 5,
    "285": 5,
    "442": 5,
    "337": 5,
    "192": 5,
    "196": 5,
    "74": 5,
    "347": 5,
    "222": 5,
    "250": 5,
    "294": 5,
    "295": 5,
    "189": 5,
    "415": 5,
    "462": 5,
    "188": 5,
    "230": 5,
    "48": 5,
    "379": 6,
    "427": 6,
    "62": 6,
    "20": 6,
    "312": 6,
    "81": 6,
    "474": 6,
    "128": 6,
    "492": 6,
    "550": 6,
    "595": 6,
    "375": 6,
    "343": 6,
    "159": 6,
    "539": 6,
    "182": 6,
    "29": 6,
    "493": 6,
    "400": 6,
    "523": 6,
    "38": 6,
    "60": 6,
    "148": 6,
    "398": 6,
    "556": 6,
    "602": 7,
    "284": 7,
    "127": 7,
    "117": 7,
    "95": 7,
    "100": 7,
    "411": 7,
    "546": 7,
    "261": 7,
    "78": 7,
    "384": 7,
    "314": 7,
    "267": 7,
    "301": 7,
    "328": 7,
    "396": 7,
    "206": 7,
    "383": 7,
    "119": 7,
    "422": 7,
    "126": 7,
    "12": 7,
    "439": 7,
    "564": 7,
    "575": 7,
    "248": 8,
    "351": 8,
    "118": 8,
    "61": 8,
    "72": 8,
    "416": 8,
    "122": 8,
    "360": 8,
    "318": 8,
    "463": 8,
    "406": 8,
    "64": 8,
    "514": 8,
    "85": 8,
    "195": 8,
    "17": 8,
    "549": 8,
    "212": 8,
    "260": 8,
    "66": 8,
    "271": 8,
    "147": 8,
    "417": 8,
    "536": 8,
    "494": 8,
    "181": 9,
    "194": 9,
    "448": 9,
    "315": 9,
    "296": 9,
    "531": 9,
    "71": 9,
    "217": 9,
    "530": 9,
    "80": 9,
    "453": 9,
    "33": 9,
    "154": 9,
    "590": 9,
    "22": 9,
    "426": 9,
    "207": 9,
    "179": 9,
    "499": 9,
    "68": 9,
    "443": 9,
    "144": 9,
    "277": 9,
    "370": 9,
    "467": 9,
    "273": 10,
    "361": 10,
    "541": 10,
    "87": 10,
    "434": 10,
    "331": 10,
    "282": 10,
    "486": 10,
    "584": 10,
    "402": 10,
    "123": 10,
    "114": 10,
    "380": 10,
    "253": 10,
    "184": 10,
    "502": 10,
    "394": 10,
    "587": 10,
    "208": 10,
    "257": 10,
    "423": 10,
    "203": 10,
    "412": 10,
    "302": 10,
    "527": 10,
    "317": 11,
    "151": 11,
    "460": 11,
    "236": 11,
    "204": 11,
    "511": 11,
    "125": 11,
    "525": 11,
    "86": 11,
    "105": 11,
    "133": 11,
    "339": 11,
    "93": 11,
    "152": 11,
    "36": 11,
    "378": 11,
    "59": 11,
    "113": 11,
    "568": 11,
    "172": 11,
    "573": 11,
    "323": 11,
    "348": 11,
    "129": 11,
    "496": 11,
    "104": 12,
    "240": 12,
    "226": 12,
    "24": 12,
    "202": 12,
    "495": 12,
    "290": 12,
    "158": 12,
    "1": 12,
    "459": 12,
    "54": 12,
    "96": 12,
    "420": 12,
    "505": 12,
    "153": 12,
    "472": 12,
    "510": 12,
    "227": 12,
    "518": 12,
    "21": 12,
    "362": 12,
    "512": 12,
    "335": 12,
    "171": 12,
    "471": 12,
    "386": 13,
    "326": 13,
    "345": 13,
    "414": 13,
    "334": 13,
    "504": 13,
    "254": 13,
    "515": 13,
    "373": 13,
    "167": 13,
    "374": 13,
    "163": 13,
    "501": 13,
    "528": 13,
    "484": 13,
    "35": 13,
    "594": 13,
    "141": 13,
    "146": 13,
    "241": 13,
    "157": 13,
    "517": 13,
    "191": 13,
    "567": 13,
    "608": 13,
    "304": 14,
    "177": 14,
    "111": 14,
    "247": 14,
    "532": 14,
    "555": 14,
    "547": 14,
    "319": 14,
    "552": 14,
    "346": 14,
    "363": 14,
    "403": 14,
    "175": 14,
    "270": 14,
    "149": 14,
    "480": 14,
    "529": 14,
    "456": 14,
    "466": 14,
    "588": 14,
    "70": 14,
    "445": 14,
    "214": 14,
    "7": 14,
    "269": 14,
    "554": 15,
    "265": 15,
    "200": 15,
    "224": 15,
    "223": 15,
    "55": 15,
    "320": 15,
    "276": 15,
    "288": 15,
    "349": 15,
    "268": 15,
    "145": 15,
    "497": 15,
    "405": 15,
    "137": 15,
    "106": 15,
    "178": 15,
    "543": 15,
    "120": 15,
    "2": 15,
    "266": 15,
    "354": 15,
    "205": 15,
    "574": 15,
    "263": 15,
    "176": 16,
    "582": 16,
    "425": 16,
    "97": 16,
    "490": 16,
    "538": 16,
    "142": 16,
    "604": 16,
    "37": 16,
    "47": 16,
    "91": 16,
    "6": 16,
    "357": 16,
    "9": 16,
    "46": 16,
    "469": 16,
    "13": 16,
    "34": 16,
    "454": 16,
    "249": 16,
    "169": 16,
    "537": 16,
    "4": 16,
    "234": 16,
    "11": 16,
    "596": 17,
    "576": 17,
    "10": 17,
    "235": 17,
    "382": 17,
    "30": 17,
    "359": 17,
    "464": 17,
    "309": 17,
    "535": 17,
    "401": 17,
    "565": 17,
    "228": 17,
    "84": 17,
    "170": 17,
    "187": 17,
    "449": 17,
    "164": 17,
    "173": 17,
    "498": 17,
    "450": 17,
    "45": 17,
    "43": 17,
    "500": 17,
    "341": 17,
    "482": 18,
    "397": 18,
    "272": 18,
    "520": 18,
    "429": 18,
    "275": 18,
    "251": 18,
    "521": 18,
    "542": 18,
    "340": 18,
    "577": 18,
    "578": 18,
    "8": 18,
    "160": 18,
    "242": 18,
    "69": 18,
    "485": 18,
    "372": 18,
    "522": 18,
    "322": 18,
    "388": 18,
    "446": 18,
    "557": 18,
    "174": 18,
    "283": 18,
    "274": 19,
    "237": 19,
    "421": 19,
    "215": 19,
    "503": 19,
    "52": 19,
    "161": 19,
    "455": 19,
    "545": 19,
    "252": 19,
    "553": 19,
    "475": 19,
    "107": 19,
    "344": 19,
    "31": 19,
    "308": 19,
    "150": 19,
    "108": 19,
    "89": 19,
    "409": 19,
    "264": 19,
    "98": 19,
    "436": 19,
    "570": 19,
    "540": 19,
    "231": 20,
    "418": 20,
    "431": 20,
    "350": 20,
    "419": 20,
    "435": 20,
    "389": 20,
    "313": 20,
    "28": 20,
    "457": 20,
    "199": 20,
    "481": 20,
    "591": 20,
    "407": 20,
    "487": 20,
    "558": 20,
    "180": 20,
    "79": 20,
    "352": 20,
    "305": 20,
    "243": 20,
    "583": 20,
    "428": 20,
    "563": 20,
    "410": 20,
    "468": 21,
    "408": 21,
    "58": 21,
    "606": 21,
    "586": 21,
    "371": 21,
    "26": 21,
    "367": 21,
    "92": 21,
    "135": 21,
    "603": 21,
    "56": 21,
    "116": 21,
    "601": 21,
    "293": 21,
    "57": 21,
    "404": 21,
    "134": 21,
    "336": 21,
    "39": 21,
    "311": 21,
    "526": 21,
    "190": 21,
    "478": 21,
    "303": 21,
    "476": 22,
    "519": 22,
    "94": 22,
    "49": 22,
    "239": 22,
    "376": 22,
    "209": 22,
    "233": 22,
    "491": 22,
    "366": 22,
    "225": 22,
    "99": 22,
    "42": 22,
    "183": 22,
    "185": 22,
    "0": 22,
    "19": 22,
    "186": 22,
    "325": 22,
    "103": 22,
    "566": 22,
    "255": 22,
    "279": 22,
    "32": 22,
    "483": 22,
    "110": 23,
    "562": 23,
    "112": 23,
    "381": 23,
    "585": 23,
    "245": 23,
    "508": 23,
    "73": 23,
    "561": 23,
    "324": 23,
    "593": 23,
    "513": 23,
    "168": 23,
    "102": 23,
    "5": 23,
    "124": 23,
    "452": 23,
    "451": 23,
    "83": 23,
    "121": 23,
    "44": 23,
    "533": 23,
    "289": 23,
    "338": 23,
    "18": 23
}