{
    "413": 0,
    "479": 0,
    "67": 0,
    "297": 0,
    "598": 0,
    "88": 1,
    "441": 1,
    "244": 1,
    "507": 1,
    "332": 1,
    "473": 2,
    "131": 2,
    "589": 2,
    "198": 2,
    "220": 2,
    "609": 3,
    "278": 3,
    "138": 3,
    "330": 3,
    "246": 3,
    "447": 4,
    "560": 4,
    "140": 4,
    "291": 4,
    "281": 4,
    "605": 5,
    "444": 5,
    "580": 5,
    "82": 5,
    "130": 5,
    "379": 6,
    "327": 6,
    "572": 6,
    "427": 6,
    "219": 6,
    "602": 7,
    "3": 7,
    "284": 7,
    "127": 7,
    "493": 7,
    "248": 8,
    "20": 8,
    "351": 8,
    "232": 8,
    "550": 8,
    "181": 9,
    "194": 9,
    "286": 9,
    "424": 9,
    "448": 9,
    "273": 10,
    "433": 10,
    "218": 10,
    "329": 10,
    "229": 10,
    "317": 11,
    "151": 11,
    "188": 11,
    "377": 11,
    "80": 11,
    "104": 12,
    "465": 12,
    "240": 12,
    "600": 12,
    "122": 12,
    "386": 13,
    "15": 13,
    "22": 13,
    "16": 13,
    "369": 13,
    "287": 14,
    "569": 14,
    "398": 14,
    "576": 14,
    "512": 14,
    "304": 15,
    "399": 15,
    "75": 15,
    "14": 15,
    "316": 15,
    "176": 16,
    "582": 16,
    "307": 16,
    "158": 16,
    "333": 16,
    "554": 17,
    "302": 17,
    "148": 17,
    "282": 17,
    "334": 17,
    "482": 18,
    "486": 18,
    "222": 18,
    "541": 18,
    "66": 18,
    "274": 19,
    "223": 19,
    "395": 19,
    "415": 19,
    "546": 19,
    "231": 20,
    "438": 20,
    "360": 20,
    "85": 20,
    "76": 20,
    "596": 21,
    "182": 21,
    "10": 21,
    "235": 21,
    "267": 21,
    "607": 22,
    "285": 22,
    "353": 22,
    "238": 22,
    "143": 22,
    "110": 23,
    "305": 23,
    "113": 23,
    "364": 23,
    "365": 23,
    "476": 24,
    "230": 24,
    "548": 24,
    "556": 24,
    "217": 24,
    "139": 25,
    "378": 25,
    "529": 25,
    "462": 25,
    "511": 25,
    "306": 26,
    "300": 26,
    "342": 26,
    "132": 26,
    "123": 26,
    "533": 27,
    "470": 27,
    "29": 27,
    "406": 27,
    "568": 27,
    "437": 28,
    "592": 28,
    "6": 28,
    "33": 28,
    "47": 28,
    "124": 29,
    "257": 29,
    "432": 29,
    "514": 29,
    "337": 29,
    "599": 30,
    "53": 30,
    "292": 30,
    "315": 30,
    "125": 30,
    "61": 31,
    "581": 31,
    "24": 31,
    "416": 31,
    "105": 31,
    "63": 32,
    "117": 32,
    "60": 32,
    "189": 32,
    "348": 32,
    "338": 33,
    "496": 33,
    "460": 33,
    "48": 33,
    "299": 33,
    "488": 34,
    "346": 34,
    "93": 34,
    "506": 34,
    "530": 34,
    "468": 35,
    "571": 35,
    "207": 35,
    "408": 35,
    "144": 35,
    "17": 36,
    "111": 36,
    "417": 36,
    "549": 36,
    "210": 36,
    "50": 37,
    "430": 37,
    "171": 37,
    "597": 37,
    "146": 37,
    "90": 38,
    "523": 38,
    "385": 38,
    "485": 38,
    "587": 38,
    "524": 39,
    "147": 39,
    "425": 39,
    "195": 39,
    "204": 39,
    "121": 40,
    "260": 40,
    "179": 40,
    "36": 40,
    "328": 40,
    "201": 41,
    "163": 41,
    "492": 41,
    "95": 41,
    "196": 41,
    "380": 42,
    "128": 42,
    "400": 42,
    "458": 42,
    "555": 42,
    "461": 43,
    "119": 43,
    "477": 43,
    "25": 43,
    "362": 43,
    "44": 44,
    "339": 44,
    "258": 44,
    "172": 44,
    "564": 44,
    "155": 45,
    "314": 45,
    "256": 45,
    "213": 45,
    "193": 45,
    "225": 46,
    "280": 46,
    "254": 46,
    "77": 46,
    "115": 46,
    "390": 47,
    "296": 47,
    "443": 47,
    "100": 47,
    "71": 47,
    "356": 48,
    "7": 48,
    "393": 48,
    "234": 48,
    "37": 48,
    "559": 49,
    "208": 49,
    "539": 49,
    "310": 49,
    "440": 49,
    "56": 50,
    "422": 50,
    "266": 50,
    "354": 50,
    "141": 50,
    "508": 51,
    "495": 51,
    "251": 51,
    "290": 51,
    "387": 51,
    "102": 52,
    "294": 52,
    "434": 52,
    "21": 52,
    "391": 52,
    "41": 53,
    "133": 53,
    "101": 53,
    "484": 53,
    "241": 53,
    "579": 54,
    "253": 54,
    "74": 54,
    "335": 54,
    "250": 54,
    "168": 55,
    "169": 55,
    "497": 55,
    "34": 55,
    "534": 55,
    "27": 56,
    "54": 56,
    "64": 56,
    "202": 56,
    "236": 56,
    "18": 57,
    "456": 57,
    "200": 57,
    "224": 57,
    "528": 57,
    "65": 58,
    "402": 58,
    "321": 58,
    "467": 58,
    "442": 58,
    "494": 59,
    "1": 59,
    "480": 59,
    "536": 59,
    "162": 59,
    "595": 60,
    "271": 60,
    "263": 60,
    "538": 60,
    "153": 60,
    "289": 61,
    "156": 61,
    "277": 61,
    "270": 61,
    "126": 61,
    "216": 62,
    "70": 62,
    "349": 62,
    "363": 62,
    "191": 62,
    "355": 63,
    "298": 63,
    "439": 63,
    "517": 63,
    "472": 63,
    "452": 64,
    "96": 64,
    "590": 64,
    "12": 64,
    "129": 64,
    "513": 65,
    "515": 65,
    "509": 65,
    "192": 65,
    "206": 65,
    "199": 66,
    "490": 66,
    "227": 66,
    "405": 66,
    "91": 66,
    "312": 67,
    "373": 67,
    "301": 67,
    "323": 67,
    "288": 67,
    "0": 68,
    "269": 68,
    "594": 68,
    "573": 68,
    "149": 68,
    "118": 69,
    "319": 69,
    "518": 69,
    "510": 69,
    "544": 69,
    "451": 70,
    "359": 70,
    "68": 70,
    "543": 70,
    "575": 70,
    "5": 71,
    "180": 71,
    "320": 71,
    "445": 71,
    "435": 71,
    "483": 72,
    "145": 72,
    "59": 72,
    "268": 72,
    "184": 72,
    "585": 73,
    "247": 73,
    "608": 73,
    "137": 73,
    "403": 73,
    "159": 74,
    "374": 74,
    "531": 74,
    "383": 74,
    "372": 74,
    "381": 75,
    "318": 75,
    "295": 75,
    "466": 75,
    "2": 75,
    "561": 76,
    "532": 76,
    "358": 76,
    "498": 76,
    "86": 76,
    "83": 77,
    "261": 77,
    "454": 77,
    "436": 77,
    "450": 77,
    "134": 78,
    "276": 78,
    "175": 78,
    "178": 78,
    "55": 78,
    "245": 79,
    "370": 79,
    "567": 79,
    "157": 79,
    "547": 79,
    "593": 80,
    "394": 80,
    "401": 80,
    "106": 80,
    "173": 80,
    "186": 81,
    "504": 81,
    "453": 81,
    "8": 81,
    "396": 81,
    "367": 82,
    "120": 82,
    "45": 82,
    "35": 82,
    "535": 82,
    "103": 83,
    "505": 83,
    "205": 83,
    "174": 83,
    "577": 83,
    "293": 84,
    "154": 84,
    "471": 84,
    "574": 84,
    "43": 84,
    "79": 85,
    "87": 85,
    "84": 85,
    "527": 85,
    "588": 85,
    "185": 86,
    "160": 86,
    "420": 86,
    "501": 86,
    "388": 86,
    "73": 87,
    "109": 87,
    "520": 87,
    "382": 87,
    "237": 87,
    "324": 88,
    "426": 88,
    "4": 88,
    "13": 88,
    "357": 88,
    "211": 89,
    "489": 89,
    "203": 89,
    "500": 89,
    "52": 89,
    "331": 90,
    "177": 90,
    "249": 90,
    "343": 90,
    "347": 90,
    "409": 91,
    "449": 91,
    "455": 91,
    "161": 91,
    "341": 91,
    "62": 92,
    "326": 92,
    "502": 92,
    "272": 92,
    "459": 92,
    "311": 93,
    "570": 93,
    "30": 93,
    "164": 93,
    "242": 93,
    "303": 94,
    "313": 94,
    "565": 94,
    "228": 94,
    "469": 94,
    "72": 95,
    "142": 95,
    "152": 95,
    "340": 95,
    "429": 95,
    "431": 96,
    "11": 96,
    "412": 96,
    "275": 96,
    "463": 96,
    "19": 97,
    "537": 97,
    "499": 97,
    "475": 97,
    "150": 97,
    "165": 98,
    "214": 98,
    "552": 98,
    "23": 98,
    "414": 98,
    "526": 99,
    "187": 99,
    "309": 99,
    "545": 99,
    "557": 99,
    "521": 100,
    "392": 100,
    "584": 100,
    "397": 100,
    "78": 100,
    "366": 101,
    "421": 101,
    "69": 101,
    "578": 101,
    "98": 101,
    "279": 102,
    "525": 102,
    "252": 102,
    "540": 102,
    "46": 102,
    "371": 103,
    "352": 103,
    "89": 103,
    "108": 103,
    "601": 103,
    "519": 104,
    "322": 104,
    "212": 104,
    "344": 104,
    "107": 104,
    "325": 105,
    "226": 105,
    "389": 105,
    "350": 105,
    "446": 105,
    "94": 106,
    "368": 106,
    "38": 106,
    "503": 106,
    "264": 106,
    "516": 107,
    "591": 107,
    "457": 107,
    "583": 107,
    "487": 107,
    "197": 108,
    "170": 108,
    "114": 108,
    "31": 108,
    "283": 108,
    "255": 109,
    "542": 109,
    "428": 109,
    "28": 109,
    "135": 109,
    "586": 110,
    "410": 110,
    "411": 110,
    "243": 110,
    "553": 110,
    "51": 111,
    "9": 111,
    "522": 111,
    "97": 111,
    "603": 111,
    "40": 112,
    "423": 112,
    "361": 112,
    "404": 112,
    "308": 112,
    "474": 113,
    "209": 113,
    "481": 113,
    "558": 113,
    "166": 113,
    "562": 114,
    "336": 114,
    "26": 114,
    "39": 114,
    "563": 114,
    "606": 115,
    "92": 115,
    "116": 115,
    "57": 115,
    "190": 115,
    "262": 116,
    "32": 116,
    "551": 116,
    "99": 116,
    "419": 116,
    "566": 117,
    "183": 117,
    "407": 117,
    "464": 117,
    "375": 117,
    "81": 118,
    "239": 118,
    "418": 118,
    "233": 118,
    "221": 118,
    "49": 119,
    "167": 119,
    "345": 119,
    "136": 119,
    "259": 119,
    "604": 120,
    "491": 120,
    "376": 120,
    "42": 120,
    "478": 120,
    "265": 121,
    "384": 121,
    "58": 121,
    "215": 121,
    "112": 121
}