{
    "413": 0,
    "479": 0,
    "67": 0,
    "297": 0,
    "598": 0,
    "589": 0,
    "306": 0,
    "560": 0,
    "88": 1,
    "441": 1,
    "244": 1,
    "507": 1,
    "332": 1,
    "534": 1,
    "597": 1,
    "213": 1,
    "473": 2,
    "131": 2,
    "198": 2,
    "220": 2,
    "136": 2,
    "329": 2,
    "569": 2,
    "369": 2,
    "609": 3,
    "278": 3,
    "138": 3,
    "330": 3,
    "246": 3,
    "140": 3,
    "572": 3,
    "316": 3,
    "447": 4,
    "291": 4,
    "281": 4,
    "551": 4,
    "221": 4,
    "77": 4,
    "232": 4,
    "509": 4,
    "605": 5,
    "444": 5,
    "580": 5,
    "82": 5,
    "130": 5,
    "299": 5,
    "109": 5,
    "15": 5,
    "379": 6,
    "327": 6,
    "427": 6,
    "219": 6,
    "424": 6,
    "62": 6,
    "433": 6,
    "20": 6,
    "602": 7,
    "3": 7,
    "284": 7,
    "127": 7,
    "493": 7,
    "117": 7,
    "95": 7,
    "100": 7,
    "248": 8,
    "351": 8,
    "550": 8,
    "474": 8,
    "14": 8,
    "211": 8,
    "465": 8,
    "118": 8,
    "181": 9,
    "194": 9,
    "286": 9,
    "448": 9,
    "315": 9,
    "385": 9,
    "296": 9,
    "38": 9,
    "273": 10,
    "218": 10,
    "229": 10,
    "75": 10,
    "333": 10,
    "81": 10,
    "16": 10,
    "238": 10,
    "317": 11,
    "151": 11,
    "188": 11,
    "377": 11,
    "80": 11,
    "581": 11,
    "460": 11,
    "25": 11,
    "104": 12,
    "240": 12,
    "600": 12,
    "122": 12,
    "489": 12,
    "365": 12,
    "64": 12,
    "250": 12,
    "386": 13,
    "22": 13,
    "294": 13,
    "453": 13,
    "192": 13,
    "321": 13,
    "326": 13,
    "342": 13,
    "287": 14,
    "398": 14,
    "576": 14,
    "512": 14,
    "592": 14,
    "76": 14,
    "263": 14,
    "179": 14,
    "304": 15,
    "399": 15,
    "230": 15,
    "210": 15,
    "432": 15,
    "416": 15,
    "496": 15,
    "87": 15,
    "176": 16,
    "582": 16,
    "307": 16,
    "158": 16,
    "425": 16,
    "300": 16,
    "222": 16,
    "147": 16,
    "554": 17,
    "302": 17,
    "148": 17,
    "282": 17,
    "334": 17,
    "265": 17,
    "200": 17,
    "391": 17,
    "482": 18,
    "486": 18,
    "541": 18,
    "66": 18,
    "548": 18,
    "143": 18,
    "422": 18,
    "458": 18,
    "274": 19,
    "223": 19,
    "395": 19,
    "415": 19,
    "546": 19,
    "126": 19,
    "530": 19,
    "277": 19,
    "231": 20,
    "438": 20,
    "360": 20,
    "85": 20,
    "470": 20,
    "539": 20,
    "406": 20,
    "195": 20,
    "596": 21,
    "182": 21,
    "10": 21,
    "235": 21,
    "267": 21,
    "217": 21,
    "328": 21,
    "393": 21,
    "607": 22,
    "285": 22,
    "353": 22,
    "68": 22,
    "96": 22,
    "123": 22,
    "12": 22,
    "132": 22,
    "110": 23,
    "305": 23,
    "113": 23,
    "364": 23,
    "204": 23,
    "280": 23,
    "563": 23,
    "290": 23,
    "476": 24,
    "556": 24,
    "528": 24,
    "53": 24,
    "119": 24,
    "310": 24,
    "71": 24,
    "506": 24,
    "139": 25,
    "378": 25,
    "529": 25,
    "462": 25,
    "511": 25,
    "125": 25,
    "403": 25,
    "144": 25,
    "437": 26,
    "6": 26,
    "33": 26,
    "47": 26,
    "128": 26,
    "349": 26,
    "55": 26,
    "362": 26,
    "124": 27,
    "257": 27,
    "514": 27,
    "337": 27,
    "48": 27,
    "318": 27,
    "549": 27,
    "430": 27,
    "63": 28,
    "60": 28,
    "189": 28,
    "348": 28,
    "454": 28,
    "443": 28,
    "301": 28,
    "133": 28,
    "533": 29,
    "29": 29,
    "568": 29,
    "292": 29,
    "440": 29,
    "93": 29,
    "172": 29,
    "555": 29,
    "599": 30,
    "467": 30,
    "373": 30,
    "258": 30,
    "339": 30,
    "394": 30,
    "241": 30,
    "129": 30,
    "61": 31,
    "24": 31,
    "105": 31,
    "208": 31,
    "442": 31,
    "247": 31,
    "271": 31,
    "417": 31,
    "488": 32,
    "346": 32,
    "169": 32,
    "13": 32,
    "445": 32,
    "115": 32,
    "564": 32,
    "196": 32,
    "468": 33,
    "571": 33,
    "207": 33,
    "408": 33,
    "531": 33,
    "501": 33,
    "193": 33,
    "35": 33,
    "17": 34,
    "111": 34,
    "236": 34,
    "361": 34,
    "527": 34,
    "153": 34,
    "587": 34,
    "54": 34,
    "50": 35,
    "171": 35,
    "146": 35,
    "256": 35,
    "162": 35,
    "573": 35,
    "439": 35,
    "544": 35,
    "90": 36,
    "523": 36,
    "485": 36,
    "101": 36,
    "74": 36,
    "384": 36,
    "120": 36,
    "320": 36,
    "524": 37,
    "400": 37,
    "537": 37,
    "152": 37,
    "518": 37,
    "477": 37,
    "260": 37,
    "323": 37,
    "121": 38,
    "36": 38,
    "1": 38,
    "484": 38,
    "254": 38,
    "608": 38,
    "59": 38,
    "227": 38,
    "201": 39,
    "163": 39,
    "492": 39,
    "30": 39,
    "206": 39,
    "456": 39,
    "517": 39,
    "515": 39,
    "44": 40,
    "497": 40,
    "141": 40,
    "184": 40,
    "499": 40,
    "7": 40,
    "283": 40,
    "156": 40,
    "461": 41,
    "298": 41,
    "288": 41,
    "396": 41,
    "575": 41,
    "149": 41,
    "495": 41,
    "480": 41,
    "338": 42,
    "21": 42,
    "191": 42,
    "466": 42,
    "536": 42,
    "270": 42,
    "420": 42,
    "319": 42,
    "41": 43,
    "590": 43,
    "175": 43,
    "178": 43,
    "352": 43,
    "37": 43,
    "565": 43,
    "34": 43,
    "380": 44,
    "253": 44,
    "538": 44,
    "387": 44,
    "459": 44,
    "202": 44,
    "70": 44,
    "340": 44,
    "155": 45,
    "314": 45,
    "205": 45,
    "588": 45,
    "269": 45,
    "594": 45,
    "86": 45,
    "405": 45,
    "356": 46,
    "234": 46,
    "4": 46,
    "567": 46,
    "471": 46,
    "161": 46,
    "543": 46,
    "173": 46,
    "559": 47,
    "295": 47,
    "374": 47,
    "472": 47,
    "505": 47,
    "137": 47,
    "145": 47,
    "434": 47,
    "390": 48,
    "197": 48,
    "383": 48,
    "358": 48,
    "535": 48,
    "335": 48,
    "402": 48,
    "268": 48,
    "508": 49,
    "251": 49,
    "157": 49,
    "276": 49,
    "91": 49,
    "498": 49,
    "510": 49,
    "154": 49,
    "225": 50,
    "106": 50,
    "354": 50,
    "450": 50,
    "363": 50,
    "272": 50,
    "547": 50,
    "275": 50,
    "289": 51,
    "84": 51,
    "574": 51,
    "382": 51,
    "2": 51,
    "261": 51,
    "359": 51,
    "504": 51,
    "56": 52,
    "266": 52,
    "313": 52,
    "401": 52,
    "243": 52,
    "411": 52,
    "578": 52,
    "228": 52,
    "102": 53,
    "414": 53,
    "584": 53,
    "203": 53,
    "160": 53,
    "426": 53,
    "357": 53,
    "174": 53,
    "579": 54,
    "165": 54,
    "177": 54,
    "8": 54,
    "164": 54,
    "463": 54,
    "429": 54,
    "45": 54,
    "168": 55,
    "249": 55,
    "500": 55,
    "520": 55,
    "475": 55,
    "469": 55,
    "341": 55,
    "503": 55,
    "27": 56,
    "343": 56,
    "237": 56,
    "388": 56,
    "370": 56,
    "52": 56,
    "412": 56,
    "577": 56,
    "18": 57,
    "224": 57,
    "242": 57,
    "150": 57,
    "540": 57,
    "435": 57,
    "114": 57,
    "591": 57,
    "65": 58,
    "214": 58,
    "43": 58,
    "532": 58,
    "557": 58,
    "502": 58,
    "347": 58,
    "78": 58,
    "494": 59,
    "46": 59,
    "23": 59,
    "11": 59,
    "69": 59,
    "449": 59,
    "142": 59,
    "322": 59,
    "595": 60,
    "397": 60,
    "392": 60,
    "97": 60,
    "455": 60,
    "522": 60,
    "525": 60,
    "389": 60,
    "216": 61,
    "92": 61,
    "558": 61,
    "98": 61,
    "180": 61,
    "309": 61,
    "372": 61,
    "26": 61,
    "452": 62,
    "545": 62,
    "421": 62,
    "457": 62,
    "446": 62,
    "108": 62,
    "552": 62,
    "583": 62,
    "513": 63,
    "570": 63,
    "553": 63,
    "490": 63,
    "187": 63,
    "212": 63,
    "344": 63,
    "428": 63,
    "355": 64,
    "368": 64,
    "107": 64,
    "252": 64,
    "419": 64,
    "166": 64,
    "28": 64,
    "259": 64,
    "5": 65,
    "57": 65,
    "135": 65,
    "239": 65,
    "410": 65,
    "116": 65,
    "603": 65,
    "42": 65,
    "199": 66,
    "481": 66,
    "262": 66,
    "542": 66,
    "226": 66,
    "31": 66,
    "89": 66,
    "9": 66,
    "312": 67,
    "464": 67,
    "264": 67,
    "170": 67,
    "601": 67,
    "375": 67,
    "311": 67,
    "134": 67,
    "451": 68,
    "487": 68,
    "371": 68,
    "336": 68,
    "606": 68,
    "436": 68,
    "367": 68,
    "418": 68,
    "483": 69,
    "423": 69,
    "350": 69,
    "308": 69,
    "39": 69,
    "190": 69,
    "167": 69,
    "404": 69,
    "0": 70,
    "233": 70,
    "58": 70,
    "526": 70,
    "478": 70,
    "99": 70,
    "491": 70,
    "32": 70,
    "245": 71,
    "604": 71,
    "209": 71,
    "51": 71,
    "40": 71,
    "331": 71,
    "407": 71,
    "183": 71,
    "585": 72,
    "566": 72,
    "516": 72,
    "255": 72,
    "519": 72,
    "325": 72,
    "49": 72,
    "72": 72,
    "83": 73,
    "112": 73,
    "586": 73,
    "345": 73,
    "215": 73,
    "376": 73,
    "303": 73,
    "409": 73,
    "159": 74,
    "94": 74,
    "521": 74,
    "185": 74,
    "366": 74,
    "293": 74,
    "19": 74,
    "431": 74,
    "381": 75,
    "562": 75,
    "279": 75,
    "79": 75,
    "103": 75,
    "73": 75,
    "324": 75,
    "561": 75
}