{
    "413": 0,
    "479": 0,
    "607": 0,
    "67": 0,
    "297": 0,
    "560": 0,
    "63": 0,
    "306": 0,
    "218": 0,
    "598": 0,
    "488": 0,
    "589": 0,
    "88": 1,
    "441": 1,
    "244": 1,
    "507": 1,
    "477": 1,
    "213": 1,
    "256": 1,
    "292": 1,
    "310": 1,
    "280": 1,
    "387": 1,
    "162": 1,
    "473": 2,
    "198": 2,
    "131": 2,
    "569": 2,
    "165": 2,
    "468": 2,
    "262": 2,
    "136": 2,
    "487": 2,
    "253": 2,
    "592": 2,
    "308": 2,
    "609": 3,
    "278": 3,
    "330": 3,
    "138": 3,
    "246": 3,
    "140": 3,
    "327": 3,
    "433": 3,
    "14": 3,
    "62": 3,
    "307": 3,
    "211": 3,
    "379": 4,
    "427": 4,
    "20": 4,
    "474": 4,
    "291": 4,
    "238": 4,
    "353": 4,
    "572": 4,
    "595": 4,
    "392": 4,
    "219": 4,
    "229": 4,
    "605": 5,
    "143": 5,
    "415": 5,
    "109": 5,
    "82": 5,
    "192": 5,
    "369": 5,
    "345": 5,
    "74": 5,
    "439": 5,
    "512": 5,
    "333": 5,
    "447": 6,
    "398": 6,
    "76": 6,
    "551": 6,
    "77": 6,
    "221": 6,
    "406": 6,
    "75": 6,
    "430": 6,
    "440": 6,
    "210": 6,
    "302": 6,
    "602": 7,
    "267": 7,
    "117": 7,
    "546": 7,
    "328": 7,
    "127": 7,
    "284": 7,
    "383": 7,
    "534": 7,
    "217": 7,
    "261": 7,
    "100": 7,
    "273": 8,
    "329": 8,
    "424": 8,
    "222": 8,
    "232": 8,
    "360": 8,
    "331": 8,
    "16": 8,
    "281": 8,
    "60": 8,
    "81": 8,
    "419": 8,
    "104": 9,
    "465": 9,
    "122": 9,
    "240": 9,
    "600": 9,
    "580": 9,
    "208": 9,
    "299": 9,
    "470": 9,
    "496": 9,
    "489": 9,
    "416": 9,
    "248": 10,
    "61": 10,
    "364": 10,
    "550": 10,
    "351": 10,
    "72": 10,
    "118": 10,
    "51": 10,
    "17": 10,
    "494": 10,
    "377": 10,
    "29": 10,
    "181": 11,
    "194": 11,
    "286": 11,
    "448": 11,
    "285": 11,
    "130": 11,
    "15": 11,
    "87": 11,
    "164": 11,
    "296": 11,
    "426": 11,
    "321": 11,
    "317": 12,
    "581": 12,
    "444": 12,
    "204": 12,
    "548": 12,
    "113": 12,
    "189": 12,
    "556": 12,
    "80": 12,
    "132": 12,
    "486": 12,
    "25": 12,
    "386": 13,
    "22": 13,
    "38": 13,
    "334": 13,
    "399": 13,
    "453": 13,
    "432": 13,
    "539": 13,
    "53": 13,
    "493": 13,
    "230": 13,
    "148": 13,
    "287": 14,
    "576": 14,
    "179": 14,
    "115": 14,
    "171": 14,
    "263": 14,
    "144": 14,
    "68": 14,
    "509": 14,
    "95": 14,
    "358": 14,
    "93": 14,
    "304": 15,
    "316": 15,
    "365": 15,
    "64": 15,
    "294": 15,
    "188": 15,
    "527": 15,
    "151": 15,
    "271": 15,
    "24": 15,
    "40": 15,
    "417": 15,
    "176": 16,
    "582": 16,
    "458": 16,
    "516": 16,
    "152": 16,
    "9": 16,
    "337": 16,
    "47": 16,
    "158": 16,
    "234": 16,
    "573": 16,
    "59": 16,
    "554": 17,
    "200": 17,
    "282": 17,
    "224": 17,
    "438": 17,
    "373": 17,
    "196": 17,
    "460": 17,
    "227": 17,
    "123": 17,
    "378": 17,
    "393": 17,
    "482": 18,
    "538": 18,
    "442": 18,
    "105": 18,
    "66": 18,
    "425": 18,
    "71": 18,
    "147": 18,
    "85": 18,
    "462": 18,
    "33": 18,
    "541": 18,
    "231": 19,
    "400": 19,
    "212": 19,
    "48": 19,
    "195": 19,
    "298": 19,
    "429": 19,
    "202": 19,
    "518": 19,
    "6": 19,
    "260": 19,
    "12": 19,
    "476": 20,
    "346": 20,
    "530": 20,
    "172": 20,
    "254": 20,
    "506": 20,
    "288": 20,
    "126": 20,
    "275": 20,
    "207": 20,
    "86": 20,
    "315": 20,
    "110": 21,
    "563": 21,
    "1": 21,
    "305": 21,
    "549": 21,
    "153": 21,
    "156": 21,
    "405": 21,
    "54": 21,
    "206": 21,
    "472": 21,
    "514": 21,
    "139": 22,
    "403": 22,
    "511": 22,
    "531": 22,
    "125": 22,
    "7": 22,
    "169": 22,
    "529": 22,
    "348": 22,
    "422": 22,
    "385": 22,
    "96": 22,
    "533": 23,
    "343": 23,
    "290": 23,
    "391": 23,
    "247": 23,
    "133": 23,
    "395": 23,
    "568": 23,
    "258": 23,
    "119": 23,
    "332": 23,
    "555": 23,
    "437": 24,
    "10": 24,
    "339": 24,
    "591": 24,
    "485": 24,
    "163": 24,
    "55": 24,
    "320": 24,
    "454": 24,
    "70": 24,
    "101": 24,
    "363": 24,
    "274": 25,
    "362": 25,
    "515": 25,
    "177": 25,
    "323": 25,
    "223": 25,
    "250": 25,
    "564": 25,
    "301": 25,
    "594": 25,
    "270": 25,
    "411": 25,
    "596": 26,
    "265": 26,
    "78": 26,
    "182": 26,
    "492": 26,
    "235": 26,
    "575": 26,
    "193": 26,
    "571": 26,
    "608": 26,
    "528": 26,
    "35": 26,
    "124": 27,
    "257": 27,
    "495": 27,
    "319": 27,
    "318": 27,
    "236": 27,
    "191": 27,
    "241": 27,
    "597": 27,
    "277": 27,
    "146": 27,
    "544": 27,
    "599": 28,
    "129": 28,
    "184": 28,
    "501": 28,
    "205": 28,
    "349": 28,
    "467": 28,
    "36": 28,
    "396": 28,
    "397": 28,
    "149": 28,
    "106": 28,
    "338": 29,
    "21": 29,
    "510": 29,
    "434": 29,
    "466": 29,
    "480": 29,
    "111": 29,
    "295": 29,
    "420": 29,
    "536": 29,
    "502": 29,
    "342": 29,
    "90": 30,
    "523": 30,
    "178": 30,
    "469": 30,
    "173": 30,
    "120": 30,
    "587": 30,
    "45": 30,
    "445": 30,
    "443": 30,
    "175": 30,
    "394": 30,
    "102": 31,
    "141": 31,
    "145": 31,
    "471": 31,
    "584": 31,
    "34": 31,
    "91": 31,
    "361": 31,
    "4": 31,
    "314": 31,
    "8": 31,
    "547": 31,
    "225": 32,
    "276": 32,
    "166": 32,
    "590": 32,
    "517": 32,
    "268": 32,
    "30": 32,
    "43": 32,
    "402": 32,
    "154": 32,
    "269": 32,
    "456": 32,
    "461": 33,
    "374": 33,
    "484": 33,
    "354": 33,
    "13": 33,
    "137": 33,
    "157": 33,
    "574": 33,
    "359": 33,
    "498": 33,
    "505": 33,
    "504": 33,
    "524": 34,
    "537": 34,
    "357": 34,
    "251": 34,
    "174": 34,
    "490": 34,
    "577": 34,
    "249": 34,
    "340": 34,
    "497": 34,
    "11": 34,
    "97": 34,
    "41": 35,
    "352": 35,
    "98": 35,
    "37": 35,
    "341": 35,
    "108": 35,
    "535": 35,
    "228": 35,
    "500": 35,
    "410": 35,
    "588": 35,
    "242": 35,
    "356": 36,
    "272": 36,
    "214": 36,
    "69": 36,
    "567": 36,
    "300": 36,
    "161": 36,
    "565": 36,
    "372": 36,
    "540": 36,
    "401": 36,
    "475": 36,
    "50": 37,
    "449": 37,
    "2": 37,
    "382": 37,
    "543": 37,
    "532": 37,
    "370": 37,
    "52": 37,
    "450": 37,
    "237": 37,
    "160": 37,
    "388": 37,
    "380": 38,
    "128": 38,
    "459": 38,
    "457": 38,
    "499": 38,
    "335": 38,
    "435": 38,
    "412": 38,
    "455": 38,
    "578": 38,
    "46": 38,
    "326": 38,
    "220": 39,
    "252": 39,
    "167": 39,
    "414": 39,
    "347": 39,
    "421": 39,
    "520": 39,
    "525": 39,
    "344": 39,
    "84": 39,
    "309": 39,
    "552": 39,
    "121": 40,
    "404": 40,
    "423": 40,
    "203": 40,
    "23": 40,
    "545": 40,
    "557": 40,
    "266": 40,
    "570": 40,
    "28": 40,
    "142": 40,
    "150": 40,
    "201": 41,
    "264": 41,
    "384": 41,
    "371": 41,
    "313": 41,
    "322": 41,
    "31": 41,
    "243": 41,
    "446": 41,
    "464": 41,
    "436": 41,
    "367": 41,
    "44": 42,
    "463": 42,
    "283": 42,
    "114": 42,
    "92": 42,
    "375": 42,
    "368": 42,
    "180": 42,
    "116": 42,
    "558": 42,
    "553": 42,
    "336": 42,
    "155": 43,
    "215": 43,
    "187": 43,
    "408": 43,
    "389": 43,
    "107": 43,
    "89": 43,
    "503": 43,
    "409": 43,
    "586": 43,
    "58": 43,
    "190": 43,
    "65": 44,
    "170": 44,
    "603": 44,
    "259": 44,
    "481": 44,
    "601": 44,
    "226": 44,
    "135": 44,
    "428": 44,
    "583": 44,
    "197": 44,
    "57": 44,
    "559": 45,
    "522": 45,
    "350": 45,
    "325": 45,
    "542": 45,
    "521": 45,
    "79": 45,
    "255": 45,
    "418": 45,
    "26": 45,
    "519": 45,
    "39": 45,
    "390": 46,
    "32": 46,
    "3": 46,
    "159": 46,
    "94": 46,
    "99": 46,
    "606": 46,
    "311": 46,
    "112": 46,
    "478": 46,
    "49": 46,
    "366": 46,
    "508": 47,
    "604": 47,
    "562": 47,
    "209": 47,
    "183": 47,
    "566": 47,
    "407": 47,
    "19": 47,
    "239": 47,
    "376": 47,
    "491": 47,
    "233": 47,
    "27": 48,
    "431": 48,
    "42": 48,
    "579": 48,
    "186": 48,
    "245": 48,
    "451": 48,
    "73": 48,
    "303": 48,
    "134": 48,
    "561": 48,
    "279": 48,
    "56": 49,
    "312": 49,
    "293": 49,
    "185": 49,
    "18": 49,
    "216": 49,
    "526": 49,
    "0": 49,
    "324": 49,
    "593": 49,
    "289": 49,
    "103": 49
}