{
    "413": 0,
    "479": 0,
    "607": 0,
    "67": 0,
    "297": 0,
    "560": 0,
    "63": 0,
    "306": 0,
    "218": 0,
    "598": 0,
    "488": 0,
    "589": 0,
    "287": 0,
    "380": 0,
    "437": 0,
    "88": 1,
    "441": 1,
    "244": 1,
    "507": 1,
    "477": 1,
    "213": 1,
    "256": 1,
    "292": 1,
    "310": 1,
    "280": 1,
    "387": 1,
    "162": 1,
    "430": 1,
    "206": 1,
    "534": 1,
    "473": 2,
    "198": 2,
    "131": 2,
    "569": 2,
    "165": 2,
    "468": 2,
    "262": 2,
    "136": 2,
    "487": 2,
    "253": 2,
    "592": 2,
    "308": 2,
    "503": 2,
    "333": 2,
    "327": 2,
    "609": 3,
    "278": 3,
    "330": 3,
    "138": 3,
    "246": 3,
    "140": 3,
    "433": 3,
    "14": 3,
    "62": 3,
    "307": 3,
    "211": 3,
    "75": 3,
    "399": 3,
    "232": 3,
    "489": 3,
    "379": 4,
    "427": 4,
    "20": 4,
    "474": 4,
    "291": 4,
    "238": 4,
    "353": 4,
    "572": 4,
    "595": 4,
    "392": 4,
    "219": 4,
    "229": 4,
    "329": 4,
    "128": 4,
    "222": 4,
    "605": 5,
    "143": 5,
    "415": 5,
    "109": 5,
    "82": 5,
    "192": 5,
    "369": 5,
    "345": 5,
    "74": 5,
    "439": 5,
    "512": 5,
    "53": 5,
    "130": 5,
    "337": 5,
    "189": 5,
    "447": 6,
    "398": 6,
    "76": 6,
    "551": 6,
    "77": 6,
    "221": 6,
    "406": 6,
    "440": 6,
    "210": 6,
    "302": 6,
    "365": 6,
    "509": 6,
    "340": 6,
    "60": 6,
    "122": 6,
    "602": 7,
    "267": 7,
    "117": 7,
    "546": 7,
    "328": 7,
    "127": 7,
    "284": 7,
    "383": 7,
    "217": 7,
    "261": 7,
    "100": 7,
    "294": 7,
    "391": 7,
    "126": 7,
    "466": 7,
    "273": 8,
    "424": 8,
    "360": 8,
    "331": 8,
    "16": 8,
    "281": 8,
    "81": 8,
    "419": 8,
    "260": 8,
    "541": 8,
    "463": 8,
    "212": 8,
    "315": 8,
    "321": 8,
    "584": 8,
    "104": 9,
    "465": 9,
    "240": 9,
    "600": 9,
    "580": 9,
    "208": 9,
    "299": 9,
    "470": 9,
    "496": 9,
    "416": 9,
    "486": 9,
    "48": 9,
    "444": 9,
    "458": 9,
    "377": 9,
    "248": 10,
    "61": 10,
    "364": 10,
    "550": 10,
    "351": 10,
    "72": 10,
    "118": 10,
    "51": 10,
    "17": 10,
    "494": 10,
    "29": 10,
    "549": 10,
    "290": 10,
    "316": 10,
    "581": 10,
    "181": 11,
    "194": 11,
    "286": 11,
    "448": 11,
    "285": 11,
    "15": 11,
    "87": 11,
    "164": 11,
    "296": 11,
    "426": 11,
    "71": 11,
    "258": 11,
    "548": 11,
    "385": 11,
    "132": 11,
    "317": 12,
    "204": 12,
    "113": 12,
    "556": 12,
    "80": 12,
    "25": 12,
    "151": 12,
    "346": 12,
    "460": 12,
    "236": 12,
    "105": 12,
    "188": 12,
    "111": 12,
    "536": 12,
    "66": 12,
    "386": 13,
    "22": 13,
    "38": 13,
    "334": 13,
    "453": 13,
    "432": 13,
    "539": 13,
    "493": 13,
    "230": 13,
    "148": 13,
    "504": 13,
    "393": 13,
    "270": 13,
    "373": 13,
    "179": 13,
    "304": 14,
    "64": 14,
    "527": 14,
    "271": 14,
    "24": 14,
    "40": 14,
    "417": 14,
    "510": 14,
    "1": 14,
    "514": 14,
    "361": 14,
    "442": 14,
    "226": 14,
    "342": 14,
    "438": 14,
    "554": 15,
    "200": 15,
    "282": 15,
    "224": 15,
    "196": 15,
    "93": 15,
    "573": 15,
    "227": 15,
    "123": 15,
    "378": 15,
    "172": 15,
    "129": 15,
    "101": 15,
    "144": 15,
    "7": 15,
    "176": 16,
    "582": 16,
    "516": 16,
    "152": 16,
    "9": 16,
    "263": 16,
    "47": 16,
    "158": 16,
    "234": 16,
    "59": 16,
    "405": 16,
    "518": 16,
    "115": 16,
    "125": 16,
    "298": 16,
    "476": 17,
    "530": 17,
    "254": 17,
    "85": 17,
    "506": 17,
    "288": 17,
    "275": 17,
    "207": 17,
    "86": 17,
    "195": 17,
    "568": 17,
    "8": 17,
    "528": 17,
    "119": 17,
    "517": 17,
    "482": 18,
    "538": 18,
    "425": 18,
    "147": 18,
    "462": 18,
    "33": 18,
    "295": 18,
    "257": 18,
    "400": 18,
    "395": 18,
    "564": 18,
    "459": 18,
    "21": 18,
    "202": 18,
    "250": 18,
    "231": 19,
    "429": 19,
    "6": 19,
    "12": 19,
    "96": 19,
    "362": 19,
    "332": 19,
    "422": 19,
    "505": 19,
    "449": 19,
    "547": 19,
    "495": 19,
    "193": 19,
    "23": 19,
    "515": 19,
    "110": 20,
    "563": 20,
    "305": 20,
    "153": 20,
    "156": 20,
    "54": 20,
    "472": 20,
    "323": 20,
    "145": 20,
    "277": 20,
    "575": 20,
    "91": 20,
    "157": 20,
    "319": 20,
    "142": 20,
    "139": 21,
    "403": 21,
    "511": 21,
    "531": 21,
    "169": 21,
    "529": 21,
    "348": 21,
    "454": 21,
    "587": 21,
    "469": 21,
    "484": 21,
    "497": 21,
    "141": 21,
    "95": 21,
    "182": 21,
    "533": 22,
    "343": 22,
    "247": 22,
    "133": 22,
    "171": 22,
    "555": 22,
    "320": 22,
    "590": 22,
    "191": 22,
    "163": 22,
    "276": 22,
    "154": 22,
    "608": 22,
    "467": 22,
    "480": 22,
    "274": 23,
    "177": 23,
    "223": 23,
    "301": 23,
    "594": 23,
    "411": 23,
    "347": 23,
    "588": 23,
    "456": 23,
    "450": 23,
    "471": 23,
    "35": 23,
    "146": 23,
    "443": 23,
    "184": 23,
    "596": 24,
    "265": 24,
    "576": 24,
    "78": 24,
    "492": 24,
    "10": 24,
    "235": 24,
    "571": 24,
    "574": 24,
    "358": 24,
    "501": 24,
    "401": 24,
    "349": 24,
    "359": 24,
    "70": 24,
    "124": 25,
    "318": 25,
    "241": 25,
    "597": 25,
    "544": 25,
    "363": 25,
    "149": 25,
    "339": 25,
    "434": 25,
    "36": 25,
    "106": 25,
    "268": 25,
    "174": 25,
    "137": 25,
    "577": 25,
    "599": 26,
    "205": 26,
    "396": 26,
    "397": 26,
    "269": 26,
    "394": 26,
    "30": 26,
    "120": 26,
    "374": 26,
    "55": 26,
    "45": 26,
    "314": 26,
    "543": 26,
    "300": 26,
    "567": 26,
    "338": 27,
    "420": 27,
    "502": 27,
    "402": 27,
    "532": 27,
    "251": 27,
    "382": 27,
    "354": 27,
    "34": 27,
    "335": 27,
    "4": 27,
    "2": 27,
    "525": 27,
    "175": 27,
    "500": 27,
    "90": 28,
    "485": 28,
    "523": 28,
    "178": 28,
    "173": 28,
    "445": 28,
    "591": 28,
    "13": 28,
    "565": 28,
    "228": 28,
    "352": 28,
    "558": 28,
    "283": 28,
    "313": 28,
    "68": 28,
    "102": 29,
    "326": 29,
    "498": 29,
    "203": 29,
    "537": 29,
    "43": 29,
    "370": 29,
    "520": 29,
    "357": 29,
    "11": 29,
    "161": 29,
    "535": 29,
    "160": 29,
    "341": 29,
    "237": 29,
    "225": 30,
    "166": 30,
    "368": 30,
    "150": 30,
    "388": 30,
    "266": 30,
    "499": 30,
    "272": 30,
    "455": 30,
    "242": 30,
    "98": 30,
    "249": 30,
    "475": 30,
    "37": 30,
    "69": 30,
    "461": 31,
    "52": 31,
    "84": 31,
    "252": 31,
    "557": 31,
    "412": 31,
    "421": 31,
    "408": 31,
    "214": 31,
    "372": 31,
    "322": 31,
    "309": 31,
    "457": 31,
    "545": 31,
    "187": 31,
    "524": 32,
    "490": 32,
    "97": 32,
    "389": 32,
    "435": 32,
    "578": 32,
    "446": 32,
    "553": 32,
    "522": 32,
    "540": 32,
    "46": 32,
    "180": 32,
    "49": 32,
    "428": 32,
    "107": 32,
    "41": 33,
    "108": 33,
    "410": 33,
    "601": 33,
    "135": 33,
    "243": 33,
    "336": 33,
    "116": 33,
    "583": 33,
    "31": 33,
    "603": 33,
    "114": 33,
    "570": 33,
    "414": 33,
    "344": 33,
    "44": 34,
    "552": 34,
    "92": 34,
    "375": 34,
    "89": 34,
    "481": 34,
    "264": 34,
    "197": 34,
    "303": 34,
    "542": 34,
    "57": 34,
    "384": 34,
    "26": 34,
    "99": 34,
    "371": 34,
    "220": 35,
    "167": 35,
    "464": 35,
    "259": 35,
    "190": 35,
    "58": 35,
    "170": 35,
    "28": 35,
    "215": 35,
    "409": 35,
    "436": 35,
    "404": 35,
    "423": 35,
    "350": 35,
    "39": 35,
    "121": 36,
    "521": 36,
    "418": 36,
    "183": 36,
    "519": 36,
    "79": 36,
    "566": 36,
    "407": 36,
    "255": 36,
    "239": 36,
    "209": 36,
    "491": 36,
    "478": 36,
    "94": 36,
    "376": 36,
    "201": 37,
    "367": 37,
    "606": 37,
    "32": 37,
    "526": 37,
    "586": 37,
    "134": 37,
    "293": 37,
    "233": 37,
    "3": 37,
    "366": 37,
    "83": 37,
    "451": 37,
    "112": 37,
    "311": 37,
    "390": 38,
    "159": 38,
    "312": 38,
    "73": 38,
    "325": 38,
    "431": 38,
    "42": 38,
    "289": 38,
    "324": 38,
    "185": 38,
    "452": 38,
    "604": 38,
    "186": 38,
    "561": 38,
    "103": 38,
    "50": 39,
    "562": 39,
    "279": 39,
    "19": 39,
    "245": 39,
    "593": 39,
    "381": 39,
    "5": 39,
    "483": 39,
    "18": 39,
    "585": 39,
    "216": 39,
    "513": 39,
    "199": 39,
    "0": 39
}