{
    "413": 0,
    "479": 0,
    "607": 0,
    "67": 0,
    "297": 0,
    "560": 0,
    "63": 0,
    "306": 0,
    "218": 0,
    "598": 0,
    "488": 0,
    "589": 0,
    "287": 0,
    "380": 0,
    "437": 0,
    "27": 0,
    "131": 0,
    "198": 0,
    "524": 0,
    "599": 0,
    "88": 1,
    "441": 1,
    "244": 1,
    "507": 1,
    "477": 1,
    "213": 1,
    "256": 1,
    "292": 1,
    "310": 1,
    "280": 1,
    "387": 1,
    "162": 1,
    "430": 1,
    "206": 1,
    "534": 1,
    "193": 1,
    "575": 1,
    "126": 1,
    "538": 1,
    "332": 1,
    "473": 2,
    "569": 2,
    "165": 2,
    "468": 2,
    "262": 2,
    "136": 2,
    "487": 2,
    "253": 2,
    "592": 2,
    "308": 2,
    "503": 2,
    "333": 2,
    "327": 2,
    "369": 2,
    "289": 2,
    "220": 2,
    "551": 2,
    "286": 2,
    "579": 2,
    "321": 2,
    "609": 3,
    "278": 3,
    "330": 3,
    "138": 3,
    "246": 3,
    "140": 3,
    "433": 3,
    "14": 3,
    "62": 3,
    "307": 3,
    "211": 3,
    "75": 3,
    "399": 3,
    "232": 3,
    "489": 3,
    "316": 3,
    "365": 3,
    "82": 3,
    "559": 3,
    "147": 3,
    "379": 4,
    "427": 4,
    "20": 4,
    "474": 4,
    "291": 4,
    "238": 4,
    "353": 4,
    "572": 4,
    "595": 4,
    "392": 4,
    "219": 4,
    "229": 4,
    "329": 4,
    "128": 4,
    "222": 4,
    "210": 4,
    "81": 4,
    "77": 4,
    "424": 4,
    "114": 4,
    "605": 5,
    "143": 5,
    "415": 5,
    "109": 5,
    "192": 5,
    "345": 5,
    "74": 5,
    "439": 5,
    "512": 5,
    "53": 5,
    "130": 5,
    "337": 5,
    "189": 5,
    "294": 5,
    "230": 5,
    "71": 5,
    "539": 5,
    "95": 5,
    "358": 5,
    "448": 5,
    "447": 6,
    "398": 6,
    "76": 6,
    "221": 6,
    "406": 6,
    "440": 6,
    "302": 6,
    "509": 6,
    "340": 6,
    "60": 6,
    "122": 6,
    "550": 6,
    "282": 6,
    "146": 6,
    "375": 6,
    "29": 6,
    "349": 6,
    "188": 6,
    "432": 6,
    "115": 6,
    "602": 7,
    "267": 7,
    "117": 7,
    "546": 7,
    "328": 7,
    "127": 7,
    "284": 7,
    "383": 7,
    "217": 7,
    "261": 7,
    "100": 7,
    "391": 7,
    "466": 7,
    "408": 7,
    "548": 7,
    "22": 7,
    "78": 7,
    "15": 7,
    "288": 7,
    "438": 7,
    "273": 8,
    "360": 8,
    "331": 8,
    "16": 8,
    "281": 8,
    "419": 8,
    "260": 8,
    "541": 8,
    "463": 8,
    "212": 8,
    "315": 8,
    "584": 8,
    "93": 8,
    "66": 8,
    "300": 8,
    "394": 8,
    "418": 8,
    "123": 8,
    "385": 8,
    "493": 8,
    "104": 9,
    "465": 9,
    "240": 9,
    "600": 9,
    "580": 9,
    "208": 9,
    "299": 9,
    "470": 9,
    "496": 9,
    "416": 9,
    "486": 9,
    "48": 9,
    "444": 9,
    "458": 9,
    "377": 9,
    "250": 9,
    "64": 9,
    "257": 9,
    "318": 9,
    "581": 9,
    "248": 10,
    "61": 10,
    "364": 10,
    "351": 10,
    "72": 10,
    "118": 10,
    "51": 10,
    "17": 10,
    "494": 10,
    "549": 10,
    "290": 10,
    "527": 10,
    "23": 10,
    "407": 10,
    "536": 10,
    "105": 10,
    "1": 10,
    "566": 10,
    "6": 10,
    "510": 10,
    "181": 11,
    "194": 11,
    "285": 11,
    "87": 11,
    "164": 11,
    "296": 11,
    "426": 11,
    "258": 11,
    "132": 11,
    "531": 11,
    "197": 11,
    "335": 11,
    "148": 11,
    "587": 11,
    "449": 11,
    "154": 11,
    "270": 11,
    "80": 11,
    "156": 11,
    "68": 11,
    "317": 12,
    "204": 12,
    "113": 12,
    "556": 12,
    "25": 12,
    "151": 12,
    "346": 12,
    "460": 12,
    "236": 12,
    "111": 12,
    "85": 12,
    "119": 12,
    "555": 12,
    "144": 12,
    "506": 12,
    "442": 12,
    "207": 12,
    "518": 12,
    "152": 12,
    "86": 12,
    "386": 13,
    "38": 13,
    "334": 13,
    "453": 13,
    "504": 13,
    "393": 13,
    "373": 13,
    "179": 13,
    "196": 13,
    "125": 13,
    "568": 13,
    "564": 13,
    "573": 13,
    "36": 13,
    "362": 13,
    "171": 13,
    "172": 13,
    "254": 13,
    "530": 13,
    "515": 13,
    "304": 14,
    "271": 14,
    "24": 14,
    "40": 14,
    "417": 14,
    "514": 14,
    "361": 14,
    "226": 14,
    "342": 14,
    "462": 14,
    "434": 14,
    "343": 14,
    "202": 14,
    "7": 14,
    "54": 14,
    "177": 14,
    "528": 14,
    "298": 14,
    "339": 14,
    "120": 14,
    "554": 15,
    "200": 15,
    "224": 15,
    "227": 15,
    "378": 15,
    "129": 15,
    "101": 15,
    "277": 15,
    "55": 15,
    "223": 15,
    "608": 15,
    "422": 15,
    "529": 15,
    "276": 15,
    "241": 15,
    "163": 15,
    "348": 15,
    "497": 15,
    "191": 15,
    "133": 15,
    "176": 16,
    "582": 16,
    "516": 16,
    "9": 16,
    "263": 16,
    "47": 16,
    "158": 16,
    "234": 16,
    "59": 16,
    "405": 16,
    "412": 16,
    "400": 16,
    "251": 16,
    "471": 16,
    "495": 16,
    "153": 16,
    "537": 16,
    "97": 16,
    "425": 16,
    "553": 16,
    "476": 17,
    "275": 17,
    "195": 17,
    "8": 17,
    "517": 17,
    "429": 17,
    "169": 17,
    "70": 17,
    "397": 17,
    "395": 17,
    "149": 17,
    "145": 17,
    "268": 17,
    "175": 17,
    "320": 17,
    "363": 17,
    "319": 17,
    "166": 17,
    "374": 17,
    "266": 17,
    "482": 18,
    "33": 18,
    "295": 18,
    "459": 18,
    "21": 18,
    "492": 18,
    "511": 18,
    "594": 18,
    "314": 18,
    "247": 18,
    "456": 18,
    "590": 18,
    "467": 18,
    "326": 18,
    "30": 18,
    "96": 18,
    "420": 18,
    "370": 18,
    "472": 18,
    "368": 18,
    "231": 19,
    "12": 19,
    "505": 19,
    "547": 19,
    "357": 19,
    "142": 19,
    "597": 19,
    "402": 19,
    "106": 19,
    "323": 19,
    "480": 19,
    "91": 19,
    "354": 19,
    "301": 19,
    "174": 19,
    "401": 19,
    "184": 19,
    "484": 19,
    "359": 19,
    "137": 19,
    "139": 20,
    "403": 20,
    "454": 20,
    "469": 20,
    "141": 20,
    "182": 20,
    "10": 20,
    "13": 20,
    "443": 20,
    "565": 20,
    "485": 20,
    "45": 20,
    "35": 20,
    "445": 20,
    "591": 20,
    "475": 20,
    "249": 20,
    "180": 20,
    "4": 20,
    "457": 20,
    "110": 21,
    "563": 21,
    "305": 21,
    "157": 21,
    "544": 21,
    "11": 21,
    "567": 21,
    "490": 21,
    "341": 21,
    "34": 21,
    "235": 21,
    "577": 21,
    "498": 21,
    "574": 21,
    "501": 21,
    "543": 21,
    "396": 21,
    "205": 21,
    "2": 21,
    "382": 21,
    "533": 22,
    "499": 22,
    "269": 22,
    "160": 22,
    "43": 22,
    "500": 22,
    "388": 22,
    "532": 22,
    "450": 22,
    "535": 22,
    "242": 22,
    "178": 22,
    "203": 22,
    "52": 22,
    "588": 22,
    "272": 22,
    "322": 22,
    "455": 22,
    "98": 22,
    "520": 22,
    "274": 23,
    "411": 23,
    "347": 23,
    "69": 23,
    "214": 23,
    "84": 23,
    "170": 23,
    "237": 23,
    "252": 23,
    "215": 23,
    "421": 23,
    "502": 23,
    "190": 23,
    "228": 23,
    "107": 23,
    "161": 23,
    "309": 23,
    "525": 23,
    "414": 23,
    "37": 23,
    "596": 24,
    "265": 24,
    "576": 24,
    "571": 24,
    "371": 24,
    "243": 24,
    "523": 24,
    "384": 24,
    "173": 24,
    "187": 24,
    "540": 24,
    "586": 24,
    "436": 24,
    "545": 24,
    "570": 24,
    "89": 24,
    "344": 24,
    "264": 24,
    "435": 24,
    "601": 24,
    "124": 25,
    "389": 25,
    "150": 25,
    "557": 25,
    "352": 25,
    "446": 25,
    "428": 25,
    "372": 25,
    "542": 25,
    "522": 25,
    "28": 25,
    "552": 25,
    "603": 25,
    "578": 25,
    "283": 25,
    "46": 25,
    "423": 25,
    "336": 25,
    "135": 25,
    "410": 25,
    "90": 26,
    "558": 26,
    "313": 26,
    "108": 26,
    "116": 26,
    "606": 26,
    "583": 26,
    "311": 26,
    "367": 26,
    "312": 26,
    "464": 26,
    "31": 26,
    "57": 26,
    "233": 26,
    "481": 26,
    "39": 26,
    "92": 26,
    "134": 26,
    "519": 26,
    "259": 26,
    "338": 27,
    "325": 27,
    "350": 27,
    "404": 27,
    "49": 27,
    "79": 27,
    "183": 27,
    "167": 27,
    "58": 27,
    "521": 27,
    "26": 27,
    "209": 27,
    "431": 27,
    "255": 27,
    "32": 27,
    "99": 27,
    "491": 27,
    "112": 27,
    "94": 27,
    "239": 27,
    "102": 28,
    "604": 28,
    "478": 28,
    "245": 28,
    "562": 28,
    "376": 28,
    "279": 28,
    "103": 28,
    "19": 28,
    "42": 28,
    "366": 28,
    "409": 28,
    "483": 28,
    "303": 28,
    "3": 28,
    "186": 28,
    "526": 28,
    "293": 28,
    "381": 28,
    "73": 28,
    "50": 29,
    "324": 29,
    "561": 29,
    "159": 29,
    "185": 29,
    "451": 29,
    "593": 29,
    "5": 29,
    "83": 29,
    "18": 29,
    "585": 29,
    "216": 29,
    "513": 29,
    "199": 29,
    "0": 29,
    "508": 29,
    "452": 29,
    "355": 29,
    "168": 29,
    "65": 29
}