{
    "413": 0,
    "479": 0,
    "607": 0,
    "67": 0,
    "297": 0,
    "560": 0,
    "63": 0,
    "306": 0,
    "218": 0,
    "598": 0,
    "488": 0,
    "589": 0,
    "287": 0,
    "380": 0,
    "437": 0,
    "27": 0,
    "131": 0,
    "198": 0,
    "524": 0,
    "599": 0,
    "355": 0,
    "90": 0,
    "476": 0,
    "225": 0,
    "327": 0,
    "88": 1,
    "441": 1,
    "244": 1,
    "507": 1,
    "477": 1,
    "213": 1,
    "256": 1,
    "292": 1,
    "310": 1,
    "280": 1,
    "387": 1,
    "162": 1,
    "430": 1,
    "206": 1,
    "534": 1,
    "193": 1,
    "575": 1,
    "126": 1,
    "538": 1,
    "332": 1,
    "323": 1,
    "25": 1,
    "391": 1,
    "470": 1,
    "288": 1,
    "473": 2,
    "569": 2,
    "165": 2,
    "468": 2,
    "262": 2,
    "136": 2,
    "487": 2,
    "253": 2,
    "592": 2,
    "308": 2,
    "503": 2,
    "333": 2,
    "369": 2,
    "289": 2,
    "220": 2,
    "551": 2,
    "286": 2,
    "579": 2,
    "321": 2,
    "300": 2,
    "83": 2,
    "424": 2,
    "184": 2,
    "222": 2,
    "342": 2,
    "609": 3,
    "278": 3,
    "330": 3,
    "138": 3,
    "246": 3,
    "140": 3,
    "433": 3,
    "14": 3,
    "62": 3,
    "307": 3,
    "211": 3,
    "75": 3,
    "399": 3,
    "232": 3,
    "489": 3,
    "316": 3,
    "365": 3,
    "82": 3,
    "559": 3,
    "147": 3,
    "486": 3,
    "130": 3,
    "377": 3,
    "51": 3,
    "122": 3,
    "379": 4,
    "427": 4,
    "20": 4,
    "474": 4,
    "291": 4,
    "238": 4,
    "353": 4,
    "572": 4,
    "595": 4,
    "392": 4,
    "219": 4,
    "229": 4,
    "329": 4,
    "128": 4,
    "210": 4,
    "81": 4,
    "77": 4,
    "114": 4,
    "247": 4,
    "492": 4,
    "519": 4,
    "76": 4,
    "29": 4,
    "148": 4,
    "331": 4,
    "605": 5,
    "143": 5,
    "415": 5,
    "109": 5,
    "192": 5,
    "345": 5,
    "74": 5,
    "439": 5,
    "512": 5,
    "53": 5,
    "337": 5,
    "189": 5,
    "294": 5,
    "230": 5,
    "71": 5,
    "539": 5,
    "95": 5,
    "358": 5,
    "448": 5,
    "398": 5,
    "493": 5,
    "530": 5,
    "432": 5,
    "164": 5,
    "496": 5,
    "447": 6,
    "221": 6,
    "406": 6,
    "440": 6,
    "302": 6,
    "509": 6,
    "340": 6,
    "60": 6,
    "550": 6,
    "282": 6,
    "146": 6,
    "375": 6,
    "349": 6,
    "188": 6,
    "115": 6,
    "1": 6,
    "132": 6,
    "153": 6,
    "54": 6,
    "360": 6,
    "548": 6,
    "422": 6,
    "171": 6,
    "119": 6,
    "254": 6,
    "602": 7,
    "267": 7,
    "117": 7,
    "546": 7,
    "328": 7,
    "127": 7,
    "284": 7,
    "383": 7,
    "217": 7,
    "261": 7,
    "100": 7,
    "466": 7,
    "408": 7,
    "22": 7,
    "78": 7,
    "15": 7,
    "438": 7,
    "384": 7,
    "4": 7,
    "3": 7,
    "250": 7,
    "402": 7,
    "196": 7,
    "544": 7,
    "480": 7,
    "273": 8,
    "16": 8,
    "281": 8,
    "419": 8,
    "260": 8,
    "541": 8,
    "463": 8,
    "212": 8,
    "315": 8,
    "584": 8,
    "93": 8,
    "66": 8,
    "394": 8,
    "418": 8,
    "123": 8,
    "385": 8,
    "21": 8,
    "552": 8,
    "38": 8,
    "556": 8,
    "125": 8,
    "462": 8,
    "111": 8,
    "80": 8,
    "373": 8,
    "104": 9,
    "465": 9,
    "240": 9,
    "600": 9,
    "580": 9,
    "208": 9,
    "299": 9,
    "416": 9,
    "48": 9,
    "444": 9,
    "458": 9,
    "64": 9,
    "257": 9,
    "318": 9,
    "581": 9,
    "460": 9,
    "40": 9,
    "158": 9,
    "536": 9,
    "151": 9,
    "236": 9,
    "295": 9,
    "87": 9,
    "549": 9,
    "113": 9,
    "248": 10,
    "61": 10,
    "364": 10,
    "351": 10,
    "72": 10,
    "118": 10,
    "17": 10,
    "494": 10,
    "290": 10,
    "527": 10,
    "23": 10,
    "407": 10,
    "105": 10,
    "566": 10,
    "6": 10,
    "510": 10,
    "33": 10,
    "79": 10,
    "271": 10,
    "195": 10,
    "434": 10,
    "285": 10,
    "521": 10,
    "555": 10,
    "442": 10,
    "181": 11,
    "194": 11,
    "296": 11,
    "426": 11,
    "258": 11,
    "531": 11,
    "197": 11,
    "335": 11,
    "587": 11,
    "449": 11,
    "154": 11,
    "270": 11,
    "156": 11,
    "68": 11,
    "334": 11,
    "12": 11,
    "207": 11,
    "395": 11,
    "265": 11,
    "47": 11,
    "506": 11,
    "393": 11,
    "564": 11,
    "182": 11,
    "456": 11,
    "317": 12,
    "204": 12,
    "346": 12,
    "85": 12,
    "144": 12,
    "518": 12,
    "152": 12,
    "86": 12,
    "203": 12,
    "202": 12,
    "172": 12,
    "568": 12,
    "339": 12,
    "36": 12,
    "133": 12,
    "277": 12,
    "511": 12,
    "528": 12,
    "417": 12,
    "425": 12,
    "378": 12,
    "101": 12,
    "597": 12,
    "362": 12,
    "179": 12,
    "386": 13,
    "453": 13,
    "504": 13,
    "573": 13,
    "515": 13,
    "443": 13,
    "266": 13,
    "396": 13,
    "314": 13,
    "608": 13,
    "501": 13,
    "411": 13,
    "298": 13,
    "567": 13,
    "191": 13,
    "163": 13,
    "8": 13,
    "59": 13,
    "423": 13,
    "301": 13,
    "35": 13,
    "594": 13,
    "420": 13,
    "141": 13,
    "129": 13,
    "304": 14,
    "24": 14,
    "514": 14,
    "361": 14,
    "226": 14,
    "343": 14,
    "7": 14,
    "177": 14,
    "120": 14,
    "459": 14,
    "495": 14,
    "227": 14,
    "547": 14,
    "502": 14,
    "268": 14,
    "149": 14,
    "412": 14,
    "325": 14,
    "234": 14,
    "445": 14,
    "484": 14,
    "145": 14,
    "467": 14,
    "529": 14,
    "241": 14,
    "554": 15,
    "200": 15,
    "224": 15,
    "55": 15,
    "223": 15,
    "276": 15,
    "348": 15,
    "497": 15,
    "106": 15,
    "545": 15,
    "175": 15,
    "454": 15,
    "517": 15,
    "13": 15,
    "403": 15,
    "374": 15,
    "354": 15,
    "70": 15,
    "320": 15,
    "588": 15,
    "157": 15,
    "2": 15,
    "319": 15,
    "178": 15,
    "205": 15,
    "176": 16,
    "582": 16,
    "516": 16,
    "9": 16,
    "263": 16,
    "405": 16,
    "400": 16,
    "251": 16,
    "471": 16,
    "537": 16,
    "97": 16,
    "553": 16,
    "505": 16,
    "357": 16,
    "169": 16,
    "275": 16,
    "91": 16,
    "46": 16,
    "490": 16,
    "11": 16,
    "37": 16,
    "160": 16,
    "34": 16,
    "142": 16,
    "363": 16,
    "274": 17,
    "347": 17,
    "450": 17,
    "269": 17,
    "96": 17,
    "499": 17,
    "249": 17,
    "382": 17,
    "69": 17,
    "590": 17,
    "574": 17,
    "137": 17,
    "498": 17,
    "429": 17,
    "272": 17,
    "359": 17,
    "500": 17,
    "214": 17,
    "543": 17,
    "84": 17,
    "472": 17,
    "174": 17,
    "170": 17,
    "237": 17,
    "235": 17,
    "482": 18,
    "397": 18,
    "166": 18,
    "326": 18,
    "30": 18,
    "370": 18,
    "368": 18,
    "322": 18,
    "414": 18,
    "469": 18,
    "520": 18,
    "45": 18,
    "242": 18,
    "98": 18,
    "372": 18,
    "542": 18,
    "565": 18,
    "577": 18,
    "591": 18,
    "228": 18,
    "161": 18,
    "283": 18,
    "578": 18,
    "341": 18,
    "446": 18,
    "231": 19,
    "401": 19,
    "457": 19,
    "535": 19,
    "10": 19,
    "475": 19,
    "43": 19,
    "52": 19,
    "388": 19,
    "532": 19,
    "557": 19,
    "350": 19,
    "431": 19,
    "455": 19,
    "173": 19,
    "309": 19,
    "485": 19,
    "435": 19,
    "481": 19,
    "389": 19,
    "107": 19,
    "540": 19,
    "28": 19,
    "187": 19,
    "305": 19,
    "139": 20,
    "180": 20,
    "410": 20,
    "523": 20,
    "243": 20,
    "601": 20,
    "576": 20,
    "313": 20,
    "352": 20,
    "108": 20,
    "583": 20,
    "116": 20,
    "428": 20,
    "26": 20,
    "421": 20,
    "603": 20,
    "336": 20,
    "464": 20,
    "558": 20,
    "344": 20,
    "525": 20,
    "135": 20,
    "150": 20,
    "436": 20,
    "371": 20,
    "110": 21,
    "563": 21,
    "252": 21,
    "89": 21,
    "570": 21,
    "522": 21,
    "562": 21,
    "190": 21,
    "183": 21,
    "404": 21,
    "31": 21,
    "255": 21,
    "39": 21,
    "279": 21,
    "92": 21,
    "604": 21,
    "57": 21,
    "167": 21,
    "491": 21,
    "209": 21,
    "239": 21,
    "215": 21,
    "259": 21,
    "483": 21,
    "49": 21,
    "533": 22,
    "233": 22,
    "264": 22,
    "585": 22,
    "42": 22,
    "508": 22,
    "478": 22,
    "99": 22,
    "381": 22,
    "94": 22,
    "366": 22,
    "376": 22,
    "58": 22,
    "606": 22,
    "112": 22,
    "19": 22,
    "32": 22,
    "311": 22,
    "526": 22,
    "103": 22,
    "245": 22,
    "571": 22,
    "199": 22,
    "593": 22,
    "303": 22,
    "596": 23,
    "586": 23,
    "293": 23,
    "367": 23,
    "216": 23,
    "409": 23,
    "451": 23,
    "201": 23,
    "134": 23,
    "56": 23,
    "0": 23,
    "312": 23,
    "390": 23,
    "513": 23,
    "155": 23,
    "561": 23,
    "18": 23,
    "159": 23,
    "324": 23,
    "185": 23,
    "65": 23,
    "186": 23,
    "452": 23,
    "73": 23,
    "41": 23
}