{
    "413": 0,
    "479": 0,
    "607": 0,
    "67": 0,
    "297": 0,
    "88": 1,
    "441": 1,
    "244": 1,
    "507": 1,
    "477": 1,
    "473": 2,
    "198": 2,
    "589": 2,
    "131": 2,
    "569": 2,
    "609": 3,
    "278": 3,
    "330": 3,
    "138": 3,
    "246": 3,
    "598": 4,
    "560": 4,
    "329": 4,
    "424": 4,
    "265": 4,
    "605": 5,
    "143": 5,
    "415": 5,
    "109": 5,
    "82": 5,
    "379": 6,
    "327": 6,
    "427": 6,
    "20": 6,
    "218": 6,
    "602": 7,
    "267": 7,
    "117": 7,
    "546": 7,
    "328": 7,
    "447": 8,
    "140": 8,
    "398": 8,
    "76": 8,
    "229": 8,
    "104": 9,
    "465": 9,
    "232": 9,
    "122": 9,
    "240": 9,
    "273": 10,
    "433": 10,
    "165": 10,
    "219": 10,
    "353": 10,
    "317": 11,
    "581": 11,
    "444": 11,
    "448": 11,
    "580": 11,
    "248": 12,
    "572": 12,
    "61": 12,
    "364": 12,
    "211": 12,
    "181": 13,
    "194": 13,
    "286": 13,
    "285": 13,
    "369": 13,
    "386": 14,
    "15": 14,
    "130": 14,
    "22": 14,
    "38": 14,
    "231": 15,
    "438": 15,
    "222": 15,
    "538": 15,
    "400": 15,
    "287": 16,
    "551": 16,
    "576": 16,
    "592": 16,
    "179": 16,
    "304": 17,
    "75": 17,
    "316": 17,
    "416": 17,
    "16": 17,
    "176": 18,
    "377": 18,
    "582": 18,
    "307": 18,
    "189": 18,
    "554": 19,
    "200": 19,
    "334": 19,
    "282": 19,
    "302": 19,
    "482": 20,
    "333": 20,
    "600": 20,
    "486": 20,
    "321": 20,
    "274": 21,
    "512": 21,
    "53": 21,
    "337": 21,
    "362": 21,
    "476": 22,
    "148": 22,
    "230": 22,
    "365": 22,
    "556": 22,
    "110": 23,
    "563": 23,
    "1": 23,
    "305": 23,
    "518": 23,
    "306": 24,
    "393": 24,
    "584": 24,
    "93": 24,
    "373": 24,
    "139": 25,
    "403": 25,
    "378": 25,
    "511": 25,
    "462": 25,
    "533": 26,
    "66": 26,
    "343": 26,
    "29": 26,
    "47": 26,
    "596": 27,
    "224": 27,
    "493": 27,
    "78": 27,
    "182": 27,
    "63": 28,
    "315": 28,
    "60": 28,
    "123": 28,
    "192": 28,
    "124": 29,
    "188": 29,
    "257": 29,
    "432": 29,
    "113": 29,
    "437": 30,
    "33": 30,
    "360": 30,
    "81": 30,
    "80": 30,
    "220": 31,
    "127": 31,
    "496": 31,
    "310": 31,
    "126": 31,
    "599": 32,
    "346": 32,
    "292": 32,
    "119": 32,
    "270": 32,
    "17": 33,
    "399": 33,
    "111": 33,
    "406": 33,
    "294": 33,
    "90": 34,
    "485": 34,
    "523": 34,
    "101": 34,
    "178": 34,
    "338": 35,
    "64": 35,
    "299": 35,
    "470": 35,
    "514": 35,
    "488": 36,
    "425": 36,
    "489": 36,
    "172": 36,
    "506": 36,
    "461": 37,
    "530": 37,
    "256": 37,
    "25": 37,
    "132": 37,
    "468": 38,
    "207": 38,
    "531": 38,
    "284": 38,
    "74": 38,
    "524": 39,
    "147": 39,
    "204": 39,
    "549": 39,
    "537": 39,
    "225": 40,
    "115": 40,
    "213": 40,
    "254": 40,
    "539": 40,
    "155": 41,
    "594": 41,
    "332": 41,
    "529": 41,
    "215": 41,
    "102": 42,
    "458": 42,
    "548": 42,
    "87": 42,
    "290": 42,
    "50": 43,
    "439": 43,
    "227": 43,
    "280": 43,
    "575": 43,
    "44": 44,
    "590": 44,
    "422": 44,
    "163": 44,
    "456": 44,
    "121": 45,
    "460": 45,
    "144": 45,
    "36": 45,
    "395": 45,
    "380": 46,
    "263": 46,
    "564": 46,
    "374": 46,
    "320": 46,
    "201": 47,
    "95": 47,
    "196": 47,
    "430": 47,
    "35": 47,
    "356": 48,
    "234": 48,
    "250": 48,
    "288": 48,
    "7": 48,
    "559": 49,
    "208": 49,
    "236": 49,
    "191": 49,
    "534": 49,
    "41": 50,
    "587": 50,
    "133": 50,
    "385": 50,
    "402": 50,
    "595": 51,
    "153": 51,
    "48": 51,
    "495": 51,
    "247": 51,
    "390": 52,
    "71": 52,
    "347": 52,
    "443": 52,
    "358": 52,
    "508": 53,
    "555": 53,
    "597": 53,
    "24": 53,
    "258": 53,
    "56": 54,
    "125": 54,
    "313": 54,
    "445": 54,
    "301": 54,
    "494": 55,
    "162": 55,
    "536": 55,
    "195": 55,
    "391": 55,
    "65": 56,
    "295": 56,
    "515": 56,
    "335": 56,
    "202": 56,
    "291": 57,
    "77": 57,
    "348": 57,
    "484": 57,
    "105": 57,
    "579": 58,
    "177": 58,
    "54": 58,
    "128": 58,
    "271": 58,
    "483": 59,
    "405": 59,
    "206": 59,
    "472": 59,
    "277": 59,
    "27": 60,
    "528": 60,
    "171": 60,
    "156": 60,
    "363": 60,
    "18": 61,
    "354": 61,
    "298": 61,
    "154": 61,
    "608": 61,
    "216": 62,
    "568": 62,
    "70": 62,
    "349": 62,
    "149": 62,
    "168": 63,
    "169": 63,
    "184": 63,
    "497": 63,
    "34": 63,
    "199": 64,
    "85": 64,
    "440": 64,
    "12": 64,
    "275": 64,
    "289": 65,
    "314": 65,
    "217": 65,
    "588": 65,
    "59": 65,
    "452": 66,
    "573": 66,
    "96": 66,
    "141": 66,
    "129": 66,
    "513": 67,
    "193": 67,
    "241": 67,
    "323": 67,
    "467": 67,
    "238": 68,
    "300": 68,
    "253": 68,
    "492": 68,
    "434": 68,
    "83": 69,
    "161": 69,
    "454": 69,
    "565": 69,
    "4": 69,
    "355": 70,
    "146": 70,
    "517": 70,
    "214": 70,
    "509": 70,
    "5": 71,
    "180": 71,
    "435": 71,
    "116": 71,
    "410": 71,
    "0": 72,
    "501": 72,
    "567": 72,
    "268": 72,
    "296": 72,
    "351": 73,
    "510": 73,
    "14": 73,
    "442": 73,
    "480": 73,
    "312": 74,
    "68": 74,
    "276": 74,
    "532": 74,
    "359": 74,
    "118": 75,
    "318": 75,
    "319": 75,
    "251": 75,
    "547": 75,
    "451": 76,
    "266": 76,
    "339": 76,
    "544": 76,
    "429": 76,
    "381": 77,
    "466": 77,
    "145": 77,
    "106": 77,
    "471": 77,
    "159": 78,
    "137": 78,
    "394": 78,
    "120": 78,
    "13": 78,
    "585": 79,
    "8": 79,
    "175": 79,
    "157": 79,
    "86": 79,
    "367": 80,
    "10": 80,
    "55": 80,
    "243": 80,
    "401": 80,
    "19": 81,
    "91": 81,
    "205": 81,
    "249": 81,
    "160": 81,
    "281": 82,
    "260": 82,
    "527": 82,
    "420": 82,
    "210": 82,
    "593": 83,
    "173": 83,
    "457": 83,
    "37": 83,
    "45": 83,
    "134": 84,
    "450": 84,
    "43": 84,
    "383": 84,
    "574": 84,
    "72": 85,
    "505": 85,
    "174": 85,
    "387": 85,
    "577": 85,
    "561": 86,
    "235": 86,
    "69": 86,
    "453": 86,
    "2": 86,
    "186": 87,
    "504": 87,
    "498": 87,
    "396": 87,
    "543": 87,
    "185": 88,
    "449": 88,
    "30": 88,
    "269": 88,
    "382": 88,
    "73": 89,
    "21": 89,
    "84": 89,
    "500": 89,
    "520": 89,
    "62": 90,
    "151": 90,
    "342": 90,
    "164": 90,
    "326": 90,
    "293": 91,
    "261": 91,
    "535": 91,
    "341": 91,
    "52": 91,
    "303": 92,
    "475": 92,
    "228": 92,
    "469": 92,
    "455": 92,
    "245": 93,
    "357": 93,
    "370": 93,
    "397": 93,
    "11": 93,
    "331": 94,
    "502": 94,
    "426": 94,
    "309": 94,
    "463": 94,
    "103": 95,
    "499": 95,
    "242": 95,
    "187": 95,
    "388": 95,
    "431": 96,
    "158": 96,
    "541": 96,
    "578": 96,
    "237": 96,
    "3": 97,
    "272": 97,
    "100": 97,
    "252": 97,
    "89": 97,
    "324": 98,
    "98": 98,
    "223": 98,
    "570": 98,
    "340": 98,
    "474": 99,
    "392": 99,
    "322": 99,
    "490": 99,
    "550": 99,
    "311": 100,
    "545": 100,
    "107": 100,
    "421": 100,
    "344": 100,
    "279": 101,
    "142": 101,
    "152": 101,
    "412": 101,
    "150": 101,
    "79": 102,
    "459": 102,
    "23": 102,
    "203": 102,
    "557": 102,
    "526": 103,
    "26": 103,
    "591": 103,
    "428": 103,
    "336": 103,
    "521": 104,
    "417": 104,
    "525": 104,
    "352": 104,
    "28": 104,
    "409": 105,
    "389": 105,
    "372": 105,
    "411": 105,
    "540": 105,
    "366": 106,
    "553": 106,
    "46": 106,
    "487": 106,
    "97": 106,
    "51": 107,
    "226": 107,
    "212": 107,
    "446": 107,
    "522": 107,
    "516": 108,
    "503": 108,
    "283": 108,
    "558": 108,
    "603": 108,
    "94": 109,
    "190": 109,
    "170": 109,
    "552": 109,
    "481": 109,
    "519": 110,
    "375": 110,
    "6": 110,
    "166": 110,
    "135": 110,
    "571": 111,
    "31": 111,
    "436": 111,
    "414": 111,
    "136": 111,
    "197": 112,
    "108": 112,
    "601": 112,
    "308": 112,
    "368": 112,
    "255": 113,
    "542": 113,
    "583": 113,
    "350": 113,
    "9": 113,
    "566": 114,
    "183": 114,
    "209": 114,
    "39": 114,
    "114": 114,
    "606": 115,
    "92": 115,
    "264": 115,
    "57": 115,
    "408": 115,
    "586": 116,
    "112": 116,
    "167": 116,
    "99": 116,
    "419": 116,
    "418": 117,
    "361": 117,
    "423": 117,
    "404": 117,
    "259": 117,
    "262": 118,
    "32": 118,
    "239": 118,
    "464": 118,
    "491": 118,
    "407": 119,
    "221": 119,
    "478": 119,
    "325": 119,
    "49": 119,
    "562": 120,
    "40": 120,
    "604": 120,
    "42": 120,
    "58": 120,
    "371": 121,
    "384": 121,
    "345": 121,
    "376": 121,
    "233": 121
}