{
    "413": 0,
    "479": 0,
    "607": 0,
    "67": 0,
    "297": 0,
    "560": 0,
    "63": 0,
    "306": 0,
    "88": 1,
    "441": 1,
    "244": 1,
    "507": 1,
    "477": 1,
    "213": 1,
    "256": 1,
    "292": 1,
    "473": 2,
    "198": 2,
    "589": 2,
    "131": 2,
    "569": 2,
    "165": 2,
    "468": 2,
    "262": 2,
    "609": 3,
    "278": 3,
    "330": 3,
    "138": 3,
    "246": 3,
    "140": 3,
    "327": 3,
    "433": 3,
    "598": 4,
    "329": 4,
    "424": 4,
    "265": 4,
    "371": 4,
    "427": 4,
    "293": 4,
    "551": 4,
    "605": 5,
    "143": 5,
    "415": 5,
    "109": 5,
    "82": 5,
    "192": 5,
    "592": 5,
    "369": 5,
    "379": 6,
    "20": 6,
    "218": 6,
    "62": 6,
    "474": 6,
    "291": 6,
    "238": 6,
    "353": 6,
    "602": 7,
    "267": 7,
    "117": 7,
    "546": 7,
    "328": 7,
    "127": 7,
    "284": 7,
    "383": 7,
    "447": 8,
    "398": 8,
    "76": 8,
    "229": 8,
    "77": 8,
    "221": 8,
    "406": 8,
    "75": 8,
    "104": 9,
    "465": 9,
    "232": 9,
    "122": 9,
    "240": 9,
    "600": 9,
    "580": 9,
    "208": 9,
    "273": 10,
    "219": 10,
    "222": 10,
    "572": 10,
    "360": 10,
    "331": 10,
    "16": 10,
    "253": 10,
    "317": 11,
    "581": 11,
    "444": 11,
    "448": 11,
    "204": 11,
    "548": 11,
    "113": 11,
    "189": 11,
    "248": 12,
    "61": 12,
    "364": 12,
    "211": 12,
    "550": 12,
    "351": 12,
    "72": 12,
    "14": 12,
    "181": 13,
    "194": 13,
    "286": 13,
    "285": 13,
    "130": 13,
    "60": 13,
    "15": 13,
    "87": 13,
    "386": 14,
    "22": 14,
    "38": 14,
    "334": 14,
    "321": 14,
    "399": 14,
    "453": 14,
    "432": 14,
    "231": 15,
    "438": 15,
    "538": 15,
    "400": 15,
    "486": 15,
    "541": 15,
    "365": 15,
    "556": 15,
    "287": 16,
    "576": 16,
    "179": 16,
    "115": 16,
    "171": 16,
    "512": 16,
    "74": 16,
    "302": 16,
    "304": 17,
    "316": 17,
    "416": 17,
    "377": 17,
    "64": 17,
    "294": 17,
    "188": 17,
    "210": 17,
    "176": 18,
    "582": 18,
    "307": 18,
    "458": 18,
    "516": 18,
    "152": 18,
    "9": 18,
    "337": 18,
    "554": 19,
    "200": 19,
    "282": 19,
    "493": 19,
    "53": 19,
    "224": 19,
    "80": 19,
    "373": 19,
    "482": 20,
    "333": 20,
    "442": 20,
    "105": 20,
    "66": 20,
    "425": 20,
    "71": 20,
    "147": 20,
    "274": 21,
    "362": 21,
    "530": 21,
    "515": 21,
    "177": 21,
    "323": 21,
    "534": 21,
    "254": 21,
    "476": 22,
    "148": 22,
    "230": 22,
    "260": 22,
    "93": 22,
    "346": 22,
    "172": 22,
    "440": 22,
    "110": 23,
    "563": 23,
    "1": 23,
    "305": 23,
    "518": 23,
    "162": 23,
    "280": 23,
    "549": 23,
    "139": 24,
    "403": 24,
    "378": 24,
    "511": 24,
    "462": 24,
    "531": 24,
    "207": 24,
    "125": 24,
    "533": 25,
    "343": 25,
    "29": 25,
    "47": 25,
    "290": 25,
    "470": 25,
    "298": 25,
    "271": 25,
    "437": 26,
    "33": 26,
    "81": 26,
    "10": 26,
    "568": 26,
    "132": 26,
    "7": 26,
    "393": 26,
    "596": 27,
    "78": 27,
    "182": 27,
    "223": 27,
    "391": 27,
    "492": 27,
    "506": 27,
    "430": 27,
    "599": 28,
    "315": 28,
    "119": 28,
    "270": 28,
    "86": 28,
    "129": 28,
    "528": 28,
    "184": 28,
    "17": 29,
    "111": 29,
    "496": 29,
    "151": 29,
    "460": 29,
    "422": 29,
    "24": 29,
    "144": 29,
    "90": 30,
    "485": 30,
    "523": 30,
    "101": 30,
    "178": 30,
    "385": 30,
    "469": 30,
    "467": 30,
    "124": 31,
    "257": 31,
    "332": 31,
    "514": 31,
    "206": 31,
    "48": 31,
    "25": 31,
    "299": 31,
    "488": 32,
    "489": 32,
    "358": 32,
    "348": 32,
    "13": 32,
    "565": 32,
    "133": 32,
    "445": 32,
    "220": 33,
    "310": 33,
    "126": 33,
    "156": 33,
    "250": 33,
    "258": 33,
    "501": 33,
    "193": 33,
    "225": 34,
    "539": 34,
    "276": 34,
    "163": 34,
    "263": 34,
    "54": 34,
    "349": 34,
    "275": 34,
    "461": 35,
    "575": 35,
    "495": 35,
    "564": 35,
    "301": 35,
    "35": 35,
    "608": 35,
    "480": 35,
    "524": 36,
    "537": 36,
    "318": 36,
    "395": 36,
    "153": 36,
    "195": 36,
    "597": 36,
    "547": 36,
    "41": 37,
    "587": 37,
    "402": 37,
    "590": 37,
    "241": 37,
    "573": 37,
    "277": 37,
    "497": 37,
    "102": 38,
    "21": 38,
    "295": 38,
    "555": 38,
    "59": 38,
    "594": 38,
    "434": 38,
    "141": 38,
    "50": 39,
    "439": 39,
    "227": 39,
    "146": 39,
    "191": 39,
    "157": 39,
    "544": 39,
    "137": 39,
    "44": 40,
    "456": 40,
    "96": 40,
    "266": 40,
    "12": 40,
    "234": 40,
    "268": 40,
    "43": 40,
    "338": 41,
    "236": 41,
    "527": 41,
    "510": 41,
    "466": 41,
    "529": 41,
    "319": 41,
    "472": 41,
    "380": 42,
    "374": 42,
    "320": 42,
    "34": 42,
    "169": 42,
    "106": 42,
    "128": 42,
    "454": 42,
    "201": 43,
    "95": 43,
    "196": 43,
    "443": 43,
    "339": 43,
    "30": 43,
    "288": 43,
    "484": 43,
    "356": 44,
    "120": 44,
    "123": 44,
    "588": 44,
    "417": 44,
    "4": 44,
    "37": 44,
    "272": 44,
    "559": 45,
    "23": 45,
    "217": 45,
    "296": 45,
    "505": 45,
    "175": 45,
    "354": 45,
    "517": 45,
    "390": 46,
    "347": 46,
    "100": 46,
    "214": 46,
    "36": 46,
    "509": 46,
    "68": 46,
    "420": 46,
    "508": 47,
    "387": 47,
    "145": 47,
    "202": 47,
    "405": 47,
    "149": 47,
    "205": 47,
    "91": 47,
    "121": 48,
    "532": 48,
    "584": 48,
    "363": 48,
    "471": 48,
    "342": 48,
    "567": 48,
    "154": 48,
    "56": 49,
    "313": 49,
    "114": 49,
    "55": 49,
    "401": 49,
    "359": 49,
    "394": 49,
    "578": 49,
    "65": 50,
    "335": 50,
    "85": 50,
    "450": 50,
    "8": 50,
    "164": 50,
    "500": 50,
    "269": 50,
    "494": 51,
    "536": 51,
    "543": 51,
    "326": 51,
    "11": 51,
    "577": 51,
    "174": 51,
    "357": 51,
    "155": 52,
    "215": 52,
    "411": 52,
    "314": 52,
    "396": 52,
    "249": 52,
    "498": 52,
    "520": 52,
    "27": 53,
    "70": 53,
    "429": 53,
    "382": 53,
    "235": 53,
    "574": 53,
    "52": 53,
    "237": 53,
    "579": 54,
    "300": 54,
    "426": 54,
    "45": 54,
    "412": 54,
    "502": 54,
    "504": 54,
    "535": 54,
    "483": 55,
    "2": 55,
    "341": 55,
    "475": 55,
    "160": 55,
    "340": 55,
    "261": 55,
    "251": 55,
    "595": 56,
    "247": 56,
    "392": 56,
    "459": 56,
    "370": 56,
    "397": 56,
    "97": 56,
    "203": 56,
    "216": 57,
    "242": 57,
    "540": 57,
    "388": 57,
    "173": 57,
    "455": 57,
    "92": 57,
    "228": 57,
    "18": 58,
    "435": 58,
    "150": 58,
    "499": 58,
    "570": 58,
    "283": 58,
    "457": 58,
    "98": 58,
    "289": 59,
    "136": 59,
    "84": 59,
    "187": 59,
    "69": 59,
    "308": 59,
    "161": 59,
    "449": 59,
    "199": 60,
    "158": 60,
    "490": 60,
    "142": 60,
    "503": 60,
    "6": 60,
    "166": 60,
    "463": 60,
    "0": 61,
    "243": 61,
    "372": 61,
    "591": 61,
    "352": 61,
    "545": 61,
    "322": 61,
    "421": 61,
    "452": 62,
    "446": 62,
    "601": 62,
    "558": 62,
    "108": 62,
    "336": 62,
    "525": 62,
    "410": 62,
    "513": 63,
    "46": 63,
    "557": 63,
    "344": 63,
    "428": 63,
    "553": 63,
    "180": 63,
    "212": 63,
    "355": 64,
    "309": 64,
    "368": 64,
    "252": 64,
    "552": 64,
    "389": 64,
    "107": 64,
    "89": 64,
    "168": 65,
    "583": 65,
    "116": 65,
    "26": 65,
    "603": 65,
    "542": 65,
    "135": 65,
    "481": 65,
    "451": 66,
    "264": 66,
    "414": 66,
    "375": 66,
    "384": 66,
    "464": 66,
    "367": 66,
    "361": 66,
    "381": 67,
    "226": 67,
    "28": 67,
    "31": 67,
    "190": 67,
    "407": 67,
    "209": 67,
    "522": 67,
    "312": 68,
    "170": 68,
    "519": 68,
    "423": 68,
    "606": 68,
    "404": 68,
    "259": 68,
    "408": 68,
    "5": 69,
    "57": 69,
    "239": 69,
    "39": 69,
    "42": 69,
    "436": 69,
    "491": 69,
    "487": 69,
    "159": 70,
    "58": 70,
    "197": 70,
    "311": 70,
    "233": 70,
    "418": 70,
    "167": 70,
    "419": 70,
    "118": 71,
    "350": 71,
    "255": 71,
    "325": 71,
    "40": 71,
    "51": 71,
    "183": 71,
    "49": 71,
    "585": 72,
    "566": 72,
    "521": 72,
    "604": 72,
    "478": 72,
    "32": 72,
    "112": 72,
    "99": 72,
    "83": 73,
    "571": 73,
    "586": 73,
    "345": 73,
    "376": 73,
    "3": 73,
    "366": 73,
    "409": 73,
    "134": 74,
    "526": 74,
    "94": 74,
    "303": 74,
    "185": 74,
    "281": 74,
    "562": 74,
    "324": 74,
    "73": 75,
    "79": 75,
    "279": 75,
    "103": 75,
    "186": 75,
    "431": 75,
    "19": 75,
    "245": 75
}