{
    "326": 0,
    "380": 0,
    "49": 0,
    "232": 0,
    "223": 0,
    "45": 0,
    "239": 0,
    "480": 0,
    "171": 0,
    "71": 0,
    "422": 0,
    "177": 0,
    "69": 1,
    "350": 1,
    "406": 1,
    "255": 1,
    "378": 1,
    "219": 1,
    "261": 1,
    "166": 1,
    "126": 1,
    "227": 1,
    "243": 1,
    "200": 1,
    "375": 2,
    "154": 2,
    "103": 2,
    "459": 2,
    "205": 2,
    "173": 2,
    "128": 2,
    "280": 2,
    "388": 2,
    "107": 2,
    "258": 2,
    "414": 2,
    "487": 3,
    "217": 3,
    "191": 3,
    "108": 3,
    "259": 3,
    "342": 3,
    "461": 3,
    "277": 3,
    "443": 3,
    "30": 3,
    "44": 3,
    "11": 3,
    "299": 4,
    "338": 4,
    "56": 4,
    "90": 4,
    "172": 4,
    "310": 4,
    "5": 4,
    "262": 4,
    "192": 4,
    "315": 4,
    "15": 4,
    "62": 4,
    "485": 5,
    "197": 5,
    "352": 5,
    "85": 5,
    "148": 5,
    "63": 5,
    "290": 5,
    "48": 5,
    "448": 5,
    "396": 5,
    "111": 5,
    "13": 5,
    "214": 6,
    "335": 6,
    "222": 6,
    "24": 6,
    "469": 6,
    "435": 6,
    "184": 6,
    "165": 6,
    "87": 6,
    "115": 6,
    "312": 6,
    "102": 6,
    "250": 7,
    "46": 7,
    "423": 7,
    "179": 7,
    "389": 7,
    "341": 7,
    "365": 7,
    "212": 7,
    "234": 7,
    "104": 7,
    "386": 7,
    "354": 7,
    "81": 8,
    "369": 8,
    "12": 8,
    "186": 8,
    "481": 8,
    "114": 8,
    "97": 8,
    "297": 8,
    "286": 8,
    "269": 8,
    "249": 8,
    "118": 8,
    "305": 9,
    "16": 9,
    "359": 9,
    "393": 9,
    "139": 9,
    "328": 9,
    "408": 9,
    "274": 9,
    "221": 9,
    "247": 9,
    "28": 9,
    "112": 9,
    "137": 10,
    "467": 10,
    "336": 10,
    "233": 10,
    "372": 10,
    "416": 10,
    "240": 10,
    "142": 10,
    "265": 10,
    "195": 10,
    "175": 10,
    "313": 10,
    "238": 11,
    "320": 11,
    "316": 11,
    "53": 11,
    "264": 11,
    "164": 11,
    "229": 11,
    "283": 11,
    "201": 11,
    "161": 11,
    "68": 11,
    "409": 11,
    "382": 12,
    "474": 12,
    "129": 12,
    "230": 12,
    "147": 12,
    "454": 12,
    "159": 12,
    "57": 12,
    "441": 12,
    "58": 12,
    "347": 12,
    "333": 12,
    "215": 13,
    "439": 13,
    "198": 13,
    "176": 13,
    "399": 13,
    "410": 13,
    "431": 13,
    "476": 13,
    "94": 13,
    "121": 13,
    "202": 13,
    "194": 13,
    "180": 14,
    "146": 14,
    "367": 14,
    "10": 14,
    "66": 14,
    "151": 14,
    "281": 14,
    "76": 14,
    "206": 14,
    "89": 14,
    "61": 14,
    "18": 14,
    "446": 15,
    "156": 15,
    "263": 15,
    "152": 15,
    "40": 15,
    "293": 15,
    "311": 15,
    "27": 15,
    "98": 15,
    "73": 15,
    "284": 15,
    "178": 15,
    "377": 16,
    "237": 16,
    "349": 16,
    "282": 16,
    "405": 16,
    "348": 16,
    "110": 16,
    "182": 16,
    "425": 16,
    "254": 16,
    "298": 16,
    "170": 16,
    "86": 17,
    "1": 17,
    "390": 17,
    "226": 17,
    "442": 17,
    "479": 17,
    "267": 17,
    "319": 17,
    "41": 17,
    "37": 17,
    "133": 17,
    "309": 17,
    "430": 18,
    "82": 18,
    "119": 18,
    "447": 18,
    "252": 18,
    "36": 18,
    "458": 18,
    "270": 18,
    "105": 18,
    "253": 18,
    "149": 18,
    "462": 18,
    "478": 19,
    "465": 19,
    "209": 19,
    "207": 19,
    "141": 19,
    "189": 19,
    "59": 19,
    "324": 19,
    "413": 19,
    "428": 19,
    "426": 19,
    "392": 19,
    "109": 20,
    "100": 20,
    "131": 20,
    "360": 20,
    "397": 20,
    "80": 20,
    "273": 20,
    "95": 20,
    "317": 20,
    "304": 20,
    "92": 20,
    "371": 20,
    "99": 21,
    "412": 21,
    "464": 21,
    "251": 21,
    "437": 21,
    "427": 21,
    "415": 21,
    "395": 21,
    "440": 21,
    "374": 21,
    "266": 21,
    "381": 21,
    "346": 22,
    "216": 22,
    "52": 22,
    "384": 22,
    "362": 22,
    "385": 22,
    "307": 22,
    "275": 22,
    "473": 22,
    "136": 22,
    "285": 22,
    "294": 22,
    "120": 23,
    "101": 23,
    "160": 23,
    "25": 23,
    "236": 23,
    "224": 23,
    "314": 23,
    "67": 23,
    "210": 23,
    "187": 23,
    "75": 23,
    "26": 23,
    "14": 24,
    "330": 24,
    "471": 24,
    "351": 24,
    "424": 24,
    "329": 24,
    "231": 24,
    "163": 24,
    "17": 24,
    "6": 24,
    "116": 24,
    "343": 24,
    "39": 25,
    "211": 25,
    "122": 25,
    "400": 25,
    "398": 25,
    "113": 25,
    "457": 25,
    "248": 25,
    "370": 25,
    "355": 25,
    "463": 25,
    "204": 25,
    "33": 26,
    "83": 26,
    "353": 26,
    "213": 26,
    "208": 26,
    "50": 26,
    "181": 26,
    "79": 26,
    "134": 26,
    "356": 26,
    "21": 26,
    "3": 26,
    "366": 27,
    "7": 27,
    "373": 27,
    "331": 27,
    "135": 27,
    "403": 27,
    "418": 27,
    "432": 27,
    "193": 27,
    "472": 27,
    "306": 27,
    "268": 27,
    "300": 28,
    "364": 28,
    "235": 28,
    "127": 28,
    "34": 28,
    "434": 28,
    "337": 28,
    "325": 28,
    "124": 28,
    "340": 28,
    "361": 28,
    "117": 28,
    "157": 29,
    "421": 29,
    "183": 29,
    "376": 29,
    "188": 29,
    "302": 29,
    "429": 29,
    "51": 29,
    "455": 29,
    "401": 29,
    "65": 29,
    "246": 29,
    "31": 30,
    "278": 30,
    "77": 30,
    "323": 30,
    "140": 30,
    "363": 30,
    "84": 30,
    "339": 30,
    "125": 30,
    "450": 30,
    "292": 30,
    "449": 30,
    "451": 31,
    "158": 31,
    "433": 31,
    "291": 31,
    "404": 31,
    "289": 31,
    "138": 31,
    "466": 31,
    "308": 31,
    "438": 31,
    "276": 31,
    "35": 31,
    "96": 32,
    "334": 32,
    "20": 32,
    "318": 32,
    "460": 32,
    "327": 32,
    "9": 32,
    "419": 32,
    "70": 32,
    "332": 32,
    "167": 32,
    "242": 32,
    "42": 33,
    "344": 33,
    "19": 33,
    "303": 33,
    "482": 33,
    "445": 33,
    "132": 33,
    "22": 33,
    "220": 33,
    "145": 33,
    "295": 33,
    "368": 33,
    "47": 34,
    "444": 34,
    "402": 34,
    "271": 34,
    "196": 34,
    "91": 34,
    "483": 34,
    "345": 34,
    "106": 34,
    "468": 34,
    "43": 34,
    "321": 34,
    "407": 35,
    "420": 35,
    "484": 35,
    "8": 35,
    "436": 35,
    "387": 35,
    "162": 35,
    "241": 35,
    "29": 35,
    "456": 35,
    "54": 35,
    "199": 35,
    "225": 36,
    "130": 36,
    "168": 36,
    "150": 36,
    "272": 36,
    "88": 36,
    "23": 36,
    "486": 36,
    "296": 36,
    "203": 36,
    "2": 36,
    "72": 36,
    "477": 37,
    "417": 37,
    "470": 37,
    "60": 37,
    "38": 37,
    "185": 37,
    "74": 37,
    "174": 37,
    "391": 37,
    "260": 37,
    "78": 37,
    "453": 37,
    "394": 38,
    "218": 38,
    "257": 38,
    "379": 38,
    "383": 38,
    "93": 38,
    "153": 38,
    "32": 38,
    "287": 38,
    "322": 38,
    "244": 38,
    "301": 38,
    "169": 39,
    "228": 39,
    "288": 39,
    "357": 39,
    "143": 39,
    "0": 39,
    "123": 39,
    "256": 39,
    "475": 39,
    "245": 39,
    "4": 39,
    "64": 39
}