{
    "326": 0,
    "380": 0,
    "49": 0,
    "232": 0,
    "223": 0,
    "45": 0,
    "239": 0,
    "480": 0,
    "171": 0,
    "71": 0,
    "422": 0,
    "177": 0,
    "335": 0,
    "184": 0,
    "279": 0,
    "69": 1,
    "350": 1,
    "406": 1,
    "255": 1,
    "378": 1,
    "219": 1,
    "261": 1,
    "166": 1,
    "126": 1,
    "227": 1,
    "243": 1,
    "200": 1,
    "149": 1,
    "252": 1,
    "61": 1,
    "375": 2,
    "154": 2,
    "103": 2,
    "459": 2,
    "205": 2,
    "173": 2,
    "128": 2,
    "280": 2,
    "388": 2,
    "107": 2,
    "258": 2,
    "414": 2,
    "474": 2,
    "290": 2,
    "254": 2,
    "487": 3,
    "217": 3,
    "191": 3,
    "108": 3,
    "259": 3,
    "342": 3,
    "461": 3,
    "277": 3,
    "443": 3,
    "30": 3,
    "44": 3,
    "11": 3,
    "56": 3,
    "249": 3,
    "164": 3,
    "299": 4,
    "338": 4,
    "90": 4,
    "172": 4,
    "310": 4,
    "5": 4,
    "262": 4,
    "192": 4,
    "315": 4,
    "15": 4,
    "62": 4,
    "58": 4,
    "163": 4,
    "226": 4,
    "295": 4,
    "485": 5,
    "197": 5,
    "352": 5,
    "85": 5,
    "148": 5,
    "63": 5,
    "48": 5,
    "448": 5,
    "396": 5,
    "111": 5,
    "13": 5,
    "410": 5,
    "282": 5,
    "354": 5,
    "235": 5,
    "214": 6,
    "222": 6,
    "24": 6,
    "469": 6,
    "435": 6,
    "165": 6,
    "87": 6,
    "115": 6,
    "312": 6,
    "102": 6,
    "273": 6,
    "298": 6,
    "441": 6,
    "403": 6,
    "260": 6,
    "250": 7,
    "46": 7,
    "423": 7,
    "179": 7,
    "389": 7,
    "341": 7,
    "365": 7,
    "212": 7,
    "234": 7,
    "104": 7,
    "386": 7,
    "454": 7,
    "161": 7,
    "97": 7,
    "118": 7,
    "81": 8,
    "369": 8,
    "12": 8,
    "186": 8,
    "481": 8,
    "114": 8,
    "297": 8,
    "286": 8,
    "269": 8,
    "329": 8,
    "147": 8,
    "182": 8,
    "229": 8,
    "146": 8,
    "240": 8,
    "305": 9,
    "16": 9,
    "359": 9,
    "393": 9,
    "139": 9,
    "328": 9,
    "408": 9,
    "274": 9,
    "221": 9,
    "247": 9,
    "28": 9,
    "112": 9,
    "92": 9,
    "203": 9,
    "293": 9,
    "238": 10,
    "320": 10,
    "316": 10,
    "53": 10,
    "264": 10,
    "283": 10,
    "201": 10,
    "68": 10,
    "409": 10,
    "284": 10,
    "442": 10,
    "152": 10,
    "230": 10,
    "412": 10,
    "263": 10,
    "137": 11,
    "467": 11,
    "336": 11,
    "233": 11,
    "372": 11,
    "416": 11,
    "142": 11,
    "265": 11,
    "195": 11,
    "175": 11,
    "313": 11,
    "121": 11,
    "98": 11,
    "159": 11,
    "319": 11,
    "382": 12,
    "129": 12,
    "57": 12,
    "347": 12,
    "333": 12,
    "89": 12,
    "82": 12,
    "17": 12,
    "40": 12,
    "94": 12,
    "330": 12,
    "37": 12,
    "36": 12,
    "248": 12,
    "311": 12,
    "215": 13,
    "439": 13,
    "198": 13,
    "176": 13,
    "399": 13,
    "431": 13,
    "476": 13,
    "202": 13,
    "194": 13,
    "101": 13,
    "170": 13,
    "413": 13,
    "67": 13,
    "405": 13,
    "309": 13,
    "180": 14,
    "367": 14,
    "10": 14,
    "66": 14,
    "151": 14,
    "281": 14,
    "76": 14,
    "206": 14,
    "18": 14,
    "127": 14,
    "133": 14,
    "479": 14,
    "440": 14,
    "27": 14,
    "270": 14,
    "446": 15,
    "156": 15,
    "73": 15,
    "178": 15,
    "80": 15,
    "187": 15,
    "462": 15,
    "458": 15,
    "371": 15,
    "95": 15,
    "426": 15,
    "427": 15,
    "304": 15,
    "275": 15,
    "100": 15,
    "377": 16,
    "237": 16,
    "349": 16,
    "348": 16,
    "110": 16,
    "425": 16,
    "266": 16,
    "253": 16,
    "362": 16,
    "224": 16,
    "401": 16,
    "113": 16,
    "116": 16,
    "7": 16,
    "291": 16,
    "86": 17,
    "1": 17,
    "390": 17,
    "267": 17,
    "41": 17,
    "433": 17,
    "374": 17,
    "447": 17,
    "122": 17,
    "119": 17,
    "251": 17,
    "464": 17,
    "434": 17,
    "306": 17,
    "437": 17,
    "430": 18,
    "105": 18,
    "384": 18,
    "395": 18,
    "415": 18,
    "473": 18,
    "285": 18,
    "381": 18,
    "216": 18,
    "52": 18,
    "131": 18,
    "370": 18,
    "25": 18,
    "6": 18,
    "124": 18,
    "478": 19,
    "465": 19,
    "209": 19,
    "207": 19,
    "141": 19,
    "189": 19,
    "59": 19,
    "324": 19,
    "428": 19,
    "392": 19,
    "236": 19,
    "314": 19,
    "75": 19,
    "26": 19,
    "231": 19,
    "109": 20,
    "360": 20,
    "397": 20,
    "317": 20,
    "136": 20,
    "356": 20,
    "3": 20,
    "471": 20,
    "181": 20,
    "83": 20,
    "472": 20,
    "432": 20,
    "183": 20,
    "353": 20,
    "337": 20,
    "99": 21,
    "373": 21,
    "135": 21,
    "457": 21,
    "343": 21,
    "400": 21,
    "463": 21,
    "351": 21,
    "211": 21,
    "424": 21,
    "160": 21,
    "331": 21,
    "429": 21,
    "210": 21,
    "418": 21,
    "346": 22,
    "385": 22,
    "307": 22,
    "294": 22,
    "34": 22,
    "188": 22,
    "363": 22,
    "134": 22,
    "340": 22,
    "450": 22,
    "361": 22,
    "72": 22,
    "355": 22,
    "208": 22,
    "50": 22,
    "120": 23,
    "21": 23,
    "193": 23,
    "79": 23,
    "65": 23,
    "145": 23,
    "168": 23,
    "402": 23,
    "398": 23,
    "268": 23,
    "213": 23,
    "302": 23,
    "204": 23,
    "321": 23,
    "125": 23,
    "14": 24,
    "325": 24,
    "138": 24,
    "158": 24,
    "20": 24,
    "327": 24,
    "84": 24,
    "292": 24,
    "334": 24,
    "404": 24,
    "376": 24,
    "455": 24,
    "51": 24,
    "167": 24,
    "278": 24,
    "39": 25,
    "466": 25,
    "271": 25,
    "438": 25,
    "460": 25,
    "9": 25,
    "77": 25,
    "117": 25,
    "246": 25,
    "449": 25,
    "242": 25,
    "339": 25,
    "140": 25,
    "70": 25,
    "344": 25,
    "33": 26,
    "289": 26,
    "421": 26,
    "91": 26,
    "220": 26,
    "323": 26,
    "150": 26,
    "153": 26,
    "445": 26,
    "43": 26,
    "444": 26,
    "19": 26,
    "78": 26,
    "345": 26,
    "468": 26,
    "366": 27,
    "196": 27,
    "332": 27,
    "35": 27,
    "241": 27,
    "22": 27,
    "130": 27,
    "364": 27,
    "132": 27,
    "308": 27,
    "318": 27,
    "483": 27,
    "482": 27,
    "106": 27,
    "387": 27,
    "300": 28,
    "484": 28,
    "420": 28,
    "8": 28,
    "436": 28,
    "185": 28,
    "218": 28,
    "29": 28,
    "155": 28,
    "276": 28,
    "417": 28,
    "174": 28,
    "74": 28,
    "303": 28,
    "287": 28,
    "157": 29,
    "368": 29,
    "486": 29,
    "23": 29,
    "288": 29,
    "244": 29,
    "228": 29,
    "2": 29,
    "391": 29,
    "379": 29,
    "42": 29,
    "64": 29,
    "357": 29,
    "272": 29,
    "88": 29,
    "31": 30,
    "32": 30,
    "296": 30,
    "419": 30,
    "322": 30,
    "358": 30,
    "257": 30,
    "199": 30,
    "162": 30,
    "38": 30,
    "453": 30,
    "456": 30,
    "4": 30,
    "143": 30,
    "123": 30,
    "451": 31,
    "54": 31,
    "60": 31,
    "93": 31,
    "144": 31,
    "394": 31,
    "190": 31,
    "301": 31,
    "383": 31,
    "407": 31,
    "55": 31,
    "477": 31,
    "96": 31,
    "470": 31,
    "452": 31
}