{
    "326": 0,
    "380": 0,
    "49": 0,
    "232": 0,
    "223": 0,
    "45": 0,
    "239": 0,
    "480": 0,
    "171": 0,
    "71": 0,
    "422": 0,
    "177": 0,
    "335": 0,
    "184": 0,
    "279": 0,
    "346": 0,
    "33": 0,
    "103": 0,
    "180": 0,
    "300": 0,
    "69": 1,
    "350": 1,
    "406": 1,
    "255": 1,
    "378": 1,
    "219": 1,
    "261": 1,
    "166": 1,
    "126": 1,
    "227": 1,
    "243": 1,
    "200": 1,
    "149": 1,
    "252": 1,
    "61": 1,
    "319": 1,
    "464": 1,
    "309": 1,
    "94": 1,
    "311": 1,
    "375": 2,
    "154": 2,
    "459": 2,
    "205": 2,
    "173": 2,
    "128": 2,
    "280": 2,
    "388": 2,
    "107": 2,
    "258": 2,
    "414": 2,
    "474": 2,
    "290": 2,
    "254": 2,
    "120": 2,
    "387": 2,
    "324": 2,
    "197": 2,
    "111": 2,
    "402": 2,
    "487": 3,
    "217": 3,
    "191": 3,
    "108": 3,
    "259": 3,
    "342": 3,
    "461": 3,
    "277": 3,
    "443": 3,
    "30": 3,
    "44": 3,
    "11": 3,
    "56": 3,
    "249": 3,
    "164": 3,
    "316": 3,
    "163": 3,
    "369": 3,
    "262": 3,
    "419": 3,
    "299": 4,
    "338": 4,
    "90": 4,
    "172": 4,
    "310": 4,
    "5": 4,
    "192": 4,
    "315": 4,
    "15": 4,
    "62": 4,
    "58": 4,
    "226": 4,
    "295": 4,
    "129": 4,
    "48": 4,
    "270": 4,
    "237": 4,
    "175": 4,
    "115": 4,
    "349": 4,
    "485": 5,
    "352": 5,
    "85": 5,
    "148": 5,
    "63": 5,
    "448": 5,
    "396": 5,
    "13": 5,
    "410": 5,
    "282": 5,
    "354": 5,
    "235": 5,
    "179": 5,
    "320": 5,
    "284": 5,
    "40": 5,
    "230": 5,
    "194": 5,
    "386": 5,
    "441": 5,
    "214": 6,
    "222": 6,
    "24": 6,
    "469": 6,
    "435": 6,
    "165": 6,
    "87": 6,
    "312": 6,
    "102": 6,
    "273": 6,
    "298": 6,
    "403": 6,
    "260": 6,
    "359": 6,
    "355": 6,
    "297": 6,
    "68": 6,
    "248": 6,
    "367": 6,
    "98": 6,
    "250": 7,
    "46": 7,
    "423": 7,
    "389": 7,
    "341": 7,
    "365": 7,
    "212": 7,
    "234": 7,
    "104": 7,
    "454": 7,
    "161": 7,
    "97": 7,
    "118": 7,
    "182": 7,
    "201": 7,
    "372": 7,
    "1": 7,
    "442": 7,
    "146": 7,
    "431": 7,
    "81": 8,
    "12": 8,
    "186": 8,
    "481": 8,
    "114": 8,
    "286": 8,
    "269": 8,
    "329": 8,
    "147": 8,
    "229": 8,
    "240": 8,
    "265": 8,
    "57": 8,
    "89": 8,
    "395": 8,
    "347": 8,
    "283": 8,
    "76": 8,
    "331": 8,
    "412": 8,
    "305": 9,
    "16": 9,
    "393": 9,
    "139": 9,
    "328": 9,
    "408": 9,
    "274": 9,
    "221": 9,
    "247": 9,
    "28": 9,
    "112": 9,
    "92": 9,
    "203": 9,
    "293": 9,
    "427": 9,
    "101": 9,
    "198": 9,
    "458": 9,
    "67": 9,
    "272": 9,
    "137": 10,
    "467": 10,
    "336": 10,
    "233": 10,
    "416": 10,
    "142": 10,
    "195": 10,
    "313": 10,
    "121": 10,
    "159": 10,
    "170": 10,
    "404": 10,
    "390": 10,
    "206": 10,
    "434": 10,
    "82": 10,
    "333": 10,
    "202": 10,
    "113": 10,
    "473": 10,
    "238": 11,
    "53": 11,
    "264": 11,
    "409": 11,
    "152": 11,
    "263": 11,
    "37": 11,
    "151": 11,
    "424": 11,
    "351": 11,
    "41": 11,
    "18": 11,
    "330": 11,
    "6": 11,
    "325": 11,
    "178": 11,
    "373": 11,
    "138": 11,
    "231": 11,
    "471": 11,
    "382": 12,
    "17": 12,
    "36": 12,
    "371": 12,
    "289": 12,
    "27": 12,
    "251": 12,
    "405": 12,
    "100": 12,
    "479": 12,
    "425": 12,
    "462": 12,
    "188": 12,
    "21": 12,
    "174": 12,
    "187": 12,
    "133": 12,
    "127": 12,
    "66": 12,
    "253": 12,
    "215": 13,
    "439": 13,
    "176": 13,
    "399": 13,
    "476": 13,
    "413": 13,
    "26": 13,
    "193": 13,
    "285": 13,
    "211": 13,
    "415": 13,
    "302": 13,
    "224": 13,
    "370": 13,
    "314": 13,
    "160": 13,
    "275": 13,
    "116": 13,
    "362": 13,
    "437": 13,
    "377": 14,
    "348": 14,
    "110": 14,
    "73": 14,
    "266": 14,
    "401": 14,
    "7": 14,
    "291": 14,
    "208": 14,
    "340": 14,
    "216": 14,
    "52": 14,
    "131": 14,
    "360": 14,
    "397": 14,
    "353": 14,
    "384": 14,
    "50": 14,
    "457": 14,
    "158": 14,
    "86": 15,
    "267": 15,
    "433": 15,
    "374": 15,
    "447": 15,
    "122": 15,
    "281": 15,
    "119": 15,
    "306": 15,
    "381": 15,
    "25": 15,
    "440": 15,
    "426": 15,
    "10": 15,
    "463": 15,
    "135": 15,
    "429": 15,
    "105": 15,
    "294": 15,
    "95": 15,
    "430": 16,
    "80": 16,
    "124": 16,
    "210": 16,
    "304": 16,
    "337": 16,
    "34": 16,
    "3": 16,
    "432": 16,
    "472": 16,
    "356": 16,
    "268": 16,
    "343": 16,
    "83": 16,
    "136": 16,
    "307": 16,
    "418": 16,
    "400": 16,
    "398": 16,
    "466": 16,
    "478": 17,
    "465": 17,
    "209": 17,
    "207": 17,
    "141": 17,
    "156": 17,
    "189": 17,
    "59": 17,
    "428": 17,
    "392": 17,
    "236": 17,
    "75": 17,
    "167": 17,
    "421": 17,
    "51": 17,
    "317": 17,
    "455": 17,
    "242": 17,
    "368": 17,
    "385": 17,
    "109": 18,
    "181": 18,
    "183": 18,
    "376": 18,
    "134": 18,
    "140": 18,
    "363": 18,
    "344": 18,
    "84": 18,
    "482": 18,
    "246": 18,
    "213": 18,
    "125": 18,
    "361": 18,
    "19": 18,
    "468": 18,
    "204": 18,
    "77": 18,
    "323": 18,
    "9": 18,
    "99": 19,
    "65": 19,
    "79": 19,
    "438": 19,
    "117": 19,
    "364": 19,
    "460": 19,
    "308": 19,
    "420": 19,
    "449": 19,
    "196": 19,
    "70": 19,
    "145": 19,
    "271": 19,
    "339": 19,
    "318": 19,
    "332": 19,
    "327": 19,
    "436": 19,
    "292": 19,
    "446": 20,
    "220": 20,
    "450": 20,
    "278": 20,
    "22": 20,
    "72": 20,
    "43": 20,
    "228": 20,
    "106": 20,
    "303": 20,
    "185": 20,
    "35": 20,
    "486": 20,
    "91": 20,
    "29": 20,
    "345": 20,
    "132": 20,
    "483": 20,
    "445": 20,
    "20": 20,
    "14": 21,
    "334": 21,
    "130": 21,
    "276": 21,
    "257": 21,
    "241": 21,
    "38": 21,
    "444": 21,
    "162": 21,
    "456": 21,
    "199": 21,
    "417": 21,
    "150": 21,
    "8": 21,
    "321": 21,
    "484": 21,
    "60": 21,
    "23": 21,
    "153": 21,
    "54": 21,
    "451": 22,
    "218": 22,
    "93": 22,
    "296": 22,
    "74": 22,
    "78": 22,
    "391": 22,
    "168": 22,
    "144": 22,
    "394": 22,
    "190": 22,
    "155": 22,
    "32": 22,
    "379": 22,
    "244": 22,
    "301": 22,
    "453": 22,
    "88": 22,
    "2": 22,
    "383": 22,
    "157": 23,
    "288": 23,
    "287": 23,
    "42": 23,
    "64": 23,
    "357": 23,
    "143": 23,
    "169": 23,
    "322": 23,
    "245": 23,
    "0": 23,
    "256": 23,
    "123": 23,
    "452": 23,
    "225": 23,
    "411": 23,
    "55": 23,
    "475": 23,
    "47": 23,
    "4": 23
}