{
    "326": 0,
    "380": 0,
    "49": 0,
    "232": 0,
    "223": 0,
    "45": 0,
    "239": 0,
    "480": 0,
    "171": 0,
    "71": 0,
    "422": 0,
    "177": 0,
    "335": 0,
    "184": 0,
    "279": 0,
    "346": 0,
    "33": 0,
    "103": 0,
    "180": 0,
    "300": 0,
    "214": 0,
    "155": 0,
    "388": 0,
    "451": 0,
    "459": 0,
    "69": 1,
    "350": 1,
    "406": 1,
    "255": 1,
    "378": 1,
    "219": 1,
    "261": 1,
    "166": 1,
    "126": 1,
    "227": 1,
    "243": 1,
    "200": 1,
    "149": 1,
    "252": 1,
    "61": 1,
    "319": 1,
    "464": 1,
    "309": 1,
    "94": 1,
    "311": 1,
    "437": 1,
    "121": 1,
    "427": 1,
    "133": 1,
    "313": 1,
    "375": 2,
    "154": 2,
    "205": 2,
    "173": 2,
    "128": 2,
    "280": 2,
    "107": 2,
    "258": 2,
    "414": 2,
    "474": 2,
    "290": 2,
    "254": 2,
    "120": 2,
    "387": 2,
    "324": 2,
    "197": 2,
    "111": 2,
    "402": 2,
    "78": 2,
    "225": 2,
    "260": 2,
    "175": 2,
    "235": 2,
    "262": 2,
    "241": 2,
    "487": 3,
    "217": 3,
    "191": 3,
    "108": 3,
    "259": 3,
    "342": 3,
    "461": 3,
    "277": 3,
    "443": 3,
    "30": 3,
    "44": 3,
    "11": 3,
    "56": 3,
    "249": 3,
    "164": 3,
    "316": 3,
    "163": 3,
    "369": 3,
    "419": 3,
    "297": 3,
    "269": 3,
    "12": 3,
    "60": 3,
    "102": 3,
    "13": 3,
    "299": 4,
    "338": 4,
    "90": 4,
    "172": 4,
    "310": 4,
    "5": 4,
    "192": 4,
    "315": 4,
    "15": 4,
    "62": 4,
    "58": 4,
    "226": 4,
    "295": 4,
    "129": 4,
    "48": 4,
    "270": 4,
    "237": 4,
    "115": 4,
    "349": 4,
    "66": 4,
    "477": 4,
    "372": 4,
    "240": 4,
    "57": 4,
    "393": 4,
    "485": 5,
    "352": 5,
    "85": 5,
    "148": 5,
    "63": 5,
    "448": 5,
    "396": 5,
    "410": 5,
    "282": 5,
    "354": 5,
    "179": 5,
    "320": 5,
    "284": 5,
    "40": 5,
    "230": 5,
    "194": 5,
    "386": 5,
    "441": 5,
    "328": 5,
    "53": 5,
    "147": 5,
    "234": 5,
    "389": 5,
    "152": 5,
    "202": 5,
    "81": 6,
    "186": 6,
    "481": 6,
    "114": 6,
    "97": 6,
    "286": 6,
    "118": 6,
    "329": 6,
    "182": 6,
    "229": 6,
    "146": 6,
    "265": 6,
    "341": 6,
    "68": 6,
    "89": 6,
    "161": 6,
    "395": 6,
    "201": 6,
    "347": 6,
    "283": 6,
    "76": 6,
    "331": 6,
    "412": 6,
    "367": 6,
    "424": 6,
    "305": 7,
    "16": 7,
    "359": 7,
    "139": 7,
    "408": 7,
    "274": 7,
    "221": 7,
    "247": 7,
    "28": 7,
    "112": 7,
    "104": 7,
    "92": 7,
    "203": 7,
    "293": 7,
    "101": 7,
    "198": 7,
    "458": 7,
    "248": 7,
    "67": 7,
    "272": 7,
    "170": 7,
    "98": 7,
    "314": 7,
    "413": 7,
    "27": 7,
    "250": 8,
    "46": 8,
    "423": 8,
    "365": 8,
    "212": 8,
    "454": 8,
    "1": 8,
    "442": 8,
    "87": 8,
    "431": 8,
    "37": 8,
    "41": 8,
    "159": 8,
    "18": 8,
    "405": 8,
    "158": 8,
    "330": 8,
    "416": 8,
    "105": 8,
    "113": 8,
    "187": 8,
    "462": 8,
    "479": 8,
    "82": 8,
    "100": 8,
    "137": 9,
    "467": 9,
    "336": 9,
    "233": 9,
    "142": 9,
    "195": 9,
    "435": 9,
    "404": 9,
    "390": 9,
    "206": 9,
    "434": 9,
    "312": 9,
    "333": 9,
    "473": 9,
    "36": 9,
    "484": 9,
    "362": 9,
    "371": 9,
    "8": 9,
    "251": 9,
    "281": 9,
    "110": 9,
    "298": 9,
    "193": 9,
    "224": 9,
    "238": 10,
    "264": 10,
    "409": 10,
    "263": 10,
    "151": 10,
    "351": 10,
    "6": 10,
    "325": 10,
    "178": 10,
    "373": 10,
    "138": 10,
    "231": 10,
    "471": 10,
    "174": 10,
    "20": 10,
    "469": 10,
    "304": 10,
    "401": 10,
    "50": 10,
    "167": 10,
    "343": 10,
    "353": 10,
    "17": 10,
    "119": 10,
    "211": 10,
    "446": 11,
    "156": 11,
    "73": 11,
    "80": 11,
    "273": 11,
    "95": 11,
    "426": 11,
    "275": 11,
    "236": 11,
    "425": 11,
    "266": 11,
    "116": 11,
    "253": 11,
    "457": 11,
    "25": 11,
    "208": 11,
    "285": 11,
    "360": 11,
    "131": 11,
    "384": 11,
    "397": 11,
    "439": 11,
    "136": 11,
    "210": 11,
    "216": 11,
    "382": 12,
    "24": 12,
    "222": 12,
    "289": 12,
    "188": 12,
    "21": 12,
    "127": 12,
    "52": 12,
    "10": 12,
    "381": 12,
    "374": 12,
    "415": 12,
    "447": 12,
    "370": 12,
    "418": 12,
    "433": 12,
    "291": 12,
    "294": 12,
    "476": 12,
    "392": 12,
    "440": 12,
    "403": 12,
    "340": 12,
    "83": 12,
    "3": 12,
    "215": 13,
    "176": 13,
    "399": 13,
    "26": 13,
    "302": 13,
    "160": 13,
    "400": 13,
    "463": 13,
    "75": 13,
    "7": 13,
    "432": 13,
    "65": 13,
    "168": 13,
    "122": 13,
    "124": 13,
    "51": 13,
    "356": 13,
    "135": 13,
    "398": 13,
    "348": 13,
    "196": 13,
    "306": 13,
    "79": 13,
    "209": 13,
    "472": 13,
    "377": 14,
    "213": 14,
    "181": 14,
    "385": 14,
    "134": 14,
    "307": 14,
    "364": 14,
    "141": 14,
    "327": 14,
    "317": 14,
    "361": 14,
    "429": 14,
    "242": 14,
    "337": 14,
    "455": 14,
    "355": 14,
    "428": 14,
    "267": 14,
    "268": 14,
    "363": 14,
    "125": 14,
    "376": 14,
    "246": 14,
    "189": 14,
    "34": 14,
    "86": 15,
    "9": 15,
    "466": 15,
    "204": 15,
    "183": 15,
    "117": 15,
    "77": 15,
    "438": 15,
    "449": 15,
    "420": 15,
    "140": 15,
    "145": 15,
    "460": 15,
    "339": 15,
    "271": 15,
    "344": 15,
    "334": 15,
    "54": 15,
    "35": 15,
    "436": 15,
    "165": 15,
    "70": 15,
    "84": 15,
    "332": 15,
    "292": 15,
    "430": 16,
    "278": 16,
    "450": 16,
    "468": 16,
    "72": 16,
    "483": 16,
    "220": 16,
    "59": 16,
    "106": 16,
    "162": 16,
    "421": 16,
    "19": 16,
    "308": 16,
    "323": 16,
    "199": 16,
    "445": 16,
    "29": 16,
    "276": 16,
    "444": 16,
    "185": 16,
    "482": 16,
    "91": 16,
    "456": 16,
    "22": 16,
    "93": 16,
    "478": 17,
    "465": 17,
    "207": 17,
    "368": 17,
    "345": 17,
    "321": 17,
    "303": 17,
    "132": 17,
    "486": 17,
    "150": 17,
    "2": 17,
    "130": 17,
    "153": 17,
    "228": 17,
    "23": 17,
    "64": 17,
    "288": 17,
    "157": 17,
    "357": 17,
    "42": 17,
    "43": 17,
    "88": 17,
    "287": 17,
    "322": 17,
    "169": 17
}