{
    "326": 0,
    "380": 0,
    "49": 0,
    "232": 0,
    "223": 0,
    "69": 1,
    "350": 1,
    "406": 1,
    "255": 1,
    "378": 1,
    "375": 2,
    "154": 2,
    "103": 2,
    "459": 2,
    "205": 2,
    "487": 3,
    "217": 3,
    "191": 3,
    "108": 3,
    "259": 3,
    "480": 4,
    "342": 4,
    "338": 4,
    "207": 4,
    "258": 4,
    "485": 5,
    "197": 5,
    "352": 5,
    "315": 5,
    "85": 5,
    "299": 6,
    "171": 6,
    "461": 6,
    "56": 6,
    "90": 6,
    "250": 7,
    "46": 7,
    "148": 7,
    "423": 7,
    "179": 7,
    "214": 8,
    "335": 8,
    "172": 8,
    "128": 8,
    "290": 8,
    "81": 9,
    "369": 9,
    "12": 9,
    "186": 9,
    "30": 9,
    "305": 10,
    "16": 10,
    "359": 10,
    "269": 10,
    "13": 10,
    "86": 11,
    "1": 11,
    "390": 11,
    "467": 11,
    "219": 11,
    "137": 12,
    "414": 12,
    "336": 12,
    "233": 12,
    "372": 12,
    "238": 13,
    "249": 13,
    "97": 13,
    "11": 13,
    "396": 13,
    "382": 14,
    "262": 14,
    "474": 14,
    "435": 14,
    "240": 14,
    "215": 15,
    "439": 15,
    "198": 15,
    "176": 15,
    "221": 15,
    "180": 16,
    "320": 16,
    "441": 16,
    "347": 16,
    "57": 16,
    "446": 17,
    "156": 17,
    "263": 17,
    "115": 17,
    "152": 17,
    "377": 18,
    "237": 18,
    "410": 18,
    "61": 18,
    "393": 18,
    "109": 19,
    "110": 19,
    "298": 19,
    "454": 19,
    "100": 19,
    "45": 20,
    "111": 20,
    "222": 20,
    "175": 20,
    "354": 20,
    "430": 21,
    "82": 21,
    "89": 21,
    "447": 21,
    "119": 21,
    "478": 22,
    "465": 22,
    "209": 22,
    "141": 22,
    "189": 22,
    "346": 23,
    "62": 23,
    "36": 23,
    "266": 23,
    "333": 23,
    "239": 24,
    "102": 24,
    "471": 24,
    "469": 24,
    "341": 24,
    "99": 25,
    "442": 25,
    "212": 25,
    "146": 25,
    "37": 25,
    "71": 26,
    "421": 26,
    "104": 26,
    "80": 26,
    "231": 26,
    "422": 27,
    "386": 27,
    "114": 27,
    "147": 27,
    "159": 27,
    "14": 28,
    "316": 28,
    "297": 28,
    "286": 28,
    "87": 28,
    "39": 29,
    "348": 29,
    "133": 29,
    "211": 29,
    "126": 29,
    "33": 30,
    "129": 30,
    "362": 30,
    "273": 30,
    "58": 30,
    "173": 31,
    "314": 31,
    "243": 31,
    "229": 31,
    "328": 31,
    "388": 32,
    "455": 32,
    "73": 32,
    "40": 32,
    "284": 32,
    "366": 33,
    "427": 33,
    "139": 33,
    "200": 33,
    "224": 33,
    "280": 34,
    "92": 34,
    "330": 34,
    "293": 34,
    "365": 34,
    "31": 35,
    "187": 35,
    "384": 35,
    "136": 35,
    "371": 35,
    "177": 36,
    "235": 36,
    "27": 36,
    "202": 36,
    "312": 36,
    "225": 37,
    "101": 37,
    "112": 37,
    "227": 37,
    "309": 37,
    "300": 38,
    "206": 38,
    "364": 38,
    "313": 38,
    "311": 38,
    "157": 39,
    "59": 39,
    "75": 39,
    "392": 39,
    "94": 39,
    "451": 40,
    "161": 40,
    "182": 40,
    "48": 40,
    "151": 40,
    "120": 41,
    "405": 41,
    "166": 41,
    "160": 41,
    "149": 41,
    "96": 42,
    "41": 42,
    "248": 42,
    "121": 42,
    "429": 42,
    "42": 43,
    "3": 43,
    "285": 43,
    "399": 43,
    "356": 43,
    "47": 44,
    "194": 44,
    "431": 44,
    "53": 44,
    "254": 44,
    "15": 45,
    "448": 45,
    "226": 45,
    "395": 45,
    "458": 45,
    "477": 46,
    "412": 46,
    "201": 46,
    "18": 46,
    "265": 46,
    "169": 47,
    "52": 47,
    "275": 47,
    "304": 47,
    "425": 47,
    "407": 48,
    "170": 48,
    "113": 48,
    "319": 48,
    "252": 48,
    "245": 49,
    "178": 49,
    "428": 49,
    "10": 49,
    "403": 49,
    "155": 50,
    "416": 50,
    "479": 50,
    "413": 50,
    "131": 50,
    "411": 51,
    "426": 51,
    "25": 51,
    "464": 51,
    "397": 51,
    "358": 52,
    "462": 52,
    "76": 52,
    "98": 52,
    "381": 52,
    "394": 53,
    "234": 53,
    "261": 53,
    "373": 53,
    "251": 53,
    "279": 54,
    "374": 54,
    "415": 54,
    "230": 54,
    "26": 54,
    "4": 55,
    "140": 55,
    "344": 55,
    "43": 55,
    "91": 55,
    "0": 56,
    "105": 56,
    "28": 56,
    "476": 56,
    "116": 56,
    "93": 57,
    "433": 57,
    "306": 57,
    "437": 57,
    "68": 57,
    "184": 58,
    "95": 58,
    "367": 58,
    "343": 58,
    "6": 58,
    "64": 59,
    "181": 59,
    "125": 59,
    "210": 59,
    "204": 59,
    "123": 60,
    "216": 60,
    "370": 60,
    "353": 60,
    "360": 60,
    "301": 61,
    "349": 61,
    "440": 61,
    "457": 61,
    "294": 61,
    "277": 62,
    "409": 62,
    "329": 62,
    "473": 62,
    "122": 62,
    "475": 63,
    "253": 63,
    "363": 63,
    "134": 63,
    "385": 63,
    "357": 64,
    "208": 64,
    "236": 64,
    "127": 64,
    "21": 64,
    "383": 65,
    "418": 65,
    "135": 65,
    "67": 65,
    "247": 65,
    "452": 66,
    "142": 66,
    "463": 66,
    "282": 66,
    "432": 66,
    "470": 67,
    "192": 67,
    "270": 67,
    "66": 67,
    "195": 67,
    "288": 68,
    "351": 68,
    "34": 68,
    "472": 68,
    "188": 68,
    "190": 69,
    "281": 69,
    "398": 69,
    "193": 69,
    "7": 69,
    "144": 70,
    "291": 70,
    "400": 70,
    "50": 70,
    "331": 70,
    "143": 71,
    "340": 71,
    "124": 71,
    "83": 71,
    "268": 71,
    "44": 72,
    "163": 72,
    "118": 72,
    "138": 72,
    "264": 72,
    "256": 73,
    "183": 73,
    "337": 73,
    "302": 73,
    "317": 73,
    "260": 74,
    "63": 74,
    "274": 74,
    "424": 74,
    "389": 74,
    "228": 75,
    "213": 75,
    "434": 75,
    "307": 75,
    "361": 75,
    "164": 76,
    "466": 76,
    "404": 76,
    "65": 76,
    "267": 76,
    "244": 77,
    "460": 77,
    "355": 77,
    "332": 77,
    "9": 77,
    "55": 78,
    "196": 78,
    "79": 78,
    "117": 78,
    "438": 78,
    "287": 79,
    "401": 79,
    "51": 79,
    "145": 79,
    "449": 79,
    "2": 80,
    "408": 80,
    "70": 80,
    "77": 80,
    "271": 80,
    "60": 81,
    "310": 81,
    "165": 81,
    "17": 81,
    "24": 81,
    "54": 82,
    "402": 82,
    "35": 82,
    "242": 82,
    "376": 82,
    "153": 83,
    "167": 83,
    "292": 83,
    "450": 83,
    "246": 83,
    "419": 84,
    "327": 84,
    "325": 84,
    "20": 84,
    "158": 84,
    "322": 85,
    "339": 85,
    "22": 85,
    "84": 85,
    "445": 85,
    "218": 86,
    "220": 86,
    "436": 86,
    "8": 86,
    "278": 86,
    "486": 87,
    "323": 87,
    "483": 87,
    "468": 87,
    "106": 87,
    "417": 88,
    "5": 88,
    "444": 88,
    "289": 88,
    "443": 88,
    "257": 89,
    "420": 89,
    "308": 89,
    "276": 89,
    "481": 89,
    "74": 90,
    "295": 90,
    "482": 90,
    "324": 90,
    "132": 90,
    "453": 91,
    "29": 91,
    "387": 91,
    "19": 91,
    "241": 91,
    "199": 92,
    "283": 92,
    "318": 92,
    "334": 92,
    "345": 92,
    "32": 93,
    "185": 93,
    "72": 93,
    "391": 93,
    "303": 93,
    "456": 94,
    "162": 94,
    "321": 94,
    "130": 94,
    "203": 94,
    "379": 95,
    "78": 95,
    "296": 95,
    "168": 95,
    "88": 95
}