{
    "326": 0,
    "380": 0,
    "49": 0,
    "232": 0,
    "223": 0,
    "45": 0,
    "239": 0,
    "480": 0,
    "69": 1,
    "350": 1,
    "406": 1,
    "255": 1,
    "378": 1,
    "219": 1,
    "261": 1,
    "166": 1,
    "375": 2,
    "154": 2,
    "103": 2,
    "459": 2,
    "205": 2,
    "173": 2,
    "128": 2,
    "280": 2,
    "487": 3,
    "217": 3,
    "191": 3,
    "108": 3,
    "259": 3,
    "342": 3,
    "258": 3,
    "461": 3,
    "299": 4,
    "171": 4,
    "338": 4,
    "56": 4,
    "90": 4,
    "11": 4,
    "172": 4,
    "310": 4,
    "485": 5,
    "197": 5,
    "352": 5,
    "315": 5,
    "85": 5,
    "148": 5,
    "63": 5,
    "290": 5,
    "214": 6,
    "335": 6,
    "222": 6,
    "62": 6,
    "262": 6,
    "111": 6,
    "24": 6,
    "469": 6,
    "250": 7,
    "46": 7,
    "423": 7,
    "179": 7,
    "389": 7,
    "341": 7,
    "365": 7,
    "212": 7,
    "81": 8,
    "369": 8,
    "12": 8,
    "186": 8,
    "30": 8,
    "396": 8,
    "481": 8,
    "386": 8,
    "305": 9,
    "16": 9,
    "359": 9,
    "269": 9,
    "13": 9,
    "393": 9,
    "139": 9,
    "328": 9,
    "137": 10,
    "414": 10,
    "467": 10,
    "336": 10,
    "233": 10,
    "372": 10,
    "416": 10,
    "240": 10,
    "238": 11,
    "249": 11,
    "97": 11,
    "443": 11,
    "320": 11,
    "316": 11,
    "286": 11,
    "53": 11,
    "382": 12,
    "474": 12,
    "435": 12,
    "129": 12,
    "175": 12,
    "161": 12,
    "48": 12,
    "230": 12,
    "215": 13,
    "439": 13,
    "198": 13,
    "176": 13,
    "221": 13,
    "399": 13,
    "313": 13,
    "354": 13,
    "180": 14,
    "441": 14,
    "347": 14,
    "57": 14,
    "146": 14,
    "448": 14,
    "367": 14,
    "10": 14,
    "446": 15,
    "156": 15,
    "263": 15,
    "115": 15,
    "152": 15,
    "40": 15,
    "61": 15,
    "293": 15,
    "377": 16,
    "237": 16,
    "410": 16,
    "349": 16,
    "104": 16,
    "282": 16,
    "58": 16,
    "94": 16,
    "86": 17,
    "1": 17,
    "390": 17,
    "226": 17,
    "159": 17,
    "89": 17,
    "114": 17,
    "442": 17,
    "430": 18,
    "82": 18,
    "119": 18,
    "447": 18,
    "227": 18,
    "66": 18,
    "405": 18,
    "252": 18,
    "478": 19,
    "465": 19,
    "209": 19,
    "207": 19,
    "141": 19,
    "189": 19,
    "59": 19,
    "324": 19,
    "109": 20,
    "110": 20,
    "298": 20,
    "454": 20,
    "100": 20,
    "131": 20,
    "360": 20,
    "397": 20,
    "99": 21,
    "37": 21,
    "201": 21,
    "182": 21,
    "412": 21,
    "479": 21,
    "126": 21,
    "311": 21,
    "346": 22,
    "36": 22,
    "266": 22,
    "333": 22,
    "112": 22,
    "458": 22,
    "5": 22,
    "95": 22,
    "120": 23,
    "101": 23,
    "200": 23,
    "160": 23,
    "149": 23,
    "92": 23,
    "243": 23,
    "431": 23,
    "71": 24,
    "471": 24,
    "421": 24,
    "80": 24,
    "231": 24,
    "351": 24,
    "385": 24,
    "304": 24,
    "422": 25,
    "147": 25,
    "434": 25,
    "404": 25,
    "142": 25,
    "202": 25,
    "281": 25,
    "194": 25,
    "14": 26,
    "297": 26,
    "87": 26,
    "264": 26,
    "229": 26,
    "284": 26,
    "102": 26,
    "330": 26,
    "39": 27,
    "348": 27,
    "133": 27,
    "211": 27,
    "464": 27,
    "122": 27,
    "178": 27,
    "427": 27,
    "33": 28,
    "362": 28,
    "273": 28,
    "27": 28,
    "73": 28,
    "136": 28,
    "309": 28,
    "76": 28,
    "366": 29,
    "224": 29,
    "170": 29,
    "265": 29,
    "395": 29,
    "121": 29,
    "413": 29,
    "462": 29,
    "388": 30,
    "455": 30,
    "248": 30,
    "371": 30,
    "187": 30,
    "426": 30,
    "353": 30,
    "25": 30,
    "31": 31,
    "384": 31,
    "105": 31,
    "473": 31,
    "253": 31,
    "134": 31,
    "79": 31,
    "6": 31,
    "177": 32,
    "235": 32,
    "312": 32,
    "302": 32,
    "98": 32,
    "275": 32,
    "425": 32,
    "41": 32,
    "225": 33,
    "476": 33,
    "247": 33,
    "236": 33,
    "26": 33,
    "145": 33,
    "331": 33,
    "285": 33,
    "300": 34,
    "206": 34,
    "364": 34,
    "67": 34,
    "151": 34,
    "374": 34,
    "216": 34,
    "210": 34,
    "157": 35,
    "75": 35,
    "392": 35,
    "428": 35,
    "21": 35,
    "208": 35,
    "116": 35,
    "356": 35,
    "96": 36,
    "429": 36,
    "251": 36,
    "18": 36,
    "440": 36,
    "319": 36,
    "113": 36,
    "381": 36,
    "42": 37,
    "3": 37,
    "400": 37,
    "246": 37,
    "52": 37,
    "181": 37,
    "213": 37,
    "370": 37,
    "451": 38,
    "343": 38,
    "270": 38,
    "424": 38,
    "234": 38,
    "437": 38,
    "158": 38,
    "329": 38,
    "169": 39,
    "415": 39,
    "83": 39,
    "307": 39,
    "294": 39,
    "432": 39,
    "193": 39,
    "457": 39,
    "47": 40,
    "254": 40,
    "472": 40,
    "127": 40,
    "401": 40,
    "7": 40,
    "403": 40,
    "463": 40,
    "15": 41,
    "195": 41,
    "306": 41,
    "267": 41,
    "192": 41,
    "135": 41,
    "418": 41,
    "314": 41,
    "477": 42,
    "340": 42,
    "373": 42,
    "163": 42,
    "291": 42,
    "50": 42,
    "409": 42,
    "68": 42,
    "0": 43,
    "28": 43,
    "398": 43,
    "138": 43,
    "361": 43,
    "34": 43,
    "317": 43,
    "204": 43,
    "407": 44,
    "466": 44,
    "9": 44,
    "124": 44,
    "433": 44,
    "65": 44,
    "268": 44,
    "183": 44,
    "245": 45,
    "337": 45,
    "355": 45,
    "460": 45,
    "408": 45,
    "274": 45,
    "188": 45,
    "118": 45,
    "411": 46,
    "376": 46,
    "402": 46,
    "117": 46,
    "51": 46,
    "125": 46,
    "438": 46,
    "363": 46,
    "358": 47,
    "150": 47,
    "72": 47,
    "220": 47,
    "77": 47,
    "325": 47,
    "292": 47,
    "449": 47,
    "155": 48,
    "167": 48,
    "35": 48,
    "289": 48,
    "242": 48,
    "165": 48,
    "140": 48,
    "17": 48,
    "4": 49,
    "344": 49,
    "43": 49,
    "91": 49,
    "323": 49,
    "106": 49,
    "339": 49,
    "278": 49,
    "279": 50,
    "196": 50,
    "271": 50,
    "84": 50,
    "20": 50,
    "308": 50,
    "327": 50,
    "332": 50,
    "64": 51,
    "345": 51,
    "22": 51,
    "482": 51,
    "468": 51,
    "70": 51,
    "303": 51,
    "450": 51,
    "394": 52,
    "436": 52,
    "283": 52,
    "174": 52,
    "276": 52,
    "420": 52,
    "8": 52,
    "334": 52,
    "123": 53,
    "483": 53,
    "445": 53,
    "132": 53,
    "29": 53,
    "295": 53,
    "486": 53,
    "185": 53,
    "383": 54,
    "19": 54,
    "218": 54,
    "318": 54,
    "444": 54,
    "321": 54,
    "241": 54,
    "387": 54,
    "470": 55,
    "162": 55,
    "456": 55,
    "484": 55,
    "417": 55,
    "391": 55,
    "419": 55,
    "164": 55,
    "277": 56,
    "257": 56,
    "107": 56,
    "199": 56,
    "60": 56,
    "130": 56,
    "368": 56,
    "203": 56,
    "475": 57,
    "32": 57,
    "78": 57,
    "23": 57,
    "296": 57,
    "168": 57,
    "272": 57,
    "453": 57,
    "357": 58,
    "153": 58,
    "244": 58,
    "288": 58,
    "379": 58,
    "74": 58,
    "143": 58,
    "88": 58,
    "301": 59,
    "38": 59,
    "54": 59,
    "287": 59,
    "260": 59,
    "93": 59,
    "44": 59,
    "2": 59
}