{
    "322": 0,
    "57": 0,
    "236": 0,
    "228": 0,
    "485": 0,
    "53": 0,
    "244": 0,
    "470": 0,
    "477": 0,
    "172": 0,
    "22": 0,
    "74": 0,
    "72": 1,
    "346": 1,
    "195": 1,
    "399": 1,
    "259": 1,
    "337": 1,
    "221": 1,
    "266": 1,
    "167": 1,
    "123": 1,
    "232": 1,
    "247": 1,
    "372": 2,
    "152": 2,
    "99": 2,
    "451": 2,
    "174": 2,
    "478": 2,
    "263": 2,
    "126": 2,
    "282": 2,
    "384": 2,
    "103": 2,
    "262": 2,
    "487": 3,
    "219": 3,
    "197": 3,
    "106": 3,
    "104": 3,
    "264": 3,
    "340": 3,
    "454": 3,
    "280": 3,
    "438": 3,
    "32": 3,
    "52": 3,
    "352": 4,
    "175": 4,
    "292": 4,
    "288": 4,
    "341": 4,
    "335": 4,
    "62": 4,
    "182": 4,
    "257": 4,
    "222": 4,
    "127": 4,
    "88": 4,
    "481": 5,
    "64": 5,
    "90": 5,
    "76": 5,
    "96": 5,
    "387": 5,
    "434": 5,
    "321": 5,
    "2": 5,
    "160": 5,
    "183": 5,
    "225": 5,
    "300": 6,
    "373": 6,
    "97": 6,
    "87": 6,
    "11": 6,
    "173": 6,
    "267": 6,
    "316": 6,
    "17": 6,
    "66": 6,
    "281": 6,
    "63": 6,
    "138": 7,
    "50": 7,
    "332": 7,
    "235": 7,
    "401": 7,
    "12": 7,
    "421": 7,
    "353": 7,
    "313": 7,
    "226": 7,
    "293": 7,
    "113": 7,
    "198": 8,
    "51": 8,
    "165": 8,
    "164": 8,
    "184": 8,
    "298": 8,
    "462": 8,
    "93": 8,
    "425": 8,
    "231": 8,
    "65": 8,
    "166": 8,
    "306": 9,
    "18": 9,
    "272": 9,
    "13": 9,
    "324": 9,
    "276": 9,
    "251": 9,
    "109": 9,
    "390": 9,
    "339": 9,
    "295": 9,
    "289": 9,
    "242": 10,
    "253": 10,
    "317": 10,
    "180": 10,
    "234": 10,
    "285": 10,
    "206": 10,
    "67": 10,
    "162": 10,
    "402": 10,
    "448": 10,
    "461": 10,
    "135": 11,
    "407": 11,
    "119": 11,
    "463": 11,
    "333": 11,
    "237": 11,
    "370": 11,
    "409": 11,
    "382": 11,
    "108": 11,
    "141": 11,
    "270": 11,
    "378": 12,
    "176": 12,
    "56": 12,
    "146": 12,
    "54": 12,
    "27": 12,
    "158": 12,
    "428": 12,
    "214": 12,
    "436": 12,
    "343": 12,
    "330": 12,
    "215": 13,
    "177": 13,
    "393": 13,
    "218": 13,
    "404": 13,
    "423": 13,
    "473": 13,
    "91": 13,
    "117": 13,
    "207": 13,
    "200": 13,
    "148": 13,
    "375": 14,
    "240": 14,
    "345": 14,
    "283": 14,
    "145": 14,
    "398": 14,
    "344": 14,
    "21": 14,
    "161": 14,
    "107": 14,
    "268": 14,
    "419": 14,
    "84": 15,
    "1": 15,
    "447": 15,
    "86": 15,
    "364": 15,
    "112": 15,
    "437": 15,
    "476": 15,
    "45": 15,
    "243": 15,
    "362": 15,
    "39": 15,
    "475": 16,
    "457": 16,
    "178": 16,
    "139": 16,
    "154": 16,
    "194": 16,
    "310": 16,
    "223": 16,
    "124": 16,
    "311": 16,
    "7": 16,
    "132": 16,
    "342": 17,
    "299": 17,
    "38": 17,
    "98": 17,
    "284": 17,
    "70": 17,
    "44": 17,
    "210": 17,
    "129": 17,
    "217": 17,
    "275": 17,
    "60": 17,
    "105": 18,
    "319": 18,
    "358": 18,
    "391": 18,
    "365": 18,
    "277": 18,
    "80": 18,
    "318": 18,
    "403": 18,
    "100": 18,
    "367": 18,
    "28": 18,
    "95": 19,
    "406": 19,
    "255": 19,
    "347": 19,
    "181": 19,
    "149": 19,
    "486": 19,
    "456": 19,
    "238": 19,
    "111": 19,
    "205": 19,
    "30": 19,
    "442": 20,
    "150": 20,
    "94": 20,
    "286": 20,
    "192": 20,
    "420": 20,
    "278": 20,
    "131": 20,
    "239": 20,
    "213": 20,
    "114": 20,
    "256": 20,
    "271": 21,
    "325": 21,
    "349": 21,
    "116": 21,
    "416": 21,
    "479": 21,
    "389": 21,
    "385": 21,
    "366": 21,
    "20": 21,
    "273": 21,
    "171": 21,
    "14": 22,
    "326": 22,
    "468": 22,
    "203": 22,
    "348": 22,
    "418": 22,
    "19": 22,
    "5": 22,
    "208": 22,
    "254": 22,
    "287": 22,
    "440": 22,
    "41": 23,
    "118": 23,
    "408": 23,
    "392": 23,
    "432": 23,
    "110": 23,
    "376": 23,
    "229": 23,
    "147": 23,
    "450": 23,
    "252": 23,
    "29": 23,
    "415": 24,
    "426": 24,
    "397": 24,
    "427": 24,
    "201": 24,
    "435": 24,
    "371": 24,
    "71": 24,
    "227": 24,
    "9": 24,
    "312": 24,
    "296": 24,
    "368": 25,
    "329": 25,
    "58": 25,
    "360": 25,
    "314": 25,
    "159": 25,
    "386": 25,
    "303": 25,
    "199": 25,
    "355": 25,
    "424": 25,
    "46": 25,
    "35": 26,
    "216": 26,
    "134": 26,
    "77": 26,
    "380": 26,
    "459": 26,
    "381": 26,
    "82": 26,
    "156": 26,
    "350": 26,
    "186": 26,
    "212": 26,
    "230": 27,
    "144": 27,
    "469": 27,
    "209": 27,
    "3": 27,
    "304": 27,
    "31": 27,
    "187": 27,
    "455": 27,
    "453": 27,
    "411": 27,
    "261": 27,
    "179": 28,
    "10": 28,
    "193": 28,
    "125": 28,
    "133": 28,
    "81": 28,
    "6": 28,
    "24": 28,
    "465": 28,
    "34": 28,
    "359": 28,
    "308": 28,
    "155": 29,
    "211": 29,
    "414": 29,
    "394": 29,
    "431": 29,
    "188": 29,
    "429": 29,
    "374": 29,
    "36": 29,
    "422": 29,
    "59": 29,
    "69": 29,
    "301": 30,
    "363": 30,
    "307": 30,
    "369": 30,
    "136": 30,
    "334": 30,
    "121": 30,
    "396": 30,
    "336": 30,
    "115": 30,
    "395": 30,
    "483": 30,
    "309": 31,
    "79": 31,
    "354": 31,
    "258": 31,
    "43": 31,
    "351": 31,
    "168": 31,
    "305": 31,
    "443": 31,
    "250": 31,
    "122": 31,
    "246": 31,
    "92": 32,
    "157": 32,
    "331": 32,
    "315": 32,
    "458": 32,
    "23": 32,
    "191": 32,
    "433": 32,
    "452": 32,
    "323": 32,
    "8": 32,
    "412": 32,
    "47": 33,
    "471": 33,
    "361": 33,
    "480": 33,
    "441": 33,
    "130": 33,
    "25": 33,
    "137": 33,
    "224": 33,
    "49": 33,
    "83": 33,
    "294": 33,
    "444": 34,
    "279": 34,
    "37": 34,
    "328": 34,
    "42": 34,
    "413": 34,
    "430": 34,
    "202": 34,
    "73": 34,
    "274": 34,
    "439": 34,
    "377": 34,
    "15": 35,
    "464": 35,
    "102": 35,
    "482": 35,
    "190": 35,
    "89": 35,
    "48": 35,
    "269": 35,
    "185": 35,
    "169": 35,
    "241": 35,
    "410": 35,
    "460": 36,
    "265": 36,
    "383": 36,
    "189": 36,
    "327": 36,
    "75": 36,
    "78": 36,
    "245": 36,
    "151": 36,
    "248": 36,
    "338": 36,
    "40": 36,
    "405": 37,
    "484": 37,
    "140": 37,
    "320": 37,
    "297": 37,
    "417": 37,
    "26": 37,
    "290": 37,
    "449": 37,
    "163": 37,
    "204": 37,
    "33": 37,
    "55": 38,
    "101": 38,
    "85": 38,
    "467": 38,
    "260": 38,
    "356": 38,
    "446": 38,
    "143": 38,
    "445": 38,
    "233": 38,
    "196": 38,
    "220": 38,
    "400": 39,
    "16": 39,
    "302": 39,
    "466": 39,
    "474": 39,
    "379": 39,
    "61": 39,
    "153": 39,
    "142": 39,
    "120": 39,
    "472": 39,
    "388": 39
}