{
    "322": 0,
    "57": 0,
    "236": 0,
    "228": 0,
    "485": 0,
    "53": 0,
    "244": 0,
    "470": 0,
    "477": 0,
    "172": 0,
    "22": 0,
    "74": 0,
    "415": 0,
    "263": 0,
    "179": 0,
    "72": 1,
    "346": 1,
    "195": 1,
    "399": 1,
    "259": 1,
    "337": 1,
    "221": 1,
    "266": 1,
    "167": 1,
    "123": 1,
    "232": 1,
    "247": 1,
    "205": 1,
    "111": 1,
    "160": 1,
    "372": 2,
    "152": 2,
    "99": 2,
    "451": 2,
    "174": 2,
    "478": 2,
    "126": 2,
    "282": 2,
    "384": 2,
    "103": 2,
    "262": 2,
    "407": 2,
    "293": 2,
    "257": 2,
    "383": 2,
    "487": 3,
    "219": 3,
    "197": 3,
    "106": 3,
    "104": 3,
    "264": 3,
    "340": 3,
    "454": 3,
    "280": 3,
    "438": 3,
    "32": 3,
    "52": 3,
    "11": 3,
    "62": 3,
    "462": 3,
    "352": 4,
    "175": 4,
    "292": 4,
    "288": 4,
    "341": 4,
    "335": 4,
    "182": 4,
    "222": 4,
    "127": 4,
    "88": 4,
    "164": 4,
    "316": 4,
    "63": 4,
    "70": 4,
    "284": 4,
    "481": 5,
    "64": 5,
    "90": 5,
    "76": 5,
    "96": 5,
    "387": 5,
    "434": 5,
    "321": 5,
    "2": 5,
    "183": 5,
    "225": 5,
    "473": 5,
    "398": 5,
    "421": 5,
    "436": 5,
    "300": 6,
    "373": 6,
    "97": 6,
    "87": 6,
    "173": 6,
    "267": 6,
    "17": 6,
    "66": 6,
    "281": 6,
    "189": 6,
    "428": 6,
    "56": 6,
    "273": 6,
    "317": 6,
    "240": 6,
    "138": 7,
    "50": 7,
    "332": 7,
    "235": 7,
    "401": 7,
    "12": 7,
    "353": 7,
    "313": 7,
    "226": 7,
    "113": 7,
    "18": 7,
    "44": 7,
    "139": 7,
    "207": 7,
    "468": 7,
    "198": 8,
    "51": 8,
    "165": 8,
    "184": 8,
    "298": 8,
    "93": 8,
    "425": 8,
    "231": 8,
    "65": 8,
    "166": 8,
    "289": 8,
    "253": 8,
    "345": 8,
    "176": 8,
    "86": 8,
    "306": 9,
    "272": 9,
    "13": 9,
    "324": 9,
    "276": 9,
    "251": 9,
    "109": 9,
    "390": 9,
    "339": 9,
    "295": 9,
    "420": 9,
    "252": 9,
    "71": 9,
    "91": 9,
    "21": 9,
    "242": 10,
    "180": 10,
    "234": 10,
    "285": 10,
    "206": 10,
    "67": 10,
    "162": 10,
    "402": 10,
    "448": 10,
    "461": 10,
    "238": 10,
    "349": 10,
    "286": 10,
    "325": 10,
    "437": 10,
    "135": 11,
    "119": 11,
    "463": 11,
    "333": 11,
    "237": 11,
    "370": 11,
    "409": 11,
    "382": 11,
    "108": 11,
    "141": 11,
    "270": 11,
    "201": 11,
    "117": 11,
    "94": 11,
    "158": 11,
    "378": 12,
    "146": 12,
    "54": 12,
    "27": 12,
    "214": 12,
    "343": 12,
    "330": 12,
    "81": 12,
    "427": 12,
    "19": 12,
    "208": 12,
    "364": 12,
    "326": 12,
    "315": 12,
    "275": 12,
    "215": 13,
    "177": 13,
    "393": 13,
    "218": 13,
    "404": 13,
    "423": 13,
    "200": 13,
    "148": 13,
    "171": 13,
    "223": 13,
    "310": 13,
    "311": 13,
    "145": 13,
    "29": 13,
    "131": 13,
    "375": 14,
    "283": 14,
    "344": 14,
    "161": 14,
    "107": 14,
    "268": 14,
    "419": 14,
    "299": 14,
    "30": 14,
    "132": 14,
    "150": 14,
    "38": 14,
    "347": 14,
    "256": 14,
    "360": 14,
    "84": 15,
    "1": 15,
    "447": 15,
    "112": 15,
    "476": 15,
    "45": 15,
    "243": 15,
    "362": 15,
    "39": 15,
    "255": 15,
    "371": 15,
    "406": 15,
    "118": 15,
    "110": 15,
    "254": 15,
    "105": 16,
    "319": 16,
    "129": 16,
    "358": 16,
    "391": 16,
    "365": 16,
    "277": 16,
    "80": 16,
    "318": 16,
    "403": 16,
    "100": 16,
    "367": 16,
    "28": 16,
    "239": 16,
    "192": 16,
    "95": 17,
    "181": 17,
    "149": 17,
    "486": 17,
    "456": 17,
    "432": 17,
    "408": 17,
    "389": 17,
    "435": 17,
    "376": 17,
    "20": 17,
    "287": 17,
    "229": 17,
    "380": 17,
    "114": 17,
    "475": 18,
    "457": 18,
    "178": 18,
    "154": 18,
    "194": 18,
    "124": 18,
    "7": 18,
    "386": 18,
    "314": 18,
    "303": 18,
    "187": 18,
    "278": 18,
    "168": 18,
    "46": 18,
    "5": 18,
    "342": 19,
    "98": 19,
    "210": 19,
    "217": 19,
    "60": 19,
    "381": 19,
    "308": 19,
    "77": 19,
    "156": 19,
    "136": 19,
    "34": 19,
    "312": 19,
    "134": 19,
    "9": 19,
    "296": 19,
    "442": 20,
    "213": 20,
    "450": 20,
    "216": 20,
    "348": 20,
    "147": 20,
    "58": 20,
    "212": 20,
    "455": 20,
    "469": 20,
    "10": 20,
    "199": 20,
    "159": 20,
    "424": 20,
    "82": 20,
    "271": 21,
    "116": 21,
    "416": 21,
    "479": 21,
    "385": 21,
    "366": 21,
    "329": 21,
    "191": 21,
    "422": 21,
    "23": 21,
    "418": 21,
    "78": 21,
    "203": 21,
    "307": 21,
    "396": 21,
    "14": 22,
    "440": 22,
    "350": 22,
    "157": 22,
    "336": 22,
    "465": 22,
    "261": 22,
    "369": 22,
    "6": 22,
    "186": 22,
    "258": 22,
    "355": 22,
    "125": 22,
    "3": 22,
    "394": 22,
    "41": 23,
    "392": 23,
    "354": 23,
    "209": 23,
    "188": 23,
    "411": 23,
    "431": 23,
    "304": 23,
    "121": 23,
    "426": 23,
    "359": 23,
    "458": 23,
    "43": 23,
    "36": 23,
    "274": 23,
    "368": 24,
    "211": 24,
    "24": 24,
    "59": 24,
    "169": 24,
    "323": 24,
    "452": 24,
    "69": 24,
    "441": 24,
    "144": 24,
    "79": 24,
    "453": 24,
    "250": 24,
    "334": 24,
    "31": 24,
    "301": 25,
    "363": 25,
    "133": 25,
    "459": 25,
    "115": 25,
    "374": 25,
    "395": 25,
    "397": 25,
    "483": 25,
    "227": 25,
    "193": 25,
    "328": 25,
    "361": 25,
    "429": 25,
    "122": 25,
    "35": 26,
    "241": 26,
    "414": 26,
    "471": 26,
    "89": 26,
    "224": 26,
    "443": 26,
    "83": 26,
    "151": 26,
    "351": 26,
    "8": 26,
    "48": 26,
    "137": 26,
    "433": 26,
    "439": 26,
    "230": 27,
    "245": 27,
    "73": 27,
    "246": 27,
    "49": 27,
    "202": 27,
    "25": 27,
    "480": 27,
    "305": 27,
    "130": 27,
    "482": 27,
    "102": 27,
    "464": 27,
    "37": 27,
    "294": 27,
    "444": 28,
    "279": 28,
    "331": 28,
    "42": 28,
    "413": 28,
    "430": 28,
    "377": 28,
    "327": 28,
    "260": 28,
    "412": 28,
    "204": 28,
    "320": 28,
    "269": 28,
    "220": 28,
    "40": 28,
    "155": 29,
    "484": 29,
    "26": 29,
    "291": 29,
    "417": 29,
    "248": 29,
    "233": 29,
    "467": 29,
    "101": 29,
    "290": 29,
    "47": 29,
    "410": 29,
    "68": 29,
    "356": 29,
    "190": 29,
    "309": 30,
    "75": 30,
    "265": 30,
    "85": 30,
    "297": 30,
    "185": 30,
    "120": 30,
    "142": 30,
    "143": 30,
    "140": 30,
    "357": 30,
    "33": 30,
    "449": 30,
    "445": 30,
    "163": 30,
    "400": 31,
    "446": 31,
    "196": 31,
    "16": 31,
    "302": 31,
    "466": 31,
    "338": 31,
    "474": 31,
    "379": 31,
    "61": 31,
    "153": 31,
    "472": 31,
    "388": 31,
    "128": 31,
    "4": 31
}