{
    "322": 0,
    "57": 0,
    "236": 0,
    "228": 0,
    "485": 0,
    "53": 0,
    "244": 0,
    "470": 0,
    "477": 0,
    "172": 0,
    "22": 0,
    "74": 0,
    "415": 0,
    "263": 0,
    "179": 0,
    "332": 0,
    "189": 0,
    "460": 0,
    "342": 0,
    "35": 0,
    "72": 1,
    "346": 1,
    "195": 1,
    "399": 1,
    "259": 1,
    "337": 1,
    "221": 1,
    "266": 1,
    "167": 1,
    "123": 1,
    "232": 1,
    "247": 1,
    "205": 1,
    "111": 1,
    "160": 1,
    "148": 1,
    "255": 1,
    "456": 1,
    "310": 1,
    "91": 1,
    "372": 2,
    "152": 2,
    "99": 2,
    "451": 2,
    "174": 2,
    "478": 2,
    "126": 2,
    "282": 2,
    "384": 2,
    "103": 2,
    "262": 2,
    "407": 2,
    "293": 2,
    "257": 2,
    "383": 2,
    "203": 2,
    "281": 2,
    "395": 2,
    "230": 2,
    "227": 2,
    "487": 3,
    "219": 3,
    "197": 3,
    "106": 3,
    "104": 3,
    "264": 3,
    "340": 3,
    "454": 3,
    "280": 3,
    "438": 3,
    "32": 3,
    "52": 3,
    "11": 3,
    "62": 3,
    "462": 3,
    "253": 3,
    "165": 3,
    "317": 3,
    "164": 3,
    "184": 3,
    "352": 4,
    "175": 4,
    "292": 4,
    "288": 4,
    "341": 4,
    "335": 4,
    "182": 4,
    "222": 4,
    "127": 4,
    "88": 4,
    "316": 4,
    "63": 4,
    "70": 4,
    "284": 4,
    "12": 4,
    "289": 4,
    "298": 4,
    "13": 4,
    "210": 4,
    "145": 4,
    "481": 5,
    "64": 5,
    "90": 5,
    "76": 5,
    "96": 5,
    "387": 5,
    "434": 5,
    "321": 5,
    "2": 5,
    "183": 5,
    "225": 5,
    "473": 5,
    "398": 5,
    "421": 5,
    "436": 5,
    "448": 5,
    "304": 5,
    "423": 5,
    "209": 5,
    "420": 5,
    "300": 6,
    "373": 6,
    "97": 6,
    "87": 6,
    "173": 6,
    "267": 6,
    "17": 6,
    "66": 6,
    "428": 6,
    "56": 6,
    "273": 6,
    "240": 6,
    "231": 6,
    "113": 6,
    "176": 6,
    "345": 6,
    "156": 6,
    "474": 6,
    "370": 6,
    "214": 6,
    "138": 7,
    "50": 7,
    "235": 7,
    "401": 7,
    "353": 7,
    "313": 7,
    "226": 7,
    "18": 7,
    "44": 7,
    "139": 7,
    "207": 7,
    "468": 7,
    "404": 7,
    "151": 7,
    "390": 7,
    "330": 7,
    "339": 7,
    "299": 7,
    "239": 7,
    "252": 7,
    "198": 8,
    "51": 8,
    "93": 8,
    "425": 8,
    "65": 8,
    "166": 8,
    "86": 8,
    "112": 8,
    "449": 8,
    "418": 8,
    "42": 8,
    "347": 8,
    "437": 8,
    "382": 8,
    "325": 8,
    "254": 8,
    "479": 8,
    "180": 8,
    "149": 8,
    "19": 8,
    "306": 9,
    "272": 9,
    "324": 9,
    "276": 9,
    "251": 9,
    "109": 9,
    "295": 9,
    "71": 9,
    "21": 9,
    "171": 9,
    "94": 9,
    "131": 9,
    "132": 9,
    "314": 9,
    "234": 9,
    "30": 9,
    "311": 9,
    "331": 9,
    "344": 9,
    "237": 9,
    "135": 10,
    "119": 10,
    "463": 10,
    "333": 10,
    "409": 10,
    "108": 10,
    "141": 10,
    "270": 10,
    "201": 10,
    "117": 10,
    "158": 10,
    "364": 10,
    "362": 10,
    "78": 10,
    "397": 10,
    "426": 10,
    "81": 10,
    "312": 10,
    "110": 10,
    "38": 10,
    "242": 11,
    "285": 11,
    "206": 11,
    "67": 11,
    "162": 11,
    "402": 11,
    "461": 11,
    "238": 11,
    "349": 11,
    "286": 11,
    "150": 11,
    "54": 11,
    "406": 11,
    "268": 11,
    "39": 11,
    "146": 11,
    "200": 11,
    "343": 11,
    "348": 11,
    "45": 11,
    "378": 12,
    "27": 12,
    "427": 12,
    "208": 12,
    "326": 12,
    "315": 12,
    "275": 12,
    "283": 12,
    "98": 12,
    "77": 12,
    "181": 12,
    "416": 12,
    "367": 12,
    "365": 12,
    "161": 12,
    "476": 12,
    "419": 12,
    "389": 12,
    "212": 12,
    "193": 12,
    "215": 13,
    "177": 13,
    "393": 13,
    "218": 13,
    "223": 13,
    "29": 13,
    "199": 13,
    "287": 13,
    "213": 13,
    "408": 13,
    "229": 13,
    "366": 13,
    "159": 13,
    "278": 13,
    "114": 13,
    "360": 13,
    "432": 13,
    "28": 13,
    "168": 13,
    "455": 13,
    "375": 14,
    "107": 14,
    "256": 14,
    "216": 14,
    "46": 14,
    "192": 14,
    "6": 14,
    "336": 14,
    "217": 14,
    "277": 14,
    "60": 14,
    "129": 14,
    "358": 14,
    "391": 14,
    "328": 14,
    "350": 14,
    "380": 14,
    "58": 14,
    "450": 14,
    "486": 14,
    "84": 15,
    "1": 15,
    "447": 15,
    "243": 15,
    "371": 15,
    "118": 15,
    "307": 15,
    "376": 15,
    "435": 15,
    "9": 15,
    "20": 15,
    "422": 15,
    "100": 15,
    "187": 15,
    "296": 15,
    "334": 15,
    "431": 15,
    "8": 15,
    "392": 15,
    "411": 15,
    "475": 16,
    "457": 16,
    "178": 16,
    "154": 16,
    "194": 16,
    "124": 16,
    "7": 16,
    "386": 16,
    "303": 16,
    "319": 16,
    "80": 16,
    "5": 16,
    "354": 16,
    "329": 16,
    "294": 16,
    "147": 16,
    "414": 16,
    "24": 16,
    "59": 16,
    "318": 16,
    "95": 17,
    "424": 17,
    "403": 17,
    "396": 17,
    "355": 17,
    "10": 17,
    "188": 17,
    "82": 17,
    "458": 17,
    "394": 17,
    "134": 17,
    "43": 17,
    "69": 17,
    "469": 17,
    "385": 17,
    "34": 17,
    "121": 17,
    "261": 17,
    "36": 17,
    "191": 17,
    "442": 18,
    "136": 18,
    "258": 18,
    "433": 18,
    "381": 18,
    "308": 18,
    "452": 18,
    "186": 18,
    "369": 18,
    "3": 18,
    "471": 18,
    "359": 18,
    "115": 18,
    "133": 18,
    "79": 18,
    "250": 18,
    "429": 18,
    "224": 18,
    "459": 18,
    "31": 18,
    "105": 19,
    "125": 19,
    "374": 19,
    "137": 19,
    "361": 19,
    "83": 19,
    "480": 19,
    "351": 19,
    "122": 19,
    "464": 19,
    "246": 19,
    "23": 19,
    "245": 19,
    "443": 19,
    "89": 19,
    "363": 19,
    "25": 19,
    "439": 19,
    "144": 19,
    "48": 19,
    "14": 20,
    "440": 20,
    "157": 20,
    "465": 20,
    "116": 20,
    "323": 20,
    "412": 20,
    "413": 20,
    "73": 20,
    "130": 20,
    "202": 20,
    "279": 20,
    "37": 20,
    "260": 20,
    "274": 20,
    "482": 20,
    "211": 20,
    "265": 20,
    "102": 20,
    "430": 20,
    "41": 21,
    "441": 21,
    "269": 21,
    "377": 21,
    "297": 21,
    "49": 21,
    "190": 21,
    "305": 21,
    "248": 21,
    "483": 21,
    "140": 21,
    "26": 21,
    "169": 21,
    "410": 21,
    "453": 21,
    "233": 21,
    "484": 21,
    "327": 21,
    "85": 21,
    "320": 21,
    "271": 22,
    "40": 22,
    "204": 22,
    "163": 22,
    "338": 22,
    "75": 22,
    "220": 22,
    "446": 22,
    "61": 22,
    "388": 22,
    "33": 22,
    "185": 22,
    "143": 22,
    "290": 22,
    "467": 22,
    "417": 22,
    "302": 22,
    "196": 22,
    "241": 22,
    "445": 22,
    "47": 23,
    "291": 23,
    "101": 23,
    "142": 23,
    "356": 23,
    "15": 23,
    "155": 23,
    "368": 23,
    "170": 23,
    "120": 23,
    "0": 23,
    "249": 23,
    "357": 23,
    "16": 23,
    "472": 23,
    "68": 23,
    "4": 23,
    "405": 23,
    "309": 23,
    "379": 23
}