{
    "322": 0,
    "57": 0,
    "236": 0,
    "228": 0,
    "485": 0,
    "53": 0,
    "244": 0,
    "470": 0,
    "477": 0,
    "172": 0,
    "22": 0,
    "74": 0,
    "415": 0,
    "263": 0,
    "179": 0,
    "332": 0,
    "189": 0,
    "460": 0,
    "342": 0,
    "35": 0,
    "99": 0,
    "478": 0,
    "301": 0,
    "15": 0,
    "153": 0,
    "72": 1,
    "346": 1,
    "195": 1,
    "399": 1,
    "259": 1,
    "337": 1,
    "221": 1,
    "266": 1,
    "167": 1,
    "123": 1,
    "232": 1,
    "247": 1,
    "205": 1,
    "111": 1,
    "160": 1,
    "148": 1,
    "255": 1,
    "456": 1,
    "310": 1,
    "91": 1,
    "311": 1,
    "432": 1,
    "117": 1,
    "21": 1,
    "420": 1,
    "372": 2,
    "152": 2,
    "451": 2,
    "174": 2,
    "126": 2,
    "282": 2,
    "384": 2,
    "103": 2,
    "262": 2,
    "407": 2,
    "293": 2,
    "257": 2,
    "383": 2,
    "203": 2,
    "281": 2,
    "395": 2,
    "230": 2,
    "227": 2,
    "265": 2,
    "176": 2,
    "267": 2,
    "245": 2,
    "309": 2,
    "151": 2,
    "226": 2,
    "487": 3,
    "219": 3,
    "197": 3,
    "106": 3,
    "104": 3,
    "264": 3,
    "340": 3,
    "454": 3,
    "280": 3,
    "438": 3,
    "32": 3,
    "52": 3,
    "11": 3,
    "62": 3,
    "462": 3,
    "253": 3,
    "165": 3,
    "317": 3,
    "164": 3,
    "184": 3,
    "412": 3,
    "298": 3,
    "272": 3,
    "12": 3,
    "65": 3,
    "352": 4,
    "175": 4,
    "292": 4,
    "288": 4,
    "341": 4,
    "335": 4,
    "182": 4,
    "222": 4,
    "127": 4,
    "88": 4,
    "316": 4,
    "63": 4,
    "70": 4,
    "284": 4,
    "289": 4,
    "13": 4,
    "210": 4,
    "145": 4,
    "261": 4,
    "401": 4,
    "93": 4,
    "389": 4,
    "223": 4,
    "113": 4,
    "76": 4,
    "481": 5,
    "64": 5,
    "90": 5,
    "96": 5,
    "387": 5,
    "434": 5,
    "321": 5,
    "2": 5,
    "183": 5,
    "225": 5,
    "473": 5,
    "398": 5,
    "421": 5,
    "436": 5,
    "448": 5,
    "304": 5,
    "423": 5,
    "209": 5,
    "9": 5,
    "18": 5,
    "330": 5,
    "150": 5,
    "366": 5,
    "237": 5,
    "69": 5,
    "300": 6,
    "373": 6,
    "97": 6,
    "87": 6,
    "173": 6,
    "17": 6,
    "66": 6,
    "428": 6,
    "56": 6,
    "273": 6,
    "240": 6,
    "231": 6,
    "345": 6,
    "156": 6,
    "474": 6,
    "370": 6,
    "214": 6,
    "422": 6,
    "124": 6,
    "362": 6,
    "312": 6,
    "386": 6,
    "46": 6,
    "249": 6,
    "406": 6,
    "138": 7,
    "50": 7,
    "235": 7,
    "353": 7,
    "313": 7,
    "44": 7,
    "139": 7,
    "207": 7,
    "468": 7,
    "404": 7,
    "390": 7,
    "339": 7,
    "299": 7,
    "239": 7,
    "252": 7,
    "324": 7,
    "77": 7,
    "234": 7,
    "171": 7,
    "348": 7,
    "380": 7,
    "131": 7,
    "109": 7,
    "291": 7,
    "364": 7,
    "198": 8,
    "51": 8,
    "425": 8,
    "166": 8,
    "86": 8,
    "112": 8,
    "449": 8,
    "418": 8,
    "42": 8,
    "347": 8,
    "437": 8,
    "382": 8,
    "325": 8,
    "254": 8,
    "479": 8,
    "180": 8,
    "149": 8,
    "19": 8,
    "349": 8,
    "119": 8,
    "444": 8,
    "385": 8,
    "461": 8,
    "1": 8,
    "38": 8,
    "306": 9,
    "276": 9,
    "251": 9,
    "295": 9,
    "71": 9,
    "94": 9,
    "132": 9,
    "314": 9,
    "30": 9,
    "331": 9,
    "344": 9,
    "268": 9,
    "187": 9,
    "45": 9,
    "396": 9,
    "229": 9,
    "270": 9,
    "161": 9,
    "181": 9,
    "118": 9,
    "486": 9,
    "100": 9,
    "278": 9,
    "213": 9,
    "29": 9,
    "242": 10,
    "285": 10,
    "206": 10,
    "67": 10,
    "162": 10,
    "402": 10,
    "238": 10,
    "286": 10,
    "54": 10,
    "39": 10,
    "158": 10,
    "146": 10,
    "200": 10,
    "343": 10,
    "20": 10,
    "326": 10,
    "5": 10,
    "409": 10,
    "283": 10,
    "208": 10,
    "23": 10,
    "157": 10,
    "81": 10,
    "465": 10,
    "192": 10,
    "135": 11,
    "463": 11,
    "333": 11,
    "108": 11,
    "141": 11,
    "201": 11,
    "78": 11,
    "397": 11,
    "426": 11,
    "110": 11,
    "483": 11,
    "360": 11,
    "367": 11,
    "427": 11,
    "116": 11,
    "365": 11,
    "107": 11,
    "199": 11,
    "476": 11,
    "177": 11,
    "408": 11,
    "28": 11,
    "419": 11,
    "121": 11,
    "98": 11,
    "378": 12,
    "27": 12,
    "315": 12,
    "275": 12,
    "416": 12,
    "212": 12,
    "193": 12,
    "24": 12,
    "216": 12,
    "403": 12,
    "125": 12,
    "369": 12,
    "256": 12,
    "60": 12,
    "277": 12,
    "376": 12,
    "114": 12,
    "371": 12,
    "217": 12,
    "358": 12,
    "80": 12,
    "411": 12,
    "296": 12,
    "218": 12,
    "287": 12,
    "215": 13,
    "393": 13,
    "159": 13,
    "168": 13,
    "455": 13,
    "329": 13,
    "6": 13,
    "424": 13,
    "303": 13,
    "450": 13,
    "169": 13,
    "336": 13,
    "58": 13,
    "3": 13,
    "59": 13,
    "355": 13,
    "147": 13,
    "392": 13,
    "435": 13,
    "202": 13,
    "431": 13,
    "307": 13,
    "79": 13,
    "34": 13,
    "469": 13,
    "375": 14,
    "129": 14,
    "391": 14,
    "328": 14,
    "350": 14,
    "134": 14,
    "136": 14,
    "186": 14,
    "381": 14,
    "7": 14,
    "319": 14,
    "133": 14,
    "178": 14,
    "308": 14,
    "154": 14,
    "363": 14,
    "323": 14,
    "318": 14,
    "359": 14,
    "82": 14,
    "10": 14,
    "394": 14,
    "246": 14,
    "334": 14,
    "354": 14,
    "84": 15,
    "447": 15,
    "243": 15,
    "8": 15,
    "458": 15,
    "43": 15,
    "188": 15,
    "122": 15,
    "31": 15,
    "36": 15,
    "258": 15,
    "115": 15,
    "433": 15,
    "443": 15,
    "374": 15,
    "413": 15,
    "137": 15,
    "144": 15,
    "459": 15,
    "452": 15,
    "274": 15,
    "361": 15,
    "429": 15,
    "37": 15,
    "430": 15,
    "475": 16,
    "457": 16,
    "194": 16,
    "294": 16,
    "414": 16,
    "453": 16,
    "305": 16,
    "250": 16,
    "130": 16,
    "83": 16,
    "441": 16,
    "224": 16,
    "351": 16,
    "484": 16,
    "471": 16,
    "439": 16,
    "211": 16,
    "73": 16,
    "480": 16,
    "241": 16,
    "49": 16,
    "233": 16,
    "26": 16,
    "377": 16,
    "25": 16,
    "95": 17,
    "191": 17,
    "482": 17,
    "279": 17,
    "140": 17,
    "440": 17,
    "102": 17,
    "464": 17,
    "269": 17,
    "89": 17,
    "48": 17,
    "40": 17,
    "327": 17,
    "163": 17,
    "260": 17,
    "204": 17,
    "297": 17,
    "320": 17,
    "190": 17,
    "410": 17,
    "446": 17,
    "85": 17,
    "220": 17,
    "33": 17,
    "75": 17
}