{
    "322": 0,
    "57": 0,
    "236": 0,
    "228": 0,
    "485": 0,
    "72": 1,
    "346": 1,
    "195": 1,
    "399": 1,
    "259": 1,
    "372": 2,
    "470": 2,
    "152": 2,
    "99": 2,
    "451": 2,
    "487": 3,
    "219": 3,
    "197": 3,
    "106": 3,
    "104": 3,
    "477": 4,
    "340": 4,
    "335": 4,
    "263": 4,
    "281": 4,
    "352": 5,
    "175": 5,
    "52": 5,
    "262": 5,
    "292": 5,
    "300": 6,
    "172": 6,
    "454": 6,
    "373": 6,
    "97": 6,
    "481": 7,
    "64": 7,
    "90": 7,
    "76": 7,
    "96": 7,
    "198": 8,
    "288": 8,
    "51": 8,
    "165": 8,
    "17": 8,
    "138": 9,
    "50": 9,
    "332": 9,
    "235": 9,
    "401": 9,
    "306": 10,
    "18": 10,
    "12": 10,
    "272": 10,
    "293": 10,
    "84": 11,
    "1": 11,
    "447": 11,
    "463": 11,
    "221": 11,
    "242": 12,
    "253": 12,
    "184": 12,
    "93": 12,
    "62": 12,
    "135": 13,
    "407": 13,
    "119": 13,
    "333": 13,
    "182": 13,
    "378": 14,
    "267": 14,
    "370": 14,
    "127": 14,
    "176": 14,
    "215": 15,
    "434": 15,
    "177": 15,
    "225": 15,
    "324": 15,
    "375": 16,
    "316": 16,
    "240": 16,
    "113": 16,
    "404": 16,
    "105": 17,
    "319": 17,
    "107": 17,
    "299": 17,
    "448": 17,
    "53": 18,
    "226": 18,
    "353": 18,
    "227": 18,
    "275": 18,
    "95": 19,
    "437": 19,
    "214": 19,
    "145": 19,
    "183": 19,
    "475": 20,
    "457": 20,
    "178": 20,
    "139": 20,
    "154": 20,
    "342": 21,
    "66": 21,
    "38": 21,
    "343": 21,
    "98": 21,
    "244": 22,
    "468": 22,
    "268": 22,
    "465": 22,
    "339": 22,
    "442": 23,
    "150": 23,
    "44": 23,
    "223": 23,
    "295": 23,
    "478": 24,
    "252": 24,
    "71": 24,
    "312": 24,
    "367": 24,
    "14": 25,
    "317": 25,
    "298": 25,
    "289": 25,
    "461": 25,
    "74": 26,
    "414": 26,
    "80": 26,
    "311": 26,
    "348": 26,
    "271": 27,
    "390": 27,
    "238": 27,
    "382": 27,
    "325": 27,
    "35": 28,
    "360": 28,
    "387": 28,
    "63": 28,
    "30": 28,
    "174": 29,
    "314": 29,
    "247": 29,
    "234": 29,
    "270": 29,
    "368": 30,
    "337": 30,
    "420": 30,
    "251": 30,
    "91": 30,
    "415": 31,
    "112": 31,
    "146": 31,
    "158": 31,
    "208": 31,
    "384": 32,
    "132": 32,
    "277": 32,
    "286": 32,
    "398": 32,
    "41": 33,
    "131": 33,
    "344": 33,
    "213": 33,
    "123": 33,
    "282": 34,
    "326": 34,
    "364": 34,
    "283": 34,
    "109": 34,
    "444": 35,
    "428": 35,
    "436": 35,
    "162": 35,
    "56": 35,
    "179": 36,
    "207": 36,
    "167": 36,
    "304": 36,
    "310": 36,
    "230": 37,
    "232": 37,
    "21": 37,
    "181": 37,
    "473": 37,
    "301": 38,
    "210": 38,
    "284": 38,
    "363": 38,
    "86": 38,
    "155": 39,
    "124": 39,
    "161": 39,
    "330": 39,
    "386": 39,
    "92": 40,
    "39": 40,
    "45": 40,
    "362": 40,
    "117": 40,
    "47": 41,
    "3": 41,
    "287": 41,
    "393": 41,
    "355": 41,
    "460": 42,
    "203": 42,
    "313": 42,
    "421": 42,
    "94": 42,
    "405": 43,
    "111": 43,
    "237": 43,
    "205": 43,
    "148": 43,
    "309": 44,
    "79": 44,
    "200": 44,
    "423": 44,
    "486": 44,
    "400": 45,
    "347": 45,
    "389": 45,
    "81": 45,
    "462": 45,
    "22": 46,
    "156": 46,
    "365": 46,
    "149": 46,
    "206": 46,
    "15": 47,
    "419": 47,
    "278": 47,
    "369": 47,
    "5": 47,
    "55": 48,
    "257": 48,
    "171": 48,
    "456": 48,
    "408": 48,
    "231": 49,
    "358": 49,
    "255": 49,
    "273": 49,
    "380": 49,
    "474": 50,
    "406": 50,
    "20": 50,
    "266": 50,
    "476": 50,
    "170": 51,
    "60": 51,
    "376": 51,
    "147": 51,
    "114": 51,
    "153": 52,
    "409": 52,
    "129": 52,
    "160": 52,
    "345": 52,
    "249": 53,
    "192": 53,
    "9": 53,
    "396": 53,
    "100": 53,
    "357": 54,
    "46": 54,
    "77": 54,
    "403": 54,
    "366": 54,
    "388": 55,
    "54": 55,
    "254": 55,
    "341": 55,
    "218": 55,
    "128": 56,
    "391": 56,
    "82": 56,
    "141": 56,
    "28": 56,
    "0": 57,
    "187": 57,
    "229": 57,
    "159": 57,
    "424": 57,
    "120": 58,
    "217": 58,
    "350": 58,
    "110": 58,
    "239": 58,
    "68": 59,
    "186": 59,
    "31": 59,
    "122": 59,
    "209": 59,
    "189": 60,
    "212": 60,
    "256": 60,
    "435": 60,
    "427": 60,
    "4": 61,
    "137": 61,
    "48": 61,
    "89": 61,
    "374": 61,
    "280": 62,
    "402": 62,
    "432": 62,
    "296": 62,
    "11": 62,
    "472": 63,
    "361": 63,
    "133": 63,
    "381": 63,
    "7": 63,
    "356": 64,
    "125": 64,
    "24": 64,
    "58": 64,
    "193": 64,
    "379": 65,
    "371": 65,
    "118": 65,
    "431": 65,
    "411": 65,
    "466": 66,
    "70": 66,
    "201": 66,
    "307": 66,
    "134": 66,
    "445": 67,
    "422": 67,
    "455": 67,
    "450": 67,
    "469": 67,
    "302": 68,
    "426": 68,
    "349": 68,
    "458": 68,
    "29": 68,
    "291": 69,
    "36": 69,
    "394": 69,
    "10": 69,
    "199": 69,
    "142": 70,
    "336": 70,
    "121": 70,
    "303": 70,
    "34": 70,
    "61": 71,
    "329": 71,
    "392": 71,
    "6": 71,
    "69": 71,
    "101": 72,
    "318": 72,
    "359": 72,
    "354": 72,
    "308": 72,
    "196": 73,
    "315": 73,
    "188": 73,
    "416": 73,
    "425": 73,
    "143": 74,
    "43": 74,
    "334": 74,
    "397": 74,
    "433": 74,
    "16": 75,
    "144": 75,
    "395": 75,
    "115": 75,
    "216": 75,
    "222": 76,
    "418": 76,
    "261": 76,
    "164": 76,
    "19": 76,
    "233": 77,
    "429": 77,
    "250": 77,
    "258": 77,
    "351": 77,
    "265": 78,
    "67": 78,
    "276": 78,
    "13": 78,
    "385": 78,
    "417": 79,
    "452": 79,
    "88": 79,
    "8": 79,
    "246": 79,
    "338": 80,
    "279": 80,
    "108": 80,
    "116": 80,
    "27": 80,
    "2": 81,
    "73": 81,
    "202": 81,
    "443": 81,
    "274": 81,
    "65": 82,
    "166": 82,
    "438": 82,
    "23": 82,
    "180": 82,
    "241": 83,
    "136": 83,
    "194": 83,
    "83": 83,
    "471": 83,
    "173": 84,
    "323": 84,
    "459": 84,
    "87": 84,
    "328": 84,
    "290": 85,
    "59": 85,
    "441": 85,
    "168": 85,
    "37": 85,
    "248": 86,
    "49": 86,
    "224": 86,
    "211": 86,
    "482": 86,
    "220": 87,
    "191": 87,
    "243": 87,
    "430": 87,
    "464": 87,
    "151": 88,
    "25": 88,
    "269": 88,
    "440": 88,
    "480": 88,
    "42": 89,
    "413": 89,
    "157": 89,
    "479": 89,
    "264": 89,
    "412": 90,
    "78": 90,
    "285": 90,
    "331": 90,
    "130": 90,
    "33": 91,
    "190": 91,
    "102": 91,
    "377": 91,
    "383": 91,
    "75": 92,
    "439": 92,
    "305": 92,
    "245": 92,
    "321": 92,
    "467": 93,
    "169": 93,
    "85": 93,
    "453": 93,
    "103": 93,
    "294": 94,
    "26": 94,
    "484": 94,
    "327": 94,
    "297": 94,
    "204": 95,
    "140": 95,
    "32": 95,
    "320": 95,
    "163": 95
}