{
    "322": 0,
    "57": 0,
    "236": 0,
    "228": 0,
    "485": 0,
    "53": 0,
    "244": 0,
    "470": 0,
    "72": 1,
    "346": 1,
    "195": 1,
    "399": 1,
    "259": 1,
    "337": 1,
    "221": 1,
    "266": 1,
    "372": 2,
    "152": 2,
    "99": 2,
    "451": 2,
    "174": 2,
    "478": 2,
    "263": 2,
    "126": 2,
    "487": 3,
    "219": 3,
    "197": 3,
    "106": 3,
    "104": 3,
    "264": 3,
    "340": 3,
    "262": 3,
    "477": 4,
    "335": 4,
    "281": 4,
    "13": 4,
    "294": 4,
    "12": 4,
    "332": 4,
    "62": 4,
    "352": 5,
    "175": 5,
    "52": 5,
    "292": 5,
    "288": 5,
    "341": 5,
    "182": 5,
    "257": 5,
    "300": 6,
    "172": 6,
    "454": 6,
    "373": 6,
    "97": 6,
    "87": 6,
    "11": 6,
    "173": 6,
    "481": 7,
    "64": 7,
    "90": 7,
    "76": 7,
    "96": 7,
    "387": 7,
    "434": 7,
    "321": 7,
    "198": 8,
    "51": 8,
    "165": 8,
    "17": 8,
    "438": 8,
    "280": 8,
    "164": 8,
    "184": 8,
    "138": 9,
    "50": 9,
    "235": 9,
    "401": 9,
    "421": 9,
    "353": 9,
    "313": 9,
    "226": 9,
    "306": 10,
    "18": 10,
    "272": 10,
    "293": 10,
    "324": 10,
    "276": 10,
    "225": 10,
    "251": 10,
    "84": 11,
    "1": 11,
    "447": 11,
    "463": 11,
    "158": 11,
    "86": 11,
    "364": 11,
    "145": 11,
    "242": 12,
    "253": 12,
    "93": 12,
    "390": 12,
    "183": 12,
    "317": 12,
    "289": 12,
    "462": 12,
    "135": 13,
    "407": 13,
    "119": 13,
    "333": 13,
    "316": 13,
    "237": 13,
    "370": 13,
    "409": 13,
    "378": 14,
    "267": 14,
    "127": 14,
    "176": 14,
    "162": 14,
    "461": 14,
    "56": 14,
    "382": 14,
    "215": 15,
    "177": 15,
    "393": 15,
    "218": 15,
    "123": 15,
    "232": 15,
    "404": 15,
    "423": 15,
    "375": 16,
    "240": 16,
    "113": 16,
    "436": 16,
    "345": 16,
    "283": 16,
    "63": 16,
    "343": 16,
    "105": 17,
    "319": 17,
    "107": 17,
    "299": 17,
    "448": 17,
    "398": 17,
    "129": 17,
    "358": 17,
    "475": 18,
    "457": 18,
    "178": 18,
    "139": 18,
    "154": 18,
    "194": 18,
    "161": 18,
    "310": 18,
    "342": 19,
    "66": 19,
    "38": 19,
    "98": 19,
    "330": 19,
    "311": 19,
    "109": 19,
    "7": 19,
    "442": 20,
    "268": 20,
    "150": 20,
    "44": 20,
    "223": 20,
    "295": 20,
    "30": 20,
    "94": 20,
    "271": 21,
    "298": 21,
    "238": 21,
    "325": 21,
    "54": 21,
    "67": 21,
    "349": 21,
    "39": 21,
    "74": 22,
    "468": 22,
    "414": 22,
    "80": 22,
    "348": 22,
    "381": 22,
    "350": 22,
    "367": 22,
    "95": 23,
    "437": 23,
    "214": 23,
    "206": 23,
    "406": 23,
    "339": 23,
    "476": 23,
    "255": 23,
    "14": 24,
    "234": 24,
    "286": 24,
    "326": 24,
    "270": 24,
    "285": 24,
    "362": 24,
    "203": 24,
    "41": 25,
    "131": 25,
    "344": 25,
    "132": 25,
    "213": 25,
    "111": 25,
    "456": 25,
    "205": 25,
    "35": 26,
    "360": 26,
    "275": 26,
    "428": 26,
    "216": 26,
    "46": 26,
    "134": 26,
    "77": 26,
    "230": 27,
    "21": 27,
    "181": 27,
    "473": 27,
    "117": 27,
    "171": 27,
    "420": 27,
    "91": 27,
    "368": 28,
    "329": 28,
    "29": 28,
    "124": 28,
    "229": 28,
    "103": 28,
    "247": 28,
    "167": 28,
    "415": 29,
    "112": 29,
    "146": 29,
    "208": 29,
    "426": 29,
    "397": 29,
    "141": 29,
    "207": 29,
    "384": 30,
    "277": 30,
    "252": 30,
    "200": 30,
    "192": 30,
    "10": 30,
    "28": 30,
    "380": 30,
    "22": 31,
    "45": 31,
    "347": 31,
    "156": 31,
    "365": 31,
    "149": 31,
    "114": 31,
    "58": 31,
    "282": 32,
    "5": 32,
    "239": 32,
    "469": 32,
    "3": 32,
    "441": 32,
    "186": 32,
    "403": 32,
    "444": 33,
    "371": 33,
    "20": 33,
    "9": 33,
    "273": 33,
    "100": 33,
    "418": 33,
    "416": 33,
    "179": 34,
    "312": 34,
    "304": 34,
    "278": 34,
    "419": 34,
    "159": 34,
    "210": 34,
    "88": 34,
    "155": 35,
    "386": 35,
    "24": 35,
    "303": 35,
    "160": 35,
    "287": 35,
    "148": 35,
    "212": 35,
    "301": 36,
    "284": 36,
    "363": 36,
    "81": 36,
    "71": 36,
    "70": 36,
    "391": 36,
    "217": 36,
    "309": 37,
    "79": 37,
    "486": 37,
    "366": 37,
    "424": 37,
    "455": 37,
    "314": 37,
    "376": 37,
    "92": 38,
    "422": 38,
    "254": 38,
    "389": 38,
    "465": 38,
    "435": 38,
    "118": 38,
    "147": 38,
    "47": 39,
    "355": 39,
    "250": 39,
    "60": 39,
    "31": 39,
    "133": 39,
    "394": 39,
    "408": 39,
    "460": 40,
    "432": 40,
    "27": 40,
    "261": 40,
    "336": 40,
    "296": 40,
    "125": 40,
    "110": 40,
    "405": 41,
    "452": 41,
    "450": 41,
    "187": 41,
    "431": 41,
    "193": 41,
    "82": 41,
    "199": 41,
    "55": 42,
    "6": 42,
    "396": 42,
    "427": 42,
    "411": 42,
    "392": 42,
    "369": 42,
    "136": 42,
    "400": 43,
    "307": 43,
    "201": 43,
    "315": 43,
    "108": 43,
    "458": 43,
    "402": 43,
    "359": 43,
    "15": 44,
    "256": 44,
    "374": 44,
    "318": 44,
    "34": 44,
    "115": 44,
    "36": 44,
    "429": 44,
    "388": 45,
    "425": 45,
    "385": 45,
    "8": 45,
    "209": 45,
    "191": 45,
    "308": 45,
    "188": 45,
    "231": 46,
    "19": 46,
    "471": 46,
    "258": 46,
    "361": 46,
    "354": 46,
    "459": 46,
    "137": 46,
    "68": 47,
    "122": 47,
    "83": 47,
    "25": 47,
    "89": 47,
    "351": 47,
    "480": 47,
    "43": 47,
    "474": 48,
    "479": 48,
    "121": 48,
    "69": 48,
    "413": 48,
    "78": 48,
    "116": 48,
    "334": 48,
    "170": 49,
    "224": 49,
    "246": 49,
    "433": 49,
    "464": 49,
    "443": 49,
    "144": 49,
    "73": 49,
    "153": 50,
    "395": 50,
    "168": 50,
    "440": 50,
    "37": 50,
    "166": 50,
    "227": 50,
    "377": 50,
    "249": 51,
    "202": 51,
    "482": 51,
    "248": 51,
    "157": 51,
    "323": 51,
    "23": 51,
    "274": 51,
    "357": 52,
    "439": 52,
    "151": 52,
    "59": 52,
    "48": 52,
    "102": 52,
    "180": 52,
    "430": 52,
    "466": 53,
    "243": 53,
    "163": 53,
    "269": 53,
    "245": 53,
    "449": 53,
    "211": 53,
    "383": 53,
    "128": 54,
    "328": 54,
    "190": 54,
    "483": 54,
    "130": 54,
    "16": 54,
    "279": 54,
    "220": 54,
    "0": 55,
    "49": 55,
    "331": 55,
    "327": 55,
    "305": 55,
    "185": 55,
    "484": 55,
    "291": 55,
    "189": 56,
    "32": 56,
    "412": 56,
    "265": 56,
    "65": 56,
    "75": 56,
    "42": 56,
    "338": 56,
    "4": 57,
    "33": 57,
    "26": 57,
    "241": 57,
    "467": 57,
    "140": 57,
    "297": 57,
    "85": 57,
    "302": 58,
    "320": 58,
    "204": 58,
    "40": 58,
    "453": 58,
    "260": 58,
    "446": 58,
    "410": 58,
    "120": 59,
    "169": 59,
    "356": 59,
    "101": 59,
    "142": 59,
    "417": 59,
    "233": 59,
    "290": 59
}