{
    "413": 0,
    "479": 0,
    "67": 0,
    "297": 0,
    "287": 0,
    "607": 0,
    "63": 0,
    "560": 0,
    "306": 0,
    "589": 0,
    "598": 0,
    "218": 0,
    "88": 1,
    "441": 1,
    "244": 1,
    "507": 1,
    "323": 1,
    "477": 1,
    "126": 1,
    "430": 1,
    "280": 1,
    "332": 1,
    "213": 1,
    "292": 1,
    "473": 2,
    "198": 2,
    "131": 2,
    "569": 2,
    "262": 2,
    "220": 2,
    "599": 2,
    "329": 2,
    "165": 2,
    "356": 2,
    "488": 2,
    "136": 2,
    "609": 3,
    "278": 3,
    "246": 3,
    "140": 3,
    "138": 3,
    "330": 3,
    "433": 3,
    "327": 3,
    "572": 3,
    "351": 3,
    "550": 3,
    "40": 3,
    "447": 4,
    "221": 4,
    "62": 4,
    "368": 4,
    "364": 4,
    "434": 4,
    "427": 4,
    "75": 4,
    "229": 4,
    "321": 4,
    "592": 4,
    "281": 4,
    "605": 5,
    "253": 5,
    "444": 5,
    "398": 5,
    "109": 5,
    "192": 5,
    "82": 5,
    "580": 5,
    "369": 5,
    "66": 5,
    "556": 5,
    "496": 5,
    "379": 6,
    "474": 6,
    "128": 6,
    "114": 6,
    "14": 6,
    "219": 6,
    "392": 6,
    "6": 6,
    "333": 6,
    "247": 6,
    "20": 6,
    "81": 6,
    "602": 7,
    "78": 7,
    "267": 7,
    "117": 7,
    "411": 7,
    "95": 7,
    "127": 7,
    "493": 7,
    "179": 7,
    "546": 7,
    "328": 7,
    "408": 7,
    "273": 8,
    "424": 8,
    "353": 8,
    "285": 8,
    "360": 8,
    "143": 8,
    "33": 8,
    "584": 8,
    "541": 8,
    "16": 8,
    "238": 8,
    "212": 8,
    "317": 9,
    "232": 9,
    "64": 9,
    "581": 9,
    "525": 9,
    "230": 9,
    "489": 9,
    "432": 9,
    "460": 9,
    "271": 9,
    "299": 9,
    "132": 9,
    "248": 10,
    "61": 10,
    "211": 10,
    "465": 10,
    "210": 10,
    "72": 10,
    "377": 10,
    "122": 10,
    "536": 10,
    "29": 10,
    "118": 10,
    "291": 10,
    "181": 11,
    "194": 11,
    "60": 11,
    "296": 11,
    "509": 11,
    "15": 11,
    "531": 11,
    "448": 11,
    "395": 11,
    "71": 11,
    "38": 11,
    "148": 11,
    "104": 12,
    "240": 12,
    "600": 12,
    "486": 12,
    "147": 12,
    "365": 12,
    "342": 12,
    "316": 12,
    "151": 12,
    "416": 12,
    "130": 12,
    "189": 12,
    "386": 13,
    "22": 13,
    "453": 13,
    "415": 13,
    "347": 13,
    "284": 13,
    "314": 13,
    "74": 13,
    "144": 13,
    "259": 13,
    "80": 13,
    "373": 13,
    "304": 14,
    "406": 14,
    "399": 14,
    "335": 14,
    "226": 14,
    "294": 14,
    "361": 14,
    "257": 14,
    "208": 14,
    "87": 14,
    "510": 14,
    "564": 14,
    "176": 15,
    "516": 15,
    "158": 15,
    "400": 15,
    "582": 15,
    "425": 15,
    "298": 15,
    "470": 15,
    "518": 15,
    "21": 15,
    "307": 15,
    "115": 15,
    "482": 16,
    "166": 16,
    "222": 16,
    "295": 16,
    "204": 16,
    "539": 16,
    "76": 16,
    "548": 16,
    "77": 16,
    "438": 16,
    "422": 16,
    "113": 16,
    "274": 17,
    "254": 17,
    "223": 17,
    "499": 17,
    "277": 17,
    "162": 17,
    "512": 17,
    "534": 17,
    "594": 17,
    "119": 17,
    "337": 17,
    "156": 17,
    "231": 18,
    "188": 18,
    "462": 18,
    "12": 18,
    "85": 18,
    "195": 18,
    "357": 18,
    "96": 18,
    "263": 18,
    "202": 18,
    "442": 18,
    "24": 18,
    "554": 19,
    "200": 19,
    "334": 19,
    "196": 19,
    "53": 19,
    "282": 19,
    "393": 19,
    "36": 19,
    "123": 19,
    "93": 19,
    "362": 19,
    "227": 19,
    "476": 20,
    "302": 20,
    "440": 20,
    "358": 20,
    "506": 20,
    "439": 20,
    "111": 20,
    "310": 20,
    "25": 20,
    "207": 20,
    "141": 20,
    "236": 20,
    "110": 21,
    "1": 21,
    "563": 21,
    "490": 21,
    "290": 21,
    "549": 21,
    "597": 21,
    "340": 21,
    "405": 21,
    "54": 21,
    "305": 21,
    "458": 21,
    "533": 22,
    "105": 22,
    "555": 22,
    "153": 22,
    "319": 22,
    "171": 22,
    "47": 22,
    "568": 22,
    "343": 22,
    "133": 22,
    "528": 22,
    "129": 22,
    "596": 23,
    "576": 23,
    "224": 23,
    "265": 23,
    "182": 23,
    "243": 23,
    "391": 23,
    "163": 23,
    "10": 23,
    "172": 23,
    "515": 23,
    "529": 23,
    "139": 24,
    "403": 24,
    "378": 24,
    "125": 24,
    "169": 24,
    "454": 24,
    "497": 24,
    "348": 24,
    "101": 24,
    "346": 24,
    "120": 24,
    "401": 24,
    "124": 25,
    "48": 25,
    "514": 25,
    "59": 25,
    "608": 25,
    "575": 25,
    "206": 25,
    "193": 25,
    "146": 25,
    "256": 25,
    "318": 25,
    "91": 25,
    "437": 26,
    "339": 26,
    "154": 26,
    "573": 26,
    "276": 26,
    "70": 26,
    "484": 26,
    "258": 26,
    "456": 26,
    "320": 26,
    "467": 26,
    "485": 26,
    "155": 27,
    "205": 27,
    "480": 27,
    "34": 27,
    "217": 27,
    "301": 27,
    "288": 27,
    "396": 27,
    "517": 27,
    "86": 27,
    "269": 27,
    "530": 27,
    "17": 28,
    "417": 28,
    "587": 28,
    "443": 28,
    "250": 28,
    "527": 28,
    "511": 28,
    "23": 28,
    "7": 28,
    "149": 28,
    "471": 28,
    "260": 28,
    "50": 29,
    "270": 29,
    "157": 29,
    "501": 29,
    "498": 29,
    "544": 29,
    "349": 29,
    "363": 29,
    "145": 29,
    "241": 29,
    "191": 29,
    "567": 29,
    "90": 30,
    "523": 30,
    "385": 30,
    "445": 30,
    "55": 30,
    "175": 30,
    "492": 30,
    "315": 30,
    "45": 30,
    "446": 30,
    "178": 30,
    "469": 30,
    "338": 31,
    "502": 31,
    "152": 31,
    "495": 31,
    "466": 31,
    "420": 31,
    "177": 31,
    "532": 31,
    "402": 31,
    "359": 31,
    "538": 31,
    "251": 31,
    "524": 32,
    "537": 32,
    "505": 32,
    "184": 32,
    "547": 32,
    "472": 32,
    "142": 32,
    "286": 32,
    "354": 32,
    "394": 32,
    "374": 32,
    "174": 32,
    "41": 33,
    "590": 33,
    "173": 33,
    "100": 33,
    "540": 33,
    "352": 33,
    "106": 33,
    "228": 33,
    "574": 33,
    "98": 33,
    "234": 33,
    "341": 33,
    "468": 34,
    "35": 34,
    "266": 34,
    "68": 34,
    "382": 34,
    "249": 34,
    "450": 34,
    "535": 34,
    "2": 34,
    "268": 34,
    "264": 34,
    "449": 34,
    "380": 35,
    "459": 35,
    "300": 35,
    "387": 35,
    "164": 35,
    "543": 35,
    "275": 35,
    "588": 35,
    "520": 35,
    "4": 35,
    "8": 35,
    "426": 35,
    "44": 36,
    "578": 36,
    "272": 36,
    "30": 36,
    "457": 36,
    "388": 36,
    "313": 36,
    "43": 36,
    "475": 36,
    "383": 36,
    "303": 36,
    "455": 36,
    "461": 37,
    "137": 37,
    "235": 37,
    "500": 37,
    "261": 37,
    "504": 37,
    "13": 37,
    "84": 37,
    "161": 37,
    "237": 37,
    "577": 37,
    "52": 37,
    "559": 38,
    "203": 38,
    "370": 38,
    "326": 38,
    "160": 38,
    "397": 38,
    "429": 38,
    "389": 38,
    "545": 38,
    "350": 38,
    "46": 38,
    "322": 38,
    "201": 39,
    "37": 39,
    "242": 39,
    "69": 39,
    "565": 39,
    "26": 39,
    "570": 39,
    "372": 39,
    "414": 39,
    "435": 39,
    "384": 39,
    "436": 39,
    "225": 40,
    "150": 40,
    "11": 40,
    "309": 40,
    "503": 40,
    "283": 40,
    "557": 40,
    "591": 40,
    "180": 40,
    "214": 40,
    "558": 40,
    "423": 40,
    "289": 41,
    "187": 41,
    "571": 41,
    "421": 41,
    "167": 41,
    "308": 41,
    "89": 41,
    "344": 41,
    "553": 41,
    "28": 41,
    "58": 41,
    "412": 41,
    "121": 42,
    "552": 42,
    "404": 42,
    "521": 42,
    "428": 42,
    "252": 42,
    "170": 42,
    "108": 42,
    "603": 42,
    "31": 42,
    "551": 42,
    "97": 42,
    "56": 43,
    "601": 43,
    "375": 43,
    "371": 43,
    "464": 43,
    "410": 43,
    "116": 43,
    "92": 43,
    "583": 43,
    "215": 43,
    "135": 43,
    "39": 43,
    "27": 44,
    "463": 44,
    "418": 44,
    "481": 44,
    "107": 44,
    "190": 44,
    "542": 44,
    "419": 44,
    "79": 44,
    "9": 44,
    "336": 44,
    "51": 44,
    "18": 45,
    "239": 45,
    "57": 45,
    "233": 45,
    "519": 45,
    "293": 45,
    "491": 45,
    "586": 45,
    "606": 45,
    "99": 45,
    "42": 45,
    "487": 45,
    "390": 46,
    "197": 46,
    "32": 46,
    "345": 46,
    "311": 46,
    "522": 46,
    "94": 46,
    "3": 46,
    "49": 46,
    "478": 46,
    "331": 46,
    "367": 46,
    "508": 47,
    "604": 47,
    "209": 47,
    "566": 47,
    "255": 47,
    "562": 47,
    "183": 47,
    "407": 47,
    "245": 47,
    "19": 47,
    "376": 47,
    "103": 47,
    "102": 48,
    "279": 48,
    "325": 48,
    "112": 48,
    "526": 48,
    "186": 48,
    "431": 48,
    "483": 48,
    "366": 48,
    "381": 48,
    "409": 48,
    "73": 48,
    "216": 49,
    "451": 49,
    "134": 49,
    "185": 49,
    "0": 49,
    "159": 49,
    "324": 49,
    "593": 49,
    "312": 49,
    "5": 49,
    "83": 49,
    "585": 49
}