{
    "413": 0,
    "479": 0,
    "67": 0,
    "297": 0,
    "287": 0,
    "607": 0,
    "63": 0,
    "560": 0,
    "306": 0,
    "589": 0,
    "598": 0,
    "218": 0,
    "27": 0,
    "90": 0,
    "524": 0,
    "88": 1,
    "441": 1,
    "244": 1,
    "507": 1,
    "323": 1,
    "477": 1,
    "126": 1,
    "430": 1,
    "280": 1,
    "332": 1,
    "213": 1,
    "292": 1,
    "162": 1,
    "310": 1,
    "256": 1,
    "473": 2,
    "198": 2,
    "131": 2,
    "569": 2,
    "262": 2,
    "220": 2,
    "599": 2,
    "329": 2,
    "165": 2,
    "356": 2,
    "488": 2,
    "136": 2,
    "327": 2,
    "516": 2,
    "592": 2,
    "609": 3,
    "278": 3,
    "246": 3,
    "140": 3,
    "138": 3,
    "330": 3,
    "433": 3,
    "572": 3,
    "351": 3,
    "550": 3,
    "40": 3,
    "62": 3,
    "14": 3,
    "75": 3,
    "581": 3,
    "447": 4,
    "221": 4,
    "368": 4,
    "364": 4,
    "434": 4,
    "427": 4,
    "229": 4,
    "321": 4,
    "281": 4,
    "166": 4,
    "115": 4,
    "210": 4,
    "398": 4,
    "375": 4,
    "77": 4,
    "605": 5,
    "253": 5,
    "444": 5,
    "109": 5,
    "192": 5,
    "82": 5,
    "580": 5,
    "369": 5,
    "66": 5,
    "556": 5,
    "496": 5,
    "143": 5,
    "16": 5,
    "512": 5,
    "442": 5,
    "379": 6,
    "474": 6,
    "128": 6,
    "114": 6,
    "219": 6,
    "392": 6,
    "6": 6,
    "333": 6,
    "247": 6,
    "20": 6,
    "81": 6,
    "353": 6,
    "290": 6,
    "360": 6,
    "238": 6,
    "602": 7,
    "78": 7,
    "267": 7,
    "117": 7,
    "411": 7,
    "95": 7,
    "127": 7,
    "493": 7,
    "179": 7,
    "546": 7,
    "328": 7,
    "408": 7,
    "265": 7,
    "3": 7,
    "206": 7,
    "273": 8,
    "424": 8,
    "285": 8,
    "33": 8,
    "584": 8,
    "541": 8,
    "212": 8,
    "111": 8,
    "148": 8,
    "394": 8,
    "260": 8,
    "60": 8,
    "130": 8,
    "346": 8,
    "378": 8,
    "317": 9,
    "232": 9,
    "64": 9,
    "525": 9,
    "230": 9,
    "489": 9,
    "432": 9,
    "460": 9,
    "271": 9,
    "299": 9,
    "132": 9,
    "486": 9,
    "448": 9,
    "564": 9,
    "208": 9,
    "248": 10,
    "61": 10,
    "211": 10,
    "465": 10,
    "72": 10,
    "377": 10,
    "122": 10,
    "536": 10,
    "29": 10,
    "118": 10,
    "291": 10,
    "79": 10,
    "365": 10,
    "316": 10,
    "440": 10,
    "181": 11,
    "194": 11,
    "296": 11,
    "509": 11,
    "15": 11,
    "531": 11,
    "395": 11,
    "71": 11,
    "38": 11,
    "22": 11,
    "53": 11,
    "182": 11,
    "258": 11,
    "587": 11,
    "197": 11,
    "104": 12,
    "240": 12,
    "600": 12,
    "147": 12,
    "342": 12,
    "151": 12,
    "416": 12,
    "189": 12,
    "236": 12,
    "294": 12,
    "188": 12,
    "307": 12,
    "337": 12,
    "343": 12,
    "470": 12,
    "386": 13,
    "453": 13,
    "415": 13,
    "347": 13,
    "284": 13,
    "314": 13,
    "74": 13,
    "144": 13,
    "259": 13,
    "80": 13,
    "373": 13,
    "530": 13,
    "254": 13,
    "568": 13,
    "315": 13,
    "304": 14,
    "406": 14,
    "399": 14,
    "335": 14,
    "226": 14,
    "361": 14,
    "257": 14,
    "87": 14,
    "510": 14,
    "362": 14,
    "549": 14,
    "196": 14,
    "295": 14,
    "539": 14,
    "548": 14,
    "176": 15,
    "158": 15,
    "400": 15,
    "582": 15,
    "425": 15,
    "298": 15,
    "518": 15,
    "21": 15,
    "142": 15,
    "184": 15,
    "251": 15,
    "222": 15,
    "156": 15,
    "123": 15,
    "204": 15,
    "482": 16,
    "76": 16,
    "438": 16,
    "422": 16,
    "113": 16,
    "105": 16,
    "538": 16,
    "23": 16,
    "119": 16,
    "417": 16,
    "397": 16,
    "300": 16,
    "358": 16,
    "48": 16,
    "47": 16,
    "274": 17,
    "223": 17,
    "499": 17,
    "277": 17,
    "534": 17,
    "594": 17,
    "250": 17,
    "59": 17,
    "193": 17,
    "217": 17,
    "515": 17,
    "282": 17,
    "86": 17,
    "146": 17,
    "506": 17,
    "231": 18,
    "462": 18,
    "12": 18,
    "85": 18,
    "195": 18,
    "357": 18,
    "96": 18,
    "263": 18,
    "202": 18,
    "24": 18,
    "164": 18,
    "25": 18,
    "172": 18,
    "597": 18,
    "547": 18,
    "554": 19,
    "200": 19,
    "334": 19,
    "393": 19,
    "36": 19,
    "93": 19,
    "227": 19,
    "101": 19,
    "241": 19,
    "573": 19,
    "207": 19,
    "129": 19,
    "467": 19,
    "391": 19,
    "120": 19,
    "476": 20,
    "302": 20,
    "439": 20,
    "141": 20,
    "528": 20,
    "339": 20,
    "320": 20,
    "456": 20,
    "288": 20,
    "275": 20,
    "125": 20,
    "55": 20,
    "502": 20,
    "171": 20,
    "145": 20,
    "110": 21,
    "1": 21,
    "563": 21,
    "490": 21,
    "340": 21,
    "405": 21,
    "54": 21,
    "305": 21,
    "458": 21,
    "319": 21,
    "472": 21,
    "514": 21,
    "555": 21,
    "157": 21,
    "91": 21,
    "139": 22,
    "403": 22,
    "169": 22,
    "497": 22,
    "454": 22,
    "529": 22,
    "348": 22,
    "401": 22,
    "385": 22,
    "511": 22,
    "133": 22,
    "34": 22,
    "301": 22,
    "35": 22,
    "175": 22,
    "533": 23,
    "153": 23,
    "484": 23,
    "154": 23,
    "495": 23,
    "517": 23,
    "544": 23,
    "590": 23,
    "363": 23,
    "349": 23,
    "480": 23,
    "163": 23,
    "276": 23,
    "575": 23,
    "70": 23,
    "596": 24,
    "576": 24,
    "224": 24,
    "243": 24,
    "10": 24,
    "492": 24,
    "396": 24,
    "354": 24,
    "382": 24,
    "235": 24,
    "214": 24,
    "7": 24,
    "449": 24,
    "420": 24,
    "383": 24,
    "437": 25,
    "485": 25,
    "388": 25,
    "178": 25,
    "608": 25,
    "43": 25,
    "374": 25,
    "242": 25,
    "45": 25,
    "191": 25,
    "268": 25,
    "469": 25,
    "269": 25,
    "149": 25,
    "234": 25,
    "17": 26,
    "443": 26,
    "527": 26,
    "471": 26,
    "318": 26,
    "552": 26,
    "445": 26,
    "412": 26,
    "177": 26,
    "203": 26,
    "13": 26,
    "535": 26,
    "466": 26,
    "429": 26,
    "402": 26,
    "50": 27,
    "270": 27,
    "501": 27,
    "498": 27,
    "567": 27,
    "137": 27,
    "500": 27,
    "359": 27,
    "574": 27,
    "2": 27,
    "261": 27,
    "237": 27,
    "106": 27,
    "174": 27,
    "205": 27,
    "468": 28,
    "266": 28,
    "68": 28,
    "249": 28,
    "450": 28,
    "264": 28,
    "30": 28,
    "588": 28,
    "370": 28,
    "69": 28,
    "520": 28,
    "215": 28,
    "414": 28,
    "532": 28,
    "543": 28,
    "124": 29,
    "387": 29,
    "8": 29,
    "504": 29,
    "505": 29,
    "537": 29,
    "577": 29,
    "341": 29,
    "52": 29,
    "84": 29,
    "160": 29,
    "326": 29,
    "426": 29,
    "100": 29,
    "152": 29,
    "338": 30,
    "28": 30,
    "97": 30,
    "459": 30,
    "4": 30,
    "522": 30,
    "322": 30,
    "46": 30,
    "161": 30,
    "309": 30,
    "325": 30,
    "455": 30,
    "421": 30,
    "423": 30,
    "272": 30,
    "41": 31,
    "173": 31,
    "540": 31,
    "352": 31,
    "228": 31,
    "98": 31,
    "37": 31,
    "446": 31,
    "565": 31,
    "591": 31,
    "410": 31,
    "180": 31,
    "523": 31,
    "457": 31,
    "108": 31,
    "44": 32,
    "578": 32,
    "313": 32,
    "475": 32,
    "303": 32,
    "92": 32,
    "463": 32,
    "558": 32,
    "116": 32,
    "283": 32,
    "557": 32,
    "286": 32,
    "553": 32,
    "11": 32,
    "150": 32,
    "461": 33,
    "252": 33,
    "570": 33,
    "89": 33,
    "545": 33,
    "344": 33,
    "503": 33,
    "187": 33,
    "372": 33,
    "428": 33,
    "190": 33,
    "435": 33,
    "107": 33,
    "436": 33,
    "308": 33,
    "380": 34,
    "604": 34,
    "419": 34,
    "481": 34,
    "551": 34,
    "9": 34,
    "542": 34,
    "389": 34,
    "583": 34,
    "26": 34,
    "57": 34,
    "31": 34,
    "487": 34,
    "418": 34,
    "239": 34,
    "201": 35,
    "384": 35,
    "371": 35,
    "464": 35,
    "170": 35,
    "58": 35,
    "571": 35,
    "601": 35,
    "167": 35,
    "603": 35,
    "606": 35,
    "39": 35,
    "135": 35,
    "336": 35,
    "32": 35,
    "225": 36,
    "404": 36,
    "99": 36,
    "350": 36,
    "233": 36,
    "199": 36,
    "94": 36,
    "279": 36,
    "42": 36,
    "519": 36,
    "491": 36,
    "521": 36,
    "478": 36,
    "134": 36,
    "407": 36,
    "289": 37,
    "345": 37,
    "112": 37,
    "376": 37,
    "49": 37,
    "586": 37,
    "311": 37,
    "409": 37,
    "83": 37,
    "526": 37,
    "366": 37,
    "331": 37,
    "183": 37,
    "367": 37,
    "566": 37,
    "155": 38,
    "293": 38,
    "324": 38,
    "562": 38,
    "73": 38,
    "209": 38,
    "255": 38,
    "390": 38,
    "186": 38,
    "19": 38,
    "103": 38,
    "51": 38,
    "185": 38,
    "56": 38,
    "355": 38,
    "559": 39,
    "431": 39,
    "494": 39,
    "245": 39,
    "381": 39,
    "579": 39,
    "483": 39,
    "508": 39,
    "595": 39,
    "121": 39,
    "585": 39,
    "451": 39,
    "561": 39,
    "452": 39,
    "593": 39
}