{
    "413": 0,
    "479": 0,
    "67": 0,
    "297": 0,
    "287": 0,
    "607": 0,
    "63": 0,
    "560": 0,
    "306": 0,
    "589": 0,
    "598": 0,
    "218": 0,
    "27": 0,
    "90": 0,
    "524": 0,
    "329": 0,
    "225": 0,
    "424": 0,
    "238": 0,
    "355": 0,
    "88": 1,
    "441": 1,
    "244": 1,
    "507": 1,
    "323": 1,
    "477": 1,
    "126": 1,
    "430": 1,
    "280": 1,
    "332": 1,
    "213": 1,
    "292": 1,
    "162": 1,
    "310": 1,
    "256": 1,
    "328": 1,
    "146": 1,
    "206": 1,
    "193": 1,
    "319": 1,
    "473": 2,
    "198": 2,
    "131": 2,
    "569": 2,
    "262": 2,
    "220": 2,
    "599": 2,
    "165": 2,
    "356": 2,
    "488": 2,
    "136": 2,
    "327": 2,
    "516": 2,
    "592": 2,
    "369": 2,
    "321": 2,
    "155": 2,
    "487": 2,
    "411": 2,
    "253": 2,
    "609": 3,
    "278": 3,
    "246": 3,
    "140": 3,
    "138": 3,
    "330": 3,
    "433": 3,
    "572": 3,
    "351": 3,
    "550": 3,
    "40": 3,
    "62": 3,
    "14": 3,
    "75": 3,
    "581": 3,
    "316": 3,
    "211": 3,
    "399": 3,
    "210": 3,
    "232": 3,
    "447": 4,
    "221": 4,
    "368": 4,
    "364": 4,
    "434": 4,
    "427": 4,
    "229": 4,
    "281": 4,
    "166": 4,
    "115": 4,
    "398": 4,
    "375": 4,
    "77": 4,
    "21": 4,
    "76": 4,
    "85": 4,
    "360": 4,
    "15": 4,
    "365": 4,
    "377": 4,
    "605": 5,
    "444": 5,
    "109": 5,
    "192": 5,
    "82": 5,
    "580": 5,
    "66": 5,
    "556": 5,
    "496": 5,
    "143": 5,
    "16": 5,
    "512": 5,
    "442": 5,
    "358": 5,
    "448": 5,
    "300": 5,
    "230": 5,
    "406": 5,
    "362": 5,
    "53": 5,
    "379": 6,
    "474": 6,
    "128": 6,
    "114": 6,
    "219": 6,
    "392": 6,
    "6": 6,
    "333": 6,
    "247": 6,
    "20": 6,
    "81": 6,
    "353": 6,
    "290": 6,
    "29": 6,
    "539": 6,
    "343": 6,
    "302": 6,
    "291": 6,
    "148": 6,
    "222": 6,
    "602": 7,
    "78": 7,
    "267": 7,
    "117": 7,
    "95": 7,
    "127": 7,
    "493": 7,
    "179": 7,
    "546": 7,
    "408": 7,
    "265": 7,
    "3": 7,
    "284": 7,
    "594": 7,
    "506": 7,
    "266": 7,
    "531": 7,
    "548": 7,
    "564": 7,
    "383": 7,
    "273": 8,
    "285": 8,
    "33": 8,
    "584": 8,
    "541": 8,
    "212": 8,
    "111": 8,
    "394": 8,
    "260": 8,
    "60": 8,
    "130": 8,
    "346": 8,
    "378": 8,
    "504": 8,
    "331": 8,
    "453": 8,
    "449": 8,
    "552": 8,
    "87": 8,
    "315": 8,
    "317": 9,
    "64": 9,
    "525": 9,
    "489": 9,
    "432": 9,
    "460": 9,
    "271": 9,
    "299": 9,
    "132": 9,
    "486": 9,
    "208": 9,
    "25": 9,
    "122": 9,
    "151": 9,
    "80": 9,
    "236": 9,
    "257": 9,
    "470": 9,
    "1": 9,
    "549": 9,
    "248": 10,
    "61": 10,
    "465": 10,
    "72": 10,
    "536": 10,
    "118": 10,
    "79": 10,
    "440": 10,
    "113": 10,
    "147": 10,
    "566": 10,
    "527": 10,
    "51": 10,
    "153": 10,
    "416": 10,
    "318": 10,
    "600": 10,
    "188": 10,
    "226": 10,
    "195": 10,
    "181": 11,
    "194": 11,
    "296": 11,
    "509": 11,
    "395": 11,
    "71": 11,
    "38": 11,
    "22": 11,
    "182": 11,
    "258": 11,
    "587": 11,
    "197": 11,
    "385": 11,
    "422": 11,
    "301": 11,
    "415": 11,
    "96": 11,
    "163": 11,
    "294": 11,
    "393": 11,
    "104": 12,
    "240": 12,
    "342": 12,
    "189": 12,
    "307": 12,
    "337": 12,
    "250": 12,
    "495": 12,
    "438": 12,
    "361": 12,
    "420": 12,
    "514": 12,
    "462": 12,
    "202": 12,
    "412": 12,
    "204": 12,
    "458": 12,
    "54": 12,
    "400": 12,
    "203": 12,
    "386": 13,
    "347": 13,
    "314": 13,
    "74": 13,
    "144": 13,
    "259": 13,
    "373": 13,
    "530": 13,
    "254": 13,
    "568": 13,
    "59": 13,
    "86": 13,
    "345": 13,
    "119": 13,
    "217": 13,
    "171": 13,
    "123": 13,
    "172": 13,
    "575": 13,
    "396": 13,
    "304": 14,
    "335": 14,
    "510": 14,
    "196": 14,
    "295": 14,
    "334": 14,
    "48": 14,
    "443": 14,
    "24": 14,
    "417": 14,
    "207": 14,
    "7": 14,
    "518": 14,
    "227": 14,
    "471": 14,
    "156": 14,
    "177": 14,
    "28": 14,
    "105": 14,
    "502": 14,
    "176": 15,
    "158": 15,
    "582": 15,
    "425": 15,
    "298": 15,
    "142": 15,
    "184": 15,
    "251": 15,
    "405": 15,
    "391": 15,
    "97": 15,
    "354": 15,
    "505": 15,
    "490": 15,
    "263": 15,
    "537": 15,
    "145": 15,
    "590": 15,
    "47": 15,
    "91": 15,
    "482": 16,
    "538": 16,
    "23": 16,
    "397": 16,
    "129": 16,
    "467": 16,
    "36": 16,
    "125": 16,
    "597": 16,
    "528": 16,
    "573": 16,
    "242": 16,
    "268": 16,
    "30": 16,
    "241": 16,
    "275": 16,
    "511": 16,
    "164": 16,
    "55": 16,
    "469": 16,
    "274": 17,
    "223": 17,
    "499": 17,
    "277": 17,
    "534": 17,
    "515": 17,
    "282": 17,
    "35": 17,
    "249": 17,
    "363": 17,
    "270": 17,
    "517": 17,
    "288": 17,
    "466": 17,
    "205": 17,
    "349": 17,
    "149": 17,
    "456": 17,
    "544": 17,
    "34": 17,
    "231": 18,
    "12": 18,
    "357": 18,
    "547": 18,
    "555": 18,
    "426": 18,
    "459": 18,
    "93": 18,
    "480": 18,
    "326": 18,
    "608": 18,
    "472": 18,
    "141": 18,
    "374": 18,
    "484": 18,
    "387": 18,
    "429": 18,
    "169": 18,
    "402": 18,
    "191": 18,
    "554": 19,
    "200": 19,
    "101": 19,
    "120": 19,
    "529": 19,
    "224": 19,
    "339": 19,
    "320": 19,
    "567": 19,
    "178": 19,
    "454": 19,
    "133": 19,
    "497": 19,
    "175": 19,
    "348": 19,
    "269": 19,
    "276": 19,
    "403": 19,
    "154": 19,
    "68": 19,
    "476": 20,
    "439": 20,
    "8": 20,
    "286": 20,
    "370": 20,
    "70": 20,
    "419": 20,
    "445": 20,
    "501": 20,
    "450": 20,
    "272": 20,
    "588": 20,
    "234": 20,
    "485": 20,
    "535": 20,
    "10": 20,
    "382": 20,
    "157": 20,
    "173": 20,
    "388": 20,
    "110": 21,
    "563": 21,
    "340": 21,
    "305": 21,
    "359": 21,
    "574": 21,
    "174": 21,
    "137": 21,
    "532": 21,
    "235": 21,
    "543": 21,
    "11": 21,
    "498": 21,
    "2": 21,
    "520": 21,
    "577": 21,
    "160": 21,
    "500": 21,
    "106": 21,
    "341": 21,
    "533": 22,
    "45": 22,
    "4": 22,
    "322": 22,
    "43": 22,
    "13": 22,
    "401": 22,
    "100": 22,
    "455": 22,
    "52": 22,
    "84": 22,
    "237": 22,
    "261": 22,
    "228": 22,
    "578": 22,
    "565": 22,
    "492": 22,
    "150": 22,
    "475": 22,
    "161": 22,
    "596": 23,
    "576": 23,
    "243": 23,
    "214": 23,
    "371": 23,
    "523": 23,
    "69": 23,
    "309": 23,
    "464": 23,
    "37": 23,
    "436": 23,
    "180": 23,
    "545": 23,
    "571": 23,
    "99": 23,
    "384": 23,
    "313": 23,
    "540": 23,
    "570": 23,
    "457": 23,
    "139": 24,
    "591": 24,
    "435": 24,
    "108": 24,
    "601": 24,
    "446": 24,
    "26": 24,
    "503": 24,
    "583": 24,
    "98": 24,
    "410": 24,
    "372": 24,
    "421": 24,
    "428": 24,
    "308": 24,
    "352": 24,
    "557": 24,
    "116": 24,
    "283": 24,
    "463": 24,
    "124": 25,
    "152": 25,
    "389": 25,
    "522": 25,
    "252": 25,
    "89": 25,
    "187": 25,
    "344": 25,
    "404": 25,
    "414": 25,
    "542": 25,
    "107": 25,
    "46": 25,
    "603": 25,
    "350": 25,
    "183": 25,
    "9": 25,
    "190": 25,
    "135": 25,
    "558": 25,
    "437": 26,
    "92": 26,
    "481": 26,
    "551": 26,
    "336": 26,
    "264": 26,
    "239": 26,
    "31": 26,
    "57": 26,
    "39": 26,
    "418": 26,
    "491": 26,
    "303": 26,
    "604": 26,
    "606": 26,
    "519": 26,
    "233": 26,
    "553": 26,
    "255": 26,
    "407": 26,
    "468": 27,
    "215": 27,
    "167": 27,
    "58": 27,
    "170": 27,
    "367": 27,
    "56": 27,
    "134": 27,
    "311": 27,
    "293": 27,
    "423": 27,
    "586": 27,
    "526": 27,
    "94": 27,
    "201": 27,
    "409": 27,
    "376": 27,
    "366": 27,
    "185": 27,
    "112": 27,
    "17": 28,
    "521": 28,
    "325": 28,
    "49": 28,
    "209": 28,
    "431": 28,
    "32": 28,
    "579": 28,
    "585": 28,
    "42": 28,
    "494": 28,
    "186": 28,
    "279": 28,
    "595": 28,
    "245": 28,
    "103": 28,
    "73": 28,
    "478": 28,
    "199": 28,
    "381": 28,
    "50": 29,
    "562": 29,
    "324": 29,
    "561": 29,
    "19": 29,
    "312": 29,
    "593": 29,
    "5": 29,
    "451": 29,
    "83": 29,
    "159": 29,
    "18": 29,
    "452": 29,
    "483": 29,
    "216": 29,
    "0": 29,
    "513": 29,
    "65": 29,
    "168": 29,
    "289": 29
}