{
    "413": 0,
    "479": 0,
    "67": 0,
    "297": 0,
    "287": 0,
    "607": 0,
    "63": 0,
    "560": 0,
    "306": 0,
    "589": 0,
    "598": 0,
    "218": 0,
    "27": 0,
    "90": 0,
    "524": 0,
    "329": 0,
    "225": 0,
    "424": 0,
    "238": 0,
    "355": 0,
    "579": 0,
    "437": 0,
    "44": 0,
    "131": 0,
    "599": 0,
    "88": 1,
    "441": 1,
    "244": 1,
    "507": 1,
    "323": 1,
    "477": 1,
    "126": 1,
    "430": 1,
    "280": 1,
    "332": 1,
    "213": 1,
    "292": 1,
    "162": 1,
    "310": 1,
    "256": 1,
    "328": 1,
    "146": 1,
    "206": 1,
    "193": 1,
    "319": 1,
    "80": 1,
    "405": 1,
    "575": 1,
    "391": 1,
    "119": 1,
    "473": 2,
    "198": 2,
    "569": 2,
    "262": 2,
    "220": 2,
    "165": 2,
    "356": 2,
    "488": 2,
    "136": 2,
    "327": 2,
    "516": 2,
    "592": 2,
    "369": 2,
    "321": 2,
    "155": 2,
    "487": 2,
    "411": 2,
    "253": 2,
    "143": 2,
    "353": 2,
    "503": 2,
    "99": 2,
    "289": 2,
    "286": 2,
    "331": 2,
    "609": 3,
    "278": 3,
    "246": 3,
    "140": 3,
    "138": 3,
    "330": 3,
    "433": 3,
    "572": 3,
    "351": 3,
    "550": 3,
    "40": 3,
    "62": 3,
    "14": 3,
    "75": 3,
    "581": 3,
    "316": 3,
    "211": 3,
    "399": 3,
    "210": 3,
    "232": 3,
    "465": 3,
    "333": 3,
    "521": 3,
    "377": 3,
    "342": 3,
    "447": 4,
    "221": 4,
    "368": 4,
    "364": 4,
    "434": 4,
    "427": 4,
    "229": 4,
    "281": 4,
    "166": 4,
    "115": 4,
    "398": 4,
    "375": 4,
    "77": 4,
    "21": 4,
    "76": 4,
    "85": 4,
    "360": 4,
    "15": 4,
    "365": 4,
    "16": 4,
    "263": 4,
    "188": 4,
    "326": 4,
    "509": 4,
    "122": 4,
    "605": 5,
    "444": 5,
    "109": 5,
    "192": 5,
    "82": 5,
    "580": 5,
    "66": 5,
    "556": 5,
    "496": 5,
    "512": 5,
    "442": 5,
    "358": 5,
    "448": 5,
    "300": 5,
    "230": 5,
    "406": 5,
    "362": 5,
    "53": 5,
    "295": 5,
    "486": 5,
    "250": 5,
    "548": 5,
    "415": 5,
    "71": 5,
    "189": 5,
    "379": 6,
    "474": 6,
    "128": 6,
    "114": 6,
    "219": 6,
    "392": 6,
    "6": 6,
    "247": 6,
    "20": 6,
    "81": 6,
    "290": 6,
    "29": 6,
    "539": 6,
    "343": 6,
    "302": 6,
    "291": 6,
    "148": 6,
    "222": 6,
    "440": 6,
    "202": 6,
    "595": 6,
    "470": 6,
    "307": 6,
    "493": 6,
    "271": 6,
    "602": 7,
    "78": 7,
    "267": 7,
    "117": 7,
    "95": 7,
    "127": 7,
    "179": 7,
    "546": 7,
    "408": 7,
    "265": 7,
    "3": 7,
    "284": 7,
    "594": 7,
    "506": 7,
    "266": 7,
    "531": 7,
    "564": 7,
    "383": 7,
    "534": 7,
    "261": 7,
    "530": 7,
    "132": 7,
    "22": 7,
    "12": 7,
    "422": 7,
    "273": 8,
    "285": 8,
    "33": 8,
    "584": 8,
    "541": 8,
    "212": 8,
    "111": 8,
    "394": 8,
    "260": 8,
    "60": 8,
    "130": 8,
    "346": 8,
    "378": 8,
    "504": 8,
    "453": 8,
    "449": 8,
    "552": 8,
    "87": 8,
    "315": 8,
    "462": 8,
    "123": 8,
    "587": 8,
    "38": 8,
    "55": 8,
    "93": 8,
    "317": 9,
    "64": 9,
    "525": 9,
    "489": 9,
    "432": 9,
    "460": 9,
    "299": 9,
    "208": 9,
    "25": 9,
    "151": 9,
    "236": 9,
    "257": 9,
    "1": 9,
    "549": 9,
    "48": 9,
    "113": 9,
    "54": 9,
    "204": 9,
    "144": 9,
    "24": 9,
    "152": 9,
    "203": 9,
    "147": 9,
    "417": 9,
    "59": 9,
    "248": 10,
    "61": 10,
    "72": 10,
    "536": 10,
    "118": 10,
    "79": 10,
    "566": 10,
    "527": 10,
    "51": 10,
    "153": 10,
    "416": 10,
    "318": 10,
    "600": 10,
    "226": 10,
    "195": 10,
    "23": 10,
    "158": 10,
    "559": 10,
    "555": 10,
    "495": 10,
    "514": 10,
    "463": 10,
    "47": 10,
    "337": 10,
    "393": 10,
    "181": 11,
    "194": 11,
    "296": 11,
    "395": 11,
    "182": 11,
    "258": 11,
    "197": 11,
    "385": 11,
    "301": 11,
    "96": 11,
    "163": 11,
    "294": 11,
    "217": 11,
    "443": 11,
    "484": 11,
    "171": 11,
    "367": 11,
    "373": 11,
    "499": 11,
    "339": 11,
    "100": 11,
    "172": 11,
    "371": 11,
    "450": 11,
    "511": 11,
    "104": 12,
    "240": 12,
    "438": 12,
    "361": 12,
    "420": 12,
    "412": 12,
    "458": 12,
    "400": 12,
    "335": 12,
    "347": 12,
    "538": 12,
    "105": 12,
    "471": 12,
    "510": 12,
    "522": 12,
    "298": 12,
    "597": 12,
    "472": 12,
    "227": 12,
    "425": 12,
    "518": 12,
    "214": 12,
    "459": 12,
    "156": 12,
    "350": 12,
    "386": 13,
    "314": 13,
    "74": 13,
    "259": 13,
    "254": 13,
    "568": 13,
    "86": 13,
    "345": 13,
    "396": 13,
    "515": 13,
    "36": 13,
    "423": 13,
    "439": 13,
    "334": 13,
    "235": 13,
    "288": 13,
    "501": 13,
    "282": 13,
    "207": 13,
    "157": 13,
    "608": 13,
    "532": 13,
    "133": 13,
    "349": 13,
    "270": 13,
    "304": 14,
    "196": 14,
    "7": 14,
    "177": 14,
    "28": 14,
    "502": 14,
    "241": 14,
    "125": 14,
    "68": 14,
    "445": 14,
    "467": 14,
    "35": 14,
    "528": 14,
    "492": 14,
    "573": 14,
    "547": 14,
    "145": 14,
    "149": 14,
    "529": 14,
    "277": 14,
    "403": 14,
    "141": 14,
    "456": 14,
    "466": 14,
    "101": 14,
    "176": 15,
    "582": 15,
    "142": 15,
    "184": 15,
    "251": 15,
    "97": 15,
    "354": 15,
    "505": 15,
    "490": 15,
    "537": 15,
    "590": 15,
    "91": 15,
    "604": 15,
    "9": 15,
    "357": 15,
    "249": 15,
    "154": 15,
    "223": 15,
    "517": 15,
    "34": 15,
    "160": 15,
    "129": 15,
    "4": 15,
    "8": 15,
    "387": 15,
    "482": 16,
    "397": 16,
    "242": 16,
    "268": 16,
    "30": 16,
    "275": 16,
    "164": 16,
    "469": 16,
    "320": 16,
    "70": 16,
    "348": 16,
    "120": 16,
    "480": 16,
    "276": 16,
    "454": 16,
    "520": 16,
    "370": 16,
    "374": 16,
    "363": 16,
    "429": 16,
    "106": 16,
    "402": 16,
    "205": 16,
    "269": 16,
    "588": 16,
    "274": 17,
    "544": 17,
    "574": 17,
    "535": 17,
    "382": 17,
    "567": 17,
    "359": 17,
    "84": 17,
    "215": 17,
    "137": 17,
    "69": 17,
    "174": 17,
    "191": 17,
    "498": 17,
    "252": 17,
    "543": 17,
    "43": 17,
    "2": 17,
    "426": 17,
    "224": 17,
    "237": 17,
    "500": 17,
    "421": 17,
    "309": 17,
    "11": 17,
    "231": 18,
    "169": 18,
    "497": 18,
    "401": 18,
    "577": 18,
    "340": 18,
    "13": 18,
    "46": 18,
    "418": 18,
    "234": 18,
    "10": 18,
    "175": 18,
    "578": 18,
    "455": 18,
    "341": 18,
    "161": 18,
    "52": 18,
    "431": 18,
    "228": 18,
    "485": 18,
    "150": 18,
    "414": 18,
    "388": 18,
    "322": 18,
    "457": 18,
    "554": 19,
    "200": 19,
    "178": 19,
    "45": 19,
    "565": 19,
    "545": 19,
    "272": 19,
    "570": 19,
    "98": 19,
    "591": 19,
    "173": 19,
    "435": 19,
    "243": 19,
    "576": 19,
    "313": 19,
    "540": 19,
    "283": 19,
    "37": 19,
    "558": 19,
    "264": 19,
    "475": 19,
    "352": 19,
    "446": 19,
    "344": 19,
    "31": 19,
    "476": 20,
    "419": 20,
    "551": 20,
    "523": 20,
    "26": 20,
    "108": 20,
    "372": 20,
    "542": 20,
    "410": 20,
    "389": 20,
    "519": 20,
    "557": 20,
    "89": 20,
    "553": 20,
    "428": 20,
    "167": 20,
    "94": 20,
    "180": 20,
    "601": 20,
    "187": 20,
    "92": 20,
    "135": 20,
    "107": 20,
    "170": 20,
    "481": 20,
    "110": 21,
    "563": 21,
    "305": 21,
    "279": 21,
    "562": 21,
    "583": 21,
    "603": 21,
    "336": 21,
    "190": 21,
    "39": 21,
    "183": 21,
    "404": 21,
    "407": 21,
    "483": 21,
    "116": 21,
    "57": 21,
    "255": 21,
    "209": 21,
    "308": 21,
    "491": 21,
    "239": 21,
    "436": 21,
    "376": 21,
    "103": 21,
    "49": 21,
    "533": 22,
    "233": 22,
    "585": 22,
    "508": 22,
    "58": 22,
    "464": 22,
    "384": 22,
    "32": 22,
    "42": 22,
    "606": 22,
    "19": 22,
    "381": 22,
    "325": 22,
    "112": 22,
    "245": 22,
    "311": 22,
    "478": 22,
    "593": 22,
    "366": 22,
    "571": 22,
    "134": 22,
    "303": 22,
    "494": 22,
    "586": 22,
    "199": 22,
    "596": 23,
    "293": 23,
    "83": 23,
    "201": 23,
    "451": 23,
    "56": 23,
    "468": 23,
    "409": 23,
    "216": 23,
    "526": 23,
    "18": 23,
    "390": 23,
    "0": 23,
    "185": 23,
    "513": 23,
    "312": 23,
    "159": 23,
    "324": 23,
    "452": 23,
    "561": 23,
    "65": 23,
    "73": 23,
    "41": 23,
    "186": 23,
    "5": 23
}