{
    "413": 0,
    "479": 0,
    "67": 0,
    "297": 0,
    "287": 0,
    "88": 1,
    "441": 1,
    "244": 1,
    "507": 1,
    "323": 1,
    "473": 2,
    "589": 2,
    "198": 2,
    "131": 2,
    "569": 2,
    "609": 3,
    "278": 3,
    "246": 3,
    "140": 3,
    "138": 3,
    "598": 4,
    "433": 4,
    "427": 4,
    "560": 4,
    "329": 4,
    "605": 5,
    "253": 5,
    "444": 5,
    "398": 5,
    "109": 5,
    "447": 6,
    "221": 6,
    "62": 6,
    "327": 6,
    "368": 6,
    "602": 7,
    "78": 7,
    "267": 7,
    "117": 7,
    "411": 7,
    "379": 8,
    "218": 8,
    "572": 8,
    "474": 8,
    "128": 8,
    "181": 9,
    "194": 9,
    "60": 9,
    "424": 9,
    "296": 9,
    "273": 10,
    "229": 10,
    "353": 10,
    "75": 10,
    "607": 10,
    "317": 11,
    "232": 11,
    "64": 11,
    "192": 11,
    "581": 11,
    "248": 12,
    "364": 12,
    "61": 12,
    "211": 12,
    "20": 12,
    "386": 13,
    "22": 13,
    "15": 13,
    "453": 13,
    "342": 13,
    "104": 14,
    "330": 14,
    "465": 14,
    "240": 14,
    "40": 14,
    "554": 15,
    "200": 15,
    "334": 15,
    "148": 15,
    "196": 15,
    "176": 16,
    "516": 16,
    "158": 16,
    "400": 16,
    "582": 16,
    "304": 17,
    "316": 17,
    "122": 17,
    "14": 17,
    "496": 17,
    "482": 18,
    "333": 18,
    "369": 18,
    "592": 18,
    "541": 18,
    "274": 19,
    "546": 19,
    "254": 19,
    "223": 19,
    "284": 19,
    "231": 20,
    "539": 20,
    "406": 20,
    "548": 20,
    "438": 20,
    "596": 21,
    "576": 21,
    "224": 21,
    "265": 21,
    "182": 21,
    "476": 22,
    "302": 22,
    "512": 22,
    "230": 22,
    "80": 22,
    "110": 23,
    "1": 23,
    "563": 23,
    "490": 23,
    "280": 23,
    "63": 24,
    "143": 24,
    "285": 24,
    "222": 24,
    "448": 24,
    "533": 25,
    "76": 25,
    "105": 25,
    "442": 25,
    "113": 25,
    "139": 26,
    "403": 26,
    "141": 26,
    "378": 26,
    "564": 26,
    "599": 27,
    "315": 27,
    "86": 27,
    "125": 27,
    "53": 27,
    "306": 28,
    "130": 28,
    "587": 28,
    "584": 28,
    "432": 28,
    "437": 29,
    "81": 29,
    "47": 29,
    "339": 29,
    "129": 29,
    "90": 30,
    "523": 30,
    "132": 30,
    "101": 30,
    "393": 30,
    "124": 31,
    "549": 31,
    "271": 31,
    "188": 31,
    "48": 31,
    "17": 32,
    "399": 32,
    "377": 32,
    "365": 32,
    "111": 32,
    "50": 33,
    "126": 33,
    "171": 33,
    "493": 33,
    "439": 33,
    "44": 34,
    "166": 34,
    "456": 34,
    "346": 34,
    "77": 34,
    "220": 35,
    "396": 35,
    "328": 35,
    "310": 35,
    "294": 35,
    "468": 36,
    "430": 36,
    "530": 36,
    "509": 36,
    "127": 36,
    "524": 37,
    "486": 37,
    "147": 37,
    "189": 37,
    "307": 37,
    "488": 38,
    "565": 38,
    "172": 38,
    "580": 38,
    "477": 38,
    "461": 39,
    "179": 39,
    "256": 39,
    "288": 39,
    "415": 39,
    "356": 40,
    "417": 40,
    "373": 40,
    "460": 40,
    "358": 40,
    "41": 41,
    "25": 41,
    "241": 41,
    "484": 41,
    "175": 41,
    "225": 42,
    "300": 42,
    "93": 42,
    "467": 42,
    "36": 42,
    "338": 43,
    "299": 43,
    "416": 43,
    "470": 43,
    "21": 43,
    "380": 44,
    "263": 44,
    "425": 44,
    "360": 44,
    "459": 44,
    "201": 45,
    "163": 45,
    "207": 45,
    "95": 45,
    "144": 45,
    "559": 46,
    "208": 46,
    "236": 46,
    "66": 46,
    "29": 46,
    "289": 47,
    "292": 47,
    "59": 47,
    "391": 47,
    "227": 47,
    "121": 48,
    "119": 48,
    "54": 48,
    "458": 48,
    "506": 48,
    "56": 49,
    "4": 49,
    "363": 49,
    "422": 49,
    "499": 49,
    "390": 50,
    "156": 50,
    "100": 50,
    "71": 50,
    "250": 50,
    "508": 51,
    "495": 51,
    "204": 51,
    "395": 51,
    "362": 51,
    "155": 52,
    "213": 52,
    "205": 52,
    "193": 52,
    "162": 52,
    "27": 53,
    "337": 53,
    "298": 53,
    "74": 53,
    "202": 53,
    "579": 54,
    "258": 54,
    "177": 54,
    "531": 54,
    "335": 54,
    "513": 55,
    "515": 55,
    "282": 55,
    "146": 55,
    "556": 55,
    "102": 56,
    "514": 56,
    "16": 56,
    "295": 56,
    "597": 56,
    "18": 57,
    "528": 57,
    "590": 57,
    "529": 57,
    "348": 57,
    "65": 58,
    "534": 58,
    "321": 58,
    "123": 58,
    "608": 58,
    "291": 59,
    "568": 59,
    "454": 59,
    "247": 59,
    "573": 59,
    "595": 60,
    "290": 60,
    "195": 60,
    "257": 60,
    "153": 60,
    "216": 61,
    "70": 61,
    "385": 61,
    "349": 61,
    "394": 61,
    "199": 62,
    "518": 62,
    "217": 62,
    "169": 62,
    "206": 62,
    "312": 63,
    "270": 63,
    "12": 63,
    "504": 63,
    "575": 63,
    "452": 64,
    "55": 64,
    "96": 64,
    "511": 64,
    "480": 64,
    "494": 65,
    "332": 65,
    "319": 65,
    "471": 65,
    "318": 65,
    "168": 66,
    "120": 66,
    "497": 66,
    "106": 66,
    "184": 66,
    "0": 67,
    "402": 67,
    "492": 67,
    "235": 67,
    "133": 67,
    "355": 68,
    "472": 68,
    "517": 68,
    "34": 68,
    "260": 68,
    "5": 69,
    "180": 69,
    "435": 69,
    "57": 69,
    "116": 69,
    "159": 70,
    "7": 70,
    "276": 70,
    "466": 70,
    "445": 70,
    "118": 71,
    "24": 71,
    "536": 71,
    "387": 71,
    "538": 71,
    "238": 72,
    "462": 72,
    "191": 72,
    "434": 72,
    "440": 72,
    "83": 73,
    "234": 73,
    "37": 73,
    "161": 73,
    "269": 73,
    "451": 74,
    "266": 74,
    "359": 74,
    "544": 74,
    "301": 74,
    "483": 75,
    "405": 75,
    "91": 75,
    "145": 75,
    "277": 75,
    "351": 76,
    "510": 76,
    "555": 76,
    "374": 76,
    "87": 76,
    "593": 77,
    "320": 77,
    "457": 77,
    "469": 77,
    "173": 77,
    "561": 78,
    "532": 78,
    "547": 78,
    "574": 78,
    "535": 78,
    "585": 79,
    "343": 79,
    "85": 79,
    "251": 79,
    "354": 79,
    "381": 80,
    "567": 80,
    "537": 80,
    "588": 80,
    "157": 80,
    "367": 81,
    "149": 81,
    "450": 81,
    "35": 81,
    "443": 81,
    "186": 82,
    "370": 82,
    "268": 82,
    "314": 82,
    "501": 82,
    "185": 83,
    "429": 83,
    "30": 83,
    "137": 83,
    "2": 83,
    "134": 84,
    "154": 84,
    "242": 84,
    "10": 84,
    "43": 84,
    "245": 85,
    "594": 85,
    "174": 85,
    "382": 85,
    "543": 85,
    "281": 86,
    "527": 86,
    "326": 86,
    "449": 86,
    "68": 86,
    "293": 87,
    "500": 87,
    "261": 87,
    "52": 87,
    "275": 87,
    "431": 88,
    "489": 88,
    "357": 88,
    "13": 88,
    "520": 88,
    "324": 89,
    "498": 89,
    "237": 89,
    "426": 89,
    "383": 89,
    "331": 90,
    "82": 90,
    "347": 90,
    "8": 90,
    "249": 90,
    "19": 91,
    "160": 91,
    "577": 91,
    "84": 91,
    "341": 91,
    "103": 92,
    "142": 92,
    "11": 92,
    "505": 92,
    "401": 92,
    "73": 93,
    "420": 93,
    "252": 93,
    "525": 93,
    "151": 93,
    "311": 94,
    "570": 94,
    "164": 94,
    "455": 94,
    "388": 94,
    "279": 95,
    "340": 95,
    "397": 95,
    "45": 95,
    "150": 95,
    "366": 96,
    "502": 96,
    "421": 96,
    "228": 96,
    "69": 96,
    "72": 97,
    "305": 97,
    "152": 97,
    "210": 97,
    "33": 97,
    "3": 98,
    "187": 98,
    "272": 98,
    "89": 98,
    "545": 98,
    "79": 99,
    "392": 99,
    "98": 99,
    "212": 99,
    "557": 99,
    "409": 100,
    "475": 100,
    "322": 100,
    "309": 100,
    "344": 100,
    "219": 101,
    "485": 101,
    "178": 101,
    "115": 101,
    "243": 101,
    "526": 102,
    "428": 102,
    "591": 102,
    "313": 102,
    "446": 102,
    "262": 103,
    "503": 103,
    "578": 103,
    "487": 103,
    "372": 103,
    "94": 104,
    "286": 104,
    "107": 104,
    "540": 104,
    "38": 104,
    "303": 105,
    "558": 105,
    "108": 105,
    "92": 105,
    "283": 105,
    "521": 106,
    "414": 106,
    "412": 106,
    "28": 106,
    "552": 106,
    "42": 107,
    "239": 107,
    "583": 107,
    "410": 107,
    "352": 107,
    "197": 108,
    "214": 108,
    "31": 108,
    "23": 108,
    "114": 108,
    "51": 109,
    "226": 109,
    "550": 109,
    "522": 109,
    "203": 109,
    "165": 110,
    "463": 110,
    "361": 110,
    "97": 110,
    "553": 110,
    "562": 111,
    "9": 111,
    "46": 111,
    "389": 111,
    "603": 111,
    "606": 112,
    "135": 112,
    "601": 112,
    "336": 112,
    "542": 112,
    "325": 113,
    "350": 113,
    "190": 113,
    "600": 113,
    "39": 113,
    "233": 114,
    "26": 114,
    "170": 114,
    "481": 114,
    "264": 114,
    "371": 115,
    "436": 115,
    "384": 115,
    "375": 115,
    "308": 115,
    "586": 116,
    "408": 116,
    "551": 116,
    "99": 116,
    "167": 116,
    "255": 117,
    "6": 117,
    "404": 117,
    "423": 117,
    "491": 117,
    "519": 118,
    "419": 118,
    "136": 118,
    "376": 118,
    "209": 118,
    "112": 119,
    "58": 119,
    "464": 119,
    "32": 119,
    "478": 119,
    "571": 120,
    "215": 120,
    "345": 120,
    "418": 120,
    "183": 120,
    "566": 121,
    "259": 121,
    "407": 121,
    "49": 121,
    "604": 121
}