{
    "413": 0,
    "479": 0,
    "67": 0,
    "297": 0,
    "287": 0,
    "607": 0,
    "63": 0,
    "560": 0,
    "88": 1,
    "441": 1,
    "244": 1,
    "507": 1,
    "323": 1,
    "477": 1,
    "126": 1,
    "430": 1,
    "473": 2,
    "589": 2,
    "198": 2,
    "131": 2,
    "569": 2,
    "262": 2,
    "220": 2,
    "599": 2,
    "609": 3,
    "278": 3,
    "246": 3,
    "140": 3,
    "138": 3,
    "330": 3,
    "433": 3,
    "327": 3,
    "598": 4,
    "427": 4,
    "329": 4,
    "265": 4,
    "353": 4,
    "38": 4,
    "16": 4,
    "371": 4,
    "605": 5,
    "253": 5,
    "444": 5,
    "398": 5,
    "109": 5,
    "192": 5,
    "82": 5,
    "580": 5,
    "447": 6,
    "221": 6,
    "62": 6,
    "368": 6,
    "364": 6,
    "434": 6,
    "75": 6,
    "229": 6,
    "602": 7,
    "78": 7,
    "267": 7,
    "117": 7,
    "411": 7,
    "95": 7,
    "127": 7,
    "493": 7,
    "379": 8,
    "218": 8,
    "572": 8,
    "474": 8,
    "128": 8,
    "114": 8,
    "14": 8,
    "219": 8,
    "181": 9,
    "194": 9,
    "60": 9,
    "424": 9,
    "296": 9,
    "509": 9,
    "592": 9,
    "15": 9,
    "273": 10,
    "165": 10,
    "369": 10,
    "285": 10,
    "81": 10,
    "333": 10,
    "360": 10,
    "143": 10,
    "317": 11,
    "232": 11,
    "64": 11,
    "581": 11,
    "525": 11,
    "230": 11,
    "489": 11,
    "432": 11,
    "248": 12,
    "61": 12,
    "211": 12,
    "20": 12,
    "465": 12,
    "550": 12,
    "351": 12,
    "210": 12,
    "386": 13,
    "22": 13,
    "453": 13,
    "342": 13,
    "179": 13,
    "415": 13,
    "347": 13,
    "284": 13,
    "104": 14,
    "240": 14,
    "40": 14,
    "496": 14,
    "600": 14,
    "486": 14,
    "147": 14,
    "122": 14,
    "554": 15,
    "200": 15,
    "334": 15,
    "148": 15,
    "196": 15,
    "53": 15,
    "282": 15,
    "80": 15,
    "304": 16,
    "316": 16,
    "406": 16,
    "399": 16,
    "365": 16,
    "71": 16,
    "335": 16,
    "226": 16,
    "176": 17,
    "516": 17,
    "158": 17,
    "400": 17,
    "582": 17,
    "425": 17,
    "298": 17,
    "470": 17,
    "482": 18,
    "541": 18,
    "307": 18,
    "166": 18,
    "222": 18,
    "208": 18,
    "66": 18,
    "295": 18,
    "274": 19,
    "546": 19,
    "254": 19,
    "223": 19,
    "499": 19,
    "395": 19,
    "328": 19,
    "277": 19,
    "231": 20,
    "539": 20,
    "548": 20,
    "438": 20,
    "76": 20,
    "188": 20,
    "556": 20,
    "462": 20,
    "596": 21,
    "576": 21,
    "224": 21,
    "182": 21,
    "243": 21,
    "207": 21,
    "391": 21,
    "132": 21,
    "476": 22,
    "302": 22,
    "512": 22,
    "440": 22,
    "358": 22,
    "77": 22,
    "21": 22,
    "119": 22,
    "110": 23,
    "1": 23,
    "563": 23,
    "490": 23,
    "280": 23,
    "290": 23,
    "204": 23,
    "113": 23,
    "533": 24,
    "105": 24,
    "442": 24,
    "153": 24,
    "555": 24,
    "292": 24,
    "85": 24,
    "271": 24,
    "139": 25,
    "403": 25,
    "141": 25,
    "378": 25,
    "564": 25,
    "125": 25,
    "506": 25,
    "169": 25,
    "306": 26,
    "130": 26,
    "587": 26,
    "584": 26,
    "393": 26,
    "25": 26,
    "443": 26,
    "144": 26,
    "437": 27,
    "47": 27,
    "339": 27,
    "129": 27,
    "422": 27,
    "568": 27,
    "10": 27,
    "6": 27,
    "90": 28,
    "523": 28,
    "101": 28,
    "485": 28,
    "385": 28,
    "93": 28,
    "445": 28,
    "467": 28,
    "124": 29,
    "549": 29,
    "48": 29,
    "257": 29,
    "236": 29,
    "460": 29,
    "514": 29,
    "29": 29,
    "17": 30,
    "377": 30,
    "111": 30,
    "294": 30,
    "362": 30,
    "417": 30,
    "151": 30,
    "337": 30,
    "50": 31,
    "171": 31,
    "439": 31,
    "172": 31,
    "270": 31,
    "162": 31,
    "146": 31,
    "575": 31,
    "44": 32,
    "456": 32,
    "346": 32,
    "36": 32,
    "275": 32,
    "55": 32,
    "175": 32,
    "454": 32,
    "461": 33,
    "530": 33,
    "310": 33,
    "256": 33,
    "288": 33,
    "217": 33,
    "495": 33,
    "206": 33,
    "468": 34,
    "314": 34,
    "420": 34,
    "35": 34,
    "373": 34,
    "531": 34,
    "163": 34,
    "74": 34,
    "524": 35,
    "189": 35,
    "260": 35,
    "537": 35,
    "505": 35,
    "184": 35,
    "258": 35,
    "91": 35,
    "488": 36,
    "565": 36,
    "348": 36,
    "315": 36,
    "250": 36,
    "241": 36,
    "213": 36,
    "13": 36,
    "41": 37,
    "484": 37,
    "133": 37,
    "608": 37,
    "191": 37,
    "573": 37,
    "511": 37,
    "120": 37,
    "338": 38,
    "299": 38,
    "416": 38,
    "502": 38,
    "152": 38,
    "195": 38,
    "597": 38,
    "448": 38,
    "56": 39,
    "4": 39,
    "363": 39,
    "450": 39,
    "149": 39,
    "276": 39,
    "501": 39,
    "528": 39,
    "356": 40,
    "7": 40,
    "301": 40,
    "588": 40,
    "300": 40,
    "529": 40,
    "123": 40,
    "553": 40,
    "559": 41,
    "472": 41,
    "458": 41,
    "24": 41,
    "12": 41,
    "343": 41,
    "527": 41,
    "54": 41,
    "225": 42,
    "394": 42,
    "515": 42,
    "383": 42,
    "156": 42,
    "202": 42,
    "349": 42,
    "205": 42,
    "289": 43,
    "59": 43,
    "227": 43,
    "594": 43,
    "332": 43,
    "34": 43,
    "187": 43,
    "193": 43,
    "380": 44,
    "263": 44,
    "459": 44,
    "518": 44,
    "86": 44,
    "497": 44,
    "33": 44,
    "269": 44,
    "201": 45,
    "492": 45,
    "30": 45,
    "382": 45,
    "268": 45,
    "266": 45,
    "264": 45,
    "137": 45,
    "121": 46,
    "532": 46,
    "318": 46,
    "590": 46,
    "319": 46,
    "547": 46,
    "157": 46,
    "534": 46,
    "216": 47,
    "70": 47,
    "480": 47,
    "359": 47,
    "354": 47,
    "517": 47,
    "405": 47,
    "106": 47,
    "155": 48,
    "321": 48,
    "396": 48,
    "544": 48,
    "374": 48,
    "466": 48,
    "429": 48,
    "249": 48,
    "27": 49,
    "87": 49,
    "68": 49,
    "471": 49,
    "177": 49,
    "543": 49,
    "402": 49,
    "96": 49,
    "390": 50,
    "100": 50,
    "535": 50,
    "574": 50,
    "567": 50,
    "286": 50,
    "401": 50,
    "234": 50,
    "508": 51,
    "145": 51,
    "387": 51,
    "538": 51,
    "247": 51,
    "251": 51,
    "174": 51,
    "397": 51,
    "579": 52,
    "370": 52,
    "326": 52,
    "164": 52,
    "45": 52,
    "426": 52,
    "320": 52,
    "500": 52,
    "513": 53,
    "570": 53,
    "2": 53,
    "235": 53,
    "242": 53,
    "504": 53,
    "84": 53,
    "8": 53,
    "102": 54,
    "361": 54,
    "340": 54,
    "160": 54,
    "510": 54,
    "498": 54,
    "520": 54,
    "449": 54,
    "18": 55,
    "469": 55,
    "313": 55,
    "272": 55,
    "341": 55,
    "115": 55,
    "455": 55,
    "154": 55,
    "65": 56,
    "178": 56,
    "388": 56,
    "52": 56,
    "261": 56,
    "228": 56,
    "161": 56,
    "43": 56,
    "291": 57,
    "142": 57,
    "475": 57,
    "536": 57,
    "23": 57,
    "591": 57,
    "322": 57,
    "237": 57,
    "595": 58,
    "392": 58,
    "577": 58,
    "357": 58,
    "522": 58,
    "37": 58,
    "97": 58,
    "173": 58,
    "0": 59,
    "150": 59,
    "214": 59,
    "545": 59,
    "11": 59,
    "540": 59,
    "180": 59,
    "309": 59,
    "199": 60,
    "503": 60,
    "578": 60,
    "457": 60,
    "98": 60,
    "552": 60,
    "46": 60,
    "212": 60,
    "312": 61,
    "446": 61,
    "421": 61,
    "557": 61,
    "412": 61,
    "352": 61,
    "283": 61,
    "372": 61,
    "452": 62,
    "92": 62,
    "558": 62,
    "108": 62,
    "551": 62,
    "435": 62,
    "89": 62,
    "116": 62,
    "494": 63,
    "69": 63,
    "28": 63,
    "542": 63,
    "414": 63,
    "428": 63,
    "305": 63,
    "389": 63,
    "168": 64,
    "107": 64,
    "410": 64,
    "583": 64,
    "487": 64,
    "252": 64,
    "57": 64,
    "135": 64,
    "367": 65,
    "601": 65,
    "464": 65,
    "58": 65,
    "336": 65,
    "344": 65,
    "31": 65,
    "375": 65,
    "355": 66,
    "203": 66,
    "170": 66,
    "423": 66,
    "9": 66,
    "39": 66,
    "481": 66,
    "190": 66,
    "5": 67,
    "239": 67,
    "603": 67,
    "42": 67,
    "491": 67,
    "436": 67,
    "384": 67,
    "26": 67,
    "483": 68,
    "279": 68,
    "419": 68,
    "404": 68,
    "408": 68,
    "418": 68,
    "350": 68,
    "308": 68,
    "83": 69,
    "136": 69,
    "571": 69,
    "32": 69,
    "167": 69,
    "99": 69,
    "112": 69,
    "215": 69,
    "324": 70,
    "376": 70,
    "463": 70,
    "259": 70,
    "183": 70,
    "49": 70,
    "311": 70,
    "519": 70,
    "585": 71,
    "209": 71,
    "566": 71,
    "407": 71,
    "51": 71,
    "604": 71,
    "521": 71,
    "72": 71,
    "451": 72,
    "606": 72,
    "303": 72,
    "197": 72,
    "134": 72,
    "233": 72,
    "478": 72,
    "94": 72,
    "381": 73,
    "255": 73,
    "345": 73,
    "325": 73,
    "562": 73,
    "79": 73,
    "366": 73,
    "103": 73,
    "159": 74,
    "185": 74,
    "331": 74,
    "526": 74,
    "586": 74,
    "19": 74,
    "293": 74,
    "3": 74,
    "118": 75,
    "431": 75,
    "281": 75,
    "245": 75,
    "409": 75,
    "238": 75,
    "73": 75,
    "561": 75
}