{
    "413": 0,
    "67": 0,
    "479": 0,
    "297": 0,
    "607": 0,
    "589": 0,
    "306": 0,
    "287": 0,
    "27": 0,
    "560": 0,
    "63": 0,
    "598": 0,
    "88": 1,
    "441": 1,
    "244": 1,
    "292": 1,
    "507": 1,
    "213": 1,
    "332": 1,
    "310": 1,
    "477": 1,
    "162": 1,
    "430": 1,
    "280": 1,
    "473": 2,
    "131": 2,
    "198": 2,
    "569": 2,
    "592": 2,
    "220": 2,
    "356": 2,
    "468": 2,
    "136": 2,
    "329": 2,
    "281": 2,
    "155": 2,
    "609": 3,
    "433": 3,
    "278": 3,
    "330": 3,
    "138": 3,
    "140": 3,
    "165": 3,
    "246": 3,
    "40": 3,
    "75": 3,
    "327": 3,
    "333": 3,
    "379": 4,
    "218": 4,
    "474": 4,
    "20": 4,
    "427": 4,
    "114": 4,
    "62": 4,
    "166": 4,
    "424": 4,
    "81": 4,
    "247": 4,
    "307": 4,
    "605": 5,
    "300": 5,
    "222": 5,
    "369": 5,
    "444": 5,
    "109": 5,
    "358": 5,
    "192": 5,
    "143": 5,
    "448": 5,
    "294": 5,
    "189": 5,
    "447": 6,
    "291": 6,
    "77": 6,
    "551": 6,
    "101": 6,
    "398": 6,
    "229": 6,
    "375": 6,
    "221": 6,
    "175": 6,
    "377": 6,
    "76": 6,
    "602": 7,
    "267": 7,
    "493": 7,
    "117": 7,
    "534": 7,
    "78": 7,
    "206": 7,
    "546": 7,
    "230": 7,
    "383": 7,
    "179": 7,
    "100": 7,
    "248": 8,
    "550": 8,
    "232": 8,
    "465": 8,
    "72": 8,
    "211": 8,
    "351": 8,
    "364": 8,
    "572": 8,
    "392": 8,
    "29": 8,
    "14": 8,
    "181": 9,
    "286": 9,
    "194": 9,
    "285": 9,
    "296": 9,
    "130": 9,
    "60": 9,
    "197": 9,
    "71": 9,
    "265": 9,
    "315": 9,
    "164": 9,
    "273": 10,
    "353": 10,
    "219": 10,
    "360": 10,
    "6": 10,
    "584": 10,
    "238": 10,
    "16": 10,
    "541": 10,
    "548": 10,
    "55": 10,
    "342": 10,
    "317": 11,
    "204": 11,
    "80": 11,
    "105": 11,
    "208": 11,
    "188": 11,
    "581": 11,
    "406": 11,
    "438": 11,
    "66": 11,
    "506": 11,
    "271": 11,
    "104": 12,
    "122": 12,
    "416": 12,
    "151": 12,
    "240": 12,
    "489": 12,
    "580": 12,
    "486": 12,
    "496": 12,
    "64": 12,
    "203": 12,
    "365": 12,
    "386": 13,
    "22": 13,
    "15": 13,
    "453": 13,
    "148": 13,
    "217": 13,
    "284": 13,
    "282": 13,
    "501": 13,
    "328": 13,
    "126": 13,
    "123": 13,
    "176": 14,
    "516": 14,
    "158": 14,
    "425": 14,
    "400": 14,
    "152": 14,
    "147": 14,
    "582": 14,
    "337": 14,
    "414": 14,
    "250": 14,
    "290": 14,
    "304": 15,
    "316": 15,
    "527": 15,
    "210": 15,
    "253": 15,
    "600": 15,
    "399": 15,
    "432": 15,
    "514": 15,
    "82": 15,
    "87": 15,
    "470": 15,
    "482": 16,
    "33": 16,
    "556": 16,
    "538": 16,
    "394": 16,
    "295": 16,
    "590": 16,
    "111": 16,
    "119": 16,
    "539": 16,
    "434": 16,
    "299": 16,
    "596": 17,
    "576": 17,
    "224": 17,
    "182": 17,
    "223": 17,
    "235": 17,
    "132": 17,
    "254": 17,
    "492": 17,
    "393": 17,
    "362": 17,
    "499": 17,
    "231": 18,
    "257": 18,
    "113": 18,
    "422": 18,
    "195": 18,
    "48": 18,
    "85": 18,
    "412": 18,
    "462": 18,
    "21": 18,
    "530": 18,
    "24": 18,
    "554": 19,
    "302": 19,
    "200": 19,
    "129": 19,
    "172": 19,
    "163": 19,
    "53": 19,
    "93": 19,
    "266": 19,
    "391": 19,
    "36": 19,
    "460": 19,
    "476": 20,
    "47": 20,
    "234": 20,
    "258": 20,
    "346": 20,
    "125": 20,
    "512": 20,
    "373": 20,
    "334": 20,
    "440": 20,
    "395": 20,
    "144": 20,
    "110": 21,
    "563": 21,
    "518": 21,
    "305": 21,
    "145": 21,
    "207": 21,
    "405": 21,
    "490": 21,
    "458": 21,
    "319": 21,
    "472": 21,
    "480": 21,
    "533": 22,
    "549": 22,
    "153": 22,
    "378": 22,
    "25": 22,
    "133": 22,
    "568": 22,
    "343": 22,
    "573": 22,
    "442": 22,
    "298": 22,
    "555": 22,
    "274": 23,
    "277": 23,
    "509": 23,
    "256": 23,
    "323": 23,
    "59": 23,
    "35": 23,
    "288": 23,
    "396": 23,
    "564": 23,
    "594": 23,
    "420": 23,
    "437": 24,
    "456": 24,
    "154": 24,
    "339": 24,
    "484": 24,
    "54": 24,
    "128": 24,
    "388": 24,
    "349": 24,
    "169": 24,
    "529": 24,
    "96": 24,
    "124": 25,
    "318": 25,
    "156": 25,
    "495": 25,
    "608": 25,
    "1": 25,
    "171": 25,
    "146": 25,
    "236": 25,
    "251": 25,
    "597": 25,
    "191": 25,
    "599": 26,
    "415": 26,
    "86": 26,
    "321": 26,
    "30": 26,
    "184": 26,
    "515": 26,
    "528": 26,
    "374": 26,
    "269": 26,
    "38": 26,
    "467": 26,
    "139": 27,
    "511": 27,
    "403": 27,
    "120": 27,
    "10": 27,
    "7": 27,
    "141": 27,
    "497": 27,
    "115": 27,
    "106": 27,
    "588": 27,
    "348": 27,
    "17": 28,
    "74": 28,
    "510": 28,
    "417": 28,
    "443": 28,
    "196": 28,
    "301": 28,
    "402": 28,
    "531": 28,
    "385": 28,
    "466": 28,
    "361": 28,
    "41": 29,
    "587": 29,
    "241": 29,
    "13": 29,
    "454": 29,
    "591": 29,
    "320": 29,
    "45": 29,
    "173": 29,
    "341": 29,
    "544": 29,
    "335": 29,
    "90": 30,
    "523": 30,
    "445": 30,
    "469": 30,
    "313": 30,
    "95": 30,
    "485": 30,
    "565": 30,
    "178": 30,
    "283": 30,
    "227": 30,
    "263": 30,
    "338": 31,
    "439": 31,
    "270": 31,
    "359": 31,
    "157": 31,
    "193": 31,
    "504": 31,
    "502": 31,
    "532": 31,
    "575": 31,
    "382": 31,
    "12": 31,
    "488": 32,
    "272": 32,
    "4": 32,
    "34": 32,
    "228": 32,
    "475": 32,
    "354": 32,
    "457": 32,
    "357": 32,
    "149": 32,
    "363": 32,
    "450": 32,
    "461": 33,
    "517": 33,
    "574": 33,
    "276": 33,
    "91": 33,
    "127": 33,
    "547": 33,
    "567": 33,
    "137": 33,
    "268": 33,
    "174": 33,
    "43": 33,
    "225": 34,
    "275": 34,
    "70": 34,
    "314": 34,
    "260": 34,
    "205": 34,
    "370": 34,
    "503": 34,
    "8": 34,
    "309": 34,
    "455": 34,
    "150": 34,
    "61": 35,
    "536": 35,
    "23": 35,
    "471": 35,
    "202": 35,
    "340": 35,
    "68": 35,
    "2": 35,
    "498": 35,
    "500": 35,
    "505": 35,
    "387": 35,
    "524": 36,
    "537": 36,
    "397": 36,
    "11": 36,
    "249": 36,
    "535": 36,
    "261": 36,
    "429": 36,
    "142": 36,
    "326": 36,
    "242": 36,
    "577": 36,
    "201": 37,
    "37": 37,
    "264": 37,
    "464": 37,
    "84": 37,
    "161": 37,
    "237": 37,
    "411": 37,
    "322": 37,
    "543": 37,
    "520": 37,
    "540": 37,
    "44": 38,
    "578": 38,
    "463": 38,
    "401": 38,
    "426": 38,
    "446": 38,
    "352": 38,
    "435": 38,
    "558": 38,
    "303": 38,
    "92": 38,
    "557": 38,
    "50": 39,
    "52": 39,
    "449": 39,
    "545": 39,
    "160": 39,
    "344": 39,
    "570": 39,
    "428": 39,
    "372": 39,
    "187": 39,
    "421": 39,
    "252": 39,
    "380": 40,
    "459": 40,
    "419": 40,
    "177": 40,
    "180": 40,
    "481": 40,
    "522": 40,
    "212": 40,
    "604": 40,
    "214": 40,
    "97": 40,
    "98": 40,
    "289": 41,
    "347": 41,
    "308": 41,
    "69": 41,
    "167": 41,
    "170": 41,
    "553": 41,
    "408": 41,
    "28": 41,
    "525": 41,
    "89": 41,
    "31": 41,
    "121": 42,
    "423": 42,
    "552": 42,
    "226": 42,
    "368": 42,
    "389": 42,
    "404": 42,
    "108": 42,
    "542": 42,
    "603": 42,
    "243": 42,
    "410": 42,
    "56": 43,
    "384": 43,
    "26": 43,
    "116": 43,
    "601": 43,
    "371": 43,
    "583": 43,
    "606": 43,
    "57": 43,
    "487": 43,
    "135": 43,
    "215": 43,
    "102": 44,
    "350": 44,
    "107": 44,
    "436": 44,
    "46": 44,
    "336": 44,
    "9": 44,
    "39": 44,
    "190": 44,
    "49": 44,
    "259": 44,
    "239": 44,
    "18": 45,
    "293": 45,
    "233": 45,
    "491": 45,
    "134": 45,
    "586": 45,
    "58": 45,
    "99": 45,
    "526": 45,
    "42": 45,
    "366": 45,
    "519": 45,
    "390": 46,
    "345": 46,
    "3": 46,
    "32": 46,
    "94": 46,
    "112": 46,
    "571": 46,
    "159": 46,
    "331": 46,
    "311": 46,
    "478": 46,
    "262": 46,
    "559": 47,
    "325": 47,
    "51": 47,
    "407": 47,
    "418": 47,
    "521": 47,
    "209": 47,
    "79": 47,
    "183": 47,
    "566": 47,
    "431": 47,
    "255": 47,
    "579": 48,
    "376": 48,
    "186": 48,
    "451": 48,
    "312": 48,
    "367": 48,
    "355": 48,
    "324": 48,
    "185": 48,
    "245": 48,
    "561": 48,
    "279": 48,
    "168": 49,
    "562": 49,
    "19": 49,
    "103": 49,
    "199": 49,
    "409": 49,
    "483": 49,
    "593": 49,
    "585": 49,
    "494": 49,
    "5": 49,
    "381": 49
}