{
    "413": 0,
    "67": 0,
    "479": 0,
    "297": 0,
    "607": 0,
    "589": 0,
    "306": 0,
    "287": 0,
    "27": 0,
    "560": 0,
    "63": 0,
    "598": 0,
    "218": 0,
    "488": 0,
    "238": 0,
    "88": 1,
    "441": 1,
    "244": 1,
    "292": 1,
    "507": 1,
    "213": 1,
    "332": 1,
    "310": 1,
    "477": 1,
    "162": 1,
    "430": 1,
    "280": 1,
    "25": 1,
    "206": 1,
    "391": 1,
    "473": 2,
    "131": 2,
    "198": 2,
    "569": 2,
    "592": 2,
    "220": 2,
    "356": 2,
    "468": 2,
    "136": 2,
    "329": 2,
    "281": 2,
    "155": 2,
    "353": 2,
    "262": 2,
    "487": 2,
    "609": 3,
    "433": 3,
    "278": 3,
    "330": 3,
    "138": 3,
    "140": 3,
    "165": 3,
    "246": 3,
    "40": 3,
    "75": 3,
    "327": 3,
    "333": 3,
    "232": 3,
    "62": 3,
    "392": 3,
    "379": 4,
    "474": 4,
    "20": 4,
    "427": 4,
    "114": 4,
    "166": 4,
    "424": 4,
    "81": 4,
    "247": 4,
    "307": 4,
    "229": 4,
    "550": 4,
    "14": 4,
    "219": 4,
    "398": 4,
    "605": 5,
    "300": 5,
    "222": 5,
    "369": 5,
    "444": 5,
    "109": 5,
    "358": 5,
    "192": 5,
    "143": 5,
    "448": 5,
    "294": 5,
    "189": 5,
    "415": 5,
    "493": 5,
    "580": 5,
    "447": 6,
    "291": 6,
    "77": 6,
    "551": 6,
    "101": 6,
    "375": 6,
    "221": 6,
    "175": 6,
    "377": 6,
    "76": 6,
    "53": 6,
    "348": 6,
    "80": 6,
    "385": 6,
    "529": 6,
    "602": 7,
    "267": 7,
    "117": 7,
    "534": 7,
    "78": 7,
    "546": 7,
    "230": 7,
    "383": 7,
    "179": 7,
    "100": 7,
    "575": 7,
    "126": 7,
    "95": 7,
    "132": 7,
    "378": 7,
    "248": 8,
    "465": 8,
    "72": 8,
    "211": 8,
    "351": 8,
    "364": 8,
    "572": 8,
    "29": 8,
    "23": 8,
    "399": 8,
    "360": 8,
    "210": 8,
    "122": 8,
    "61": 8,
    "412": 8,
    "181": 9,
    "286": 9,
    "194": 9,
    "285": 9,
    "296": 9,
    "130": 9,
    "60": 9,
    "197": 9,
    "71": 9,
    "265": 9,
    "315": 9,
    "164": 9,
    "512": 9,
    "282": 9,
    "258": 9,
    "273": 10,
    "6": 10,
    "584": 10,
    "16": 10,
    "541": 10,
    "548": 10,
    "55": 10,
    "342": 10,
    "253": 10,
    "93": 10,
    "128": 10,
    "422": 10,
    "260": 10,
    "504": 10,
    "188": 10,
    "317": 11,
    "204": 11,
    "105": 11,
    "208": 11,
    "581": 11,
    "406": 11,
    "438": 11,
    "66": 11,
    "506": 11,
    "271": 11,
    "217": 11,
    "113": 11,
    "486": 11,
    "36": 11,
    "472": 11,
    "104": 12,
    "416": 12,
    "151": 12,
    "240": 12,
    "489": 12,
    "496": 12,
    "64": 12,
    "203": 12,
    "365": 12,
    "147": 12,
    "442": 12,
    "299": 12,
    "15": 12,
    "316": 12,
    "250": 12,
    "386": 13,
    "22": 13,
    "453": 13,
    "148": 13,
    "284": 13,
    "501": 13,
    "328": 13,
    "123": 13,
    "573": 13,
    "144": 13,
    "396": 13,
    "414": 13,
    "241": 13,
    "334": 13,
    "21": 13,
    "176": 14,
    "516": 14,
    "158": 14,
    "425": 14,
    "400": 14,
    "152": 14,
    "582": 14,
    "337": 14,
    "290": 14,
    "490": 14,
    "470": 14,
    "97": 14,
    "432": 14,
    "125": 14,
    "115": 14,
    "304": 15,
    "527": 15,
    "600": 15,
    "514": 15,
    "82": 15,
    "87": 15,
    "420": 15,
    "361": 15,
    "460": 15,
    "362": 15,
    "226": 15,
    "459": 15,
    "24": 15,
    "1": 15,
    "549": 15,
    "482": 16,
    "33": 16,
    "556": 16,
    "538": 16,
    "394": 16,
    "295": 16,
    "590": 16,
    "111": 16,
    "119": 16,
    "539": 16,
    "434": 16,
    "555": 16,
    "462": 16,
    "302": 16,
    "74": 16,
    "596": 17,
    "576": 17,
    "224": 17,
    "182": 17,
    "223": 17,
    "235": 17,
    "254": 17,
    "492": 17,
    "393": 17,
    "499": 17,
    "530": 17,
    "207": 17,
    "515": 17,
    "10": 17,
    "172": 17,
    "231": 18,
    "257": 18,
    "195": 18,
    "48": 18,
    "85": 18,
    "518": 18,
    "405": 18,
    "458": 18,
    "536": 18,
    "212": 18,
    "357": 18,
    "373": 18,
    "202": 18,
    "96": 18,
    "47": 18,
    "554": 19,
    "200": 19,
    "129": 19,
    "163": 19,
    "266": 19,
    "346": 19,
    "568": 19,
    "608": 19,
    "196": 19,
    "339": 19,
    "156": 19,
    "191": 19,
    "467": 19,
    "564": 19,
    "146": 19,
    "476": 20,
    "234": 20,
    "440": 20,
    "395": 20,
    "171": 20,
    "528": 20,
    "86": 20,
    "429": 20,
    "141": 20,
    "276": 20,
    "169": 20,
    "454": 20,
    "320": 20,
    "497": 20,
    "439": 20,
    "110": 21,
    "563": 21,
    "305": 21,
    "145": 21,
    "319": 21,
    "480": 21,
    "142": 21,
    "91": 21,
    "323": 21,
    "387": 21,
    "597": 21,
    "54": 21,
    "340": 21,
    "256": 21,
    "402": 21,
    "533": 22,
    "153": 22,
    "133": 22,
    "343": 22,
    "298": 22,
    "30": 22,
    "12": 22,
    "484": 22,
    "154": 22,
    "263": 22,
    "7": 22,
    "466": 22,
    "363": 22,
    "106": 22,
    "251": 22,
    "274": 23,
    "277": 23,
    "509": 23,
    "59": 23,
    "35": 23,
    "288": 23,
    "594": 23,
    "495": 23,
    "193": 23,
    "503": 23,
    "321": 23,
    "450": 23,
    "184": 23,
    "544": 23,
    "574": 23,
    "437": 24,
    "456": 24,
    "388": 24,
    "349": 24,
    "374": 24,
    "70": 24,
    "359": 24,
    "178": 24,
    "547": 24,
    "120": 24,
    "43": 24,
    "485": 24,
    "149": 24,
    "403": 24,
    "173": 24,
    "124": 25,
    "318": 25,
    "236": 25,
    "227": 25,
    "157": 25,
    "567": 25,
    "510": 25,
    "174": 25,
    "137": 25,
    "443": 25,
    "2": 25,
    "517": 25,
    "268": 25,
    "471": 25,
    "237": 25,
    "599": 26,
    "269": 26,
    "38": 26,
    "270": 26,
    "8": 26,
    "205": 26,
    "301": 26,
    "445": 26,
    "13": 26,
    "469": 26,
    "370": 26,
    "511": 26,
    "314": 26,
    "500": 26,
    "372": 26,
    "139": 27,
    "588": 27,
    "535": 27,
    "587": 27,
    "475": 27,
    "4": 27,
    "426": 27,
    "565": 27,
    "37": 27,
    "531": 27,
    "401": 27,
    "68": 27,
    "457": 27,
    "34": 27,
    "313": 27,
    "90": 28,
    "523": 28,
    "591": 28,
    "45": 28,
    "283": 28,
    "228": 28,
    "558": 28,
    "540": 28,
    "322": 28,
    "242": 28,
    "384": 28,
    "446": 28,
    "352": 28,
    "116": 28,
    "583": 28,
    "338": 29,
    "502": 29,
    "532": 29,
    "382": 29,
    "177": 29,
    "335": 29,
    "505": 29,
    "127": 29,
    "354": 29,
    "498": 29,
    "525": 29,
    "417": 29,
    "543": 29,
    "577": 29,
    "84": 29,
    "17": 30,
    "272": 30,
    "160": 30,
    "275": 30,
    "552": 30,
    "463": 30,
    "449": 30,
    "341": 30,
    "455": 30,
    "520": 30,
    "326": 30,
    "249": 30,
    "309": 30,
    "52": 30,
    "11": 30,
    "41": 31,
    "98": 31,
    "410": 31,
    "108": 31,
    "243": 31,
    "161": 31,
    "261": 31,
    "135": 31,
    "428": 31,
    "180": 31,
    "601": 31,
    "578": 31,
    "435": 31,
    "557": 31,
    "603": 31,
    "44": 32,
    "303": 32,
    "92": 32,
    "368": 32,
    "553": 32,
    "150": 32,
    "57": 32,
    "545": 32,
    "347": 32,
    "481": 32,
    "537": 32,
    "214": 32,
    "239": 32,
    "69": 32,
    "542": 32,
    "461": 33,
    "252": 33,
    "397": 33,
    "421": 33,
    "570": 33,
    "187": 33,
    "408": 33,
    "344": 33,
    "167": 33,
    "89": 33,
    "411": 33,
    "308": 33,
    "107": 33,
    "389": 33,
    "190": 33,
    "524": 34,
    "522": 34,
    "9": 34,
    "279": 34,
    "419": 34,
    "46": 34,
    "28": 34,
    "209": 34,
    "562": 34,
    "26": 34,
    "51": 34,
    "423": 34,
    "103": 34,
    "31": 34,
    "19": 34,
    "201": 35,
    "264": 35,
    "464": 35,
    "436": 35,
    "170": 35,
    "371": 35,
    "571": 35,
    "58": 35,
    "32": 35,
    "586": 35,
    "367": 35,
    "336": 35,
    "606": 35,
    "215": 35,
    "39": 35,
    "225": 36,
    "604": 36,
    "199": 36,
    "99": 36,
    "350": 36,
    "491": 36,
    "519": 36,
    "407": 36,
    "418": 36,
    "233": 36,
    "366": 36,
    "259": 36,
    "478": 36,
    "521": 36,
    "404": 36,
    "289": 37,
    "345": 37,
    "112": 37,
    "376": 37,
    "409": 37,
    "49": 37,
    "3": 37,
    "331": 37,
    "94": 37,
    "311": 37,
    "83": 37,
    "183": 37,
    "526": 37,
    "42": 37,
    "324": 37,
    "380": 38,
    "431": 38,
    "255": 38,
    "168": 38,
    "79": 38,
    "508": 38,
    "566": 38,
    "134": 38,
    "185": 38,
    "325": 38,
    "585": 38,
    "355": 38,
    "381": 38,
    "561": 38,
    "483": 38,
    "50": 39,
    "293": 39,
    "186": 39,
    "312": 39,
    "73": 39,
    "159": 39,
    "451": 39,
    "216": 39,
    "5": 39,
    "593": 39,
    "18": 39,
    "245": 39,
    "513": 39,
    "65": 39,
    "0": 39
}