{
    "413": 0,
    "67": 0,
    "479": 0,
    "297": 0,
    "607": 0,
    "589": 0,
    "306": 0,
    "287": 0,
    "27": 0,
    "560": 0,
    "63": 0,
    "598": 0,
    "218": 0,
    "488": 0,
    "238": 0,
    "281": 0,
    "18": 0,
    "90": 0,
    "380": 0,
    "524": 0,
    "88": 1,
    "441": 1,
    "244": 1,
    "292": 1,
    "507": 1,
    "213": 1,
    "332": 1,
    "310": 1,
    "477": 1,
    "162": 1,
    "430": 1,
    "280": 1,
    "25": 1,
    "206": 1,
    "391": 1,
    "395": 1,
    "323": 1,
    "256": 1,
    "207": 1,
    "144": 1,
    "473": 2,
    "131": 2,
    "198": 2,
    "569": 2,
    "592": 2,
    "220": 2,
    "356": 2,
    "468": 2,
    "136": 2,
    "329": 2,
    "155": 2,
    "353": 2,
    "262": 2,
    "487": 2,
    "289": 2,
    "327": 2,
    "274": 2,
    "371": 2,
    "503": 2,
    "516": 2,
    "609": 3,
    "433": 3,
    "278": 3,
    "330": 3,
    "138": 3,
    "140": 3,
    "165": 3,
    "246": 3,
    "40": 3,
    "75": 3,
    "333": 3,
    "232": 3,
    "62": 3,
    "392": 3,
    "211": 3,
    "486": 3,
    "398": 3,
    "550": 3,
    "369": 3,
    "16": 3,
    "379": 4,
    "474": 4,
    "20": 4,
    "427": 4,
    "114": 4,
    "166": 4,
    "424": 4,
    "81": 4,
    "247": 4,
    "307": 4,
    "229": 4,
    "14": 4,
    "219": 4,
    "210": 4,
    "492": 4,
    "6": 4,
    "312": 4,
    "38": 4,
    "360": 4,
    "579": 4,
    "605": 5,
    "300": 5,
    "222": 5,
    "444": 5,
    "109": 5,
    "358": 5,
    "192": 5,
    "143": 5,
    "448": 5,
    "294": 5,
    "189": 5,
    "415": 5,
    "493": 5,
    "580": 5,
    "496": 5,
    "321": 5,
    "345": 5,
    "337": 5,
    "285": 5,
    "230": 5,
    "447": 6,
    "291": 6,
    "77": 6,
    "551": 6,
    "101": 6,
    "375": 6,
    "221": 6,
    "175": 6,
    "377": 6,
    "76": 6,
    "53": 6,
    "348": 6,
    "80": 6,
    "385": 6,
    "529": 6,
    "568": 6,
    "484": 6,
    "132": 6,
    "326": 6,
    "470": 6,
    "602": 7,
    "267": 7,
    "117": 7,
    "534": 7,
    "78": 7,
    "546": 7,
    "383": 7,
    "179": 7,
    "100": 7,
    "575": 7,
    "126": 7,
    "95": 7,
    "378": 7,
    "439": 7,
    "328": 7,
    "506": 7,
    "408": 7,
    "217": 7,
    "156": 7,
    "266": 7,
    "248": 8,
    "465": 8,
    "72": 8,
    "351": 8,
    "364": 8,
    "572": 8,
    "29": 8,
    "23": 8,
    "399": 8,
    "122": 8,
    "61": 8,
    "412": 8,
    "212": 8,
    "271": 8,
    "559": 8,
    "440": 8,
    "549": 8,
    "581": 8,
    "130": 8,
    "406": 8,
    "181": 9,
    "286": 9,
    "194": 9,
    "296": 9,
    "60": 9,
    "197": 9,
    "71": 9,
    "265": 9,
    "315": 9,
    "164": 9,
    "512": 9,
    "282": 9,
    "258": 9,
    "148": 9,
    "443": 9,
    "15": 9,
    "531": 9,
    "250": 9,
    "587": 9,
    "301": 9,
    "273": 10,
    "584": 10,
    "541": 10,
    "548": 10,
    "55": 10,
    "342": 10,
    "253": 10,
    "93": 10,
    "128": 10,
    "422": 10,
    "260": 10,
    "504": 10,
    "188": 10,
    "111": 10,
    "85": 10,
    "438": 10,
    "33": 10,
    "497": 10,
    "394": 10,
    "373": 10,
    "317": 11,
    "204": 11,
    "105": 11,
    "208": 11,
    "66": 11,
    "113": 11,
    "36": 11,
    "472": 11,
    "290": 11,
    "525": 11,
    "64": 11,
    "564": 11,
    "299": 11,
    "432": 11,
    "195": 11,
    "402": 11,
    "460": 11,
    "573": 11,
    "1": 11,
    "196": 11,
    "104": 12,
    "416": 12,
    "151": 12,
    "240": 12,
    "489": 12,
    "203": 12,
    "365": 12,
    "147": 12,
    "442": 12,
    "316": 12,
    "82": 12,
    "87": 12,
    "600": 12,
    "417": 12,
    "361": 12,
    "420": 12,
    "257": 12,
    "514": 12,
    "21": 12,
    "152": 12,
    "386": 13,
    "22": 13,
    "453": 13,
    "284": 13,
    "501": 13,
    "123": 13,
    "396": 13,
    "414": 13,
    "241": 13,
    "334": 13,
    "393": 13,
    "314": 13,
    "119": 13,
    "129": 13,
    "68": 13,
    "254": 13,
    "467": 13,
    "171": 13,
    "539": 13,
    "509": 13,
    "176": 14,
    "158": 14,
    "425": 14,
    "400": 14,
    "582": 14,
    "490": 14,
    "97": 14,
    "125": 14,
    "115": 14,
    "184": 14,
    "511": 14,
    "7": 14,
    "46": 14,
    "169": 14,
    "318": 14,
    "495": 14,
    "434": 14,
    "555": 14,
    "518": 14,
    "604": 14,
    "304": 15,
    "527": 15,
    "362": 15,
    "226": 15,
    "459": 15,
    "24": 15,
    "236": 15,
    "295": 15,
    "59": 15,
    "462": 15,
    "54": 15,
    "458": 15,
    "48": 15,
    "502": 15,
    "319": 15,
    "153": 15,
    "298": 15,
    "74": 15,
    "480": 15,
    "214": 15,
    "482": 16,
    "556": 16,
    "538": 16,
    "590": 16,
    "302": 16,
    "172": 16,
    "370": 16,
    "263": 16,
    "346": 16,
    "510": 16,
    "47": 16,
    "528": 16,
    "445": 16,
    "519": 16,
    "320": 16,
    "272": 16,
    "163": 16,
    "242": 16,
    "343": 16,
    "30": 16,
    "596": 17,
    "576": 17,
    "224": 17,
    "182": 17,
    "223": 17,
    "235": 17,
    "499": 17,
    "530": 17,
    "515": 17,
    "10": 17,
    "523": 17,
    "193": 17,
    "359": 17,
    "277": 17,
    "227": 17,
    "454": 17,
    "567": 17,
    "349": 17,
    "35": 17,
    "456": 17,
    "231": 18,
    "405": 18,
    "536": 18,
    "357": 18,
    "202": 18,
    "96": 18,
    "597": 18,
    "142": 18,
    "547": 18,
    "12": 18,
    "505": 18,
    "463": 18,
    "339": 18,
    "466": 18,
    "429": 18,
    "387": 18,
    "608": 18,
    "106": 18,
    "426": 18,
    "363": 18,
    "554": 19,
    "200": 19,
    "191": 19,
    "146": 19,
    "545": 19,
    "276": 19,
    "544": 19,
    "288": 19,
    "270": 19,
    "275": 19,
    "13": 19,
    "2": 19,
    "594": 19,
    "268": 19,
    "141": 19,
    "269": 19,
    "450": 19,
    "145": 19,
    "43": 19,
    "149": 19,
    "476": 20,
    "234": 20,
    "86": 20,
    "70": 20,
    "127": 20,
    "517": 20,
    "8": 20,
    "37": 20,
    "160": 20,
    "388": 20,
    "205": 20,
    "435": 20,
    "154": 20,
    "374": 20,
    "471": 20,
    "178": 20,
    "475": 20,
    "500": 20,
    "228": 20,
    "401": 20,
    "110": 21,
    "563": 21,
    "305": 21,
    "91": 21,
    "340": 21,
    "574": 21,
    "157": 21,
    "11": 21,
    "354": 21,
    "137": 21,
    "174": 21,
    "577": 21,
    "133": 21,
    "498": 21,
    "34": 21,
    "382": 21,
    "341": 21,
    "535": 21,
    "249": 21,
    "543": 21,
    "533": 22,
    "251": 22,
    "322": 22,
    "45": 22,
    "403": 22,
    "532": 22,
    "485": 22,
    "173": 22,
    "4": 22,
    "588": 22,
    "335": 22,
    "120": 22,
    "537": 22,
    "469": 22,
    "578": 22,
    "540": 22,
    "52": 22,
    "455": 22,
    "457": 22,
    "449": 22,
    "139": 23,
    "565": 23,
    "313": 23,
    "243": 23,
    "161": 23,
    "410": 23,
    "520": 23,
    "237": 23,
    "180": 23,
    "446": 23,
    "591": 23,
    "116": 23,
    "177": 23,
    "428": 23,
    "261": 23,
    "84": 23,
    "108": 23,
    "372": 23,
    "57": 23,
    "601": 23,
    "437": 24,
    "481": 24,
    "558": 24,
    "352": 24,
    "283": 24,
    "150": 24,
    "98": 24,
    "309": 24,
    "92": 24,
    "69": 24,
    "135": 24,
    "557": 24,
    "397": 24,
    "421": 24,
    "336": 24,
    "107": 24,
    "368": 24,
    "603": 24,
    "583": 24,
    "347": 24,
    "124": 25,
    "389": 25,
    "252": 25,
    "570": 25,
    "187": 25,
    "350": 25,
    "542": 25,
    "344": 25,
    "89": 25,
    "522": 25,
    "552": 25,
    "9": 25,
    "28": 25,
    "190": 25,
    "170": 25,
    "183": 25,
    "404": 25,
    "553": 25,
    "31": 25,
    "423": 25,
    "599": 26,
    "264": 26,
    "419": 26,
    "259": 26,
    "384": 26,
    "26": 26,
    "411": 26,
    "436": 26,
    "39": 26,
    "134": 26,
    "239": 26,
    "606": 26,
    "215": 26,
    "99": 26,
    "49": 26,
    "308": 26,
    "233": 26,
    "491": 26,
    "478": 26,
    "42": 26,
    "338": 27,
    "325": 27,
    "418": 27,
    "167": 27,
    "464": 27,
    "51": 27,
    "79": 27,
    "58": 27,
    "566": 27,
    "209": 27,
    "521": 27,
    "407": 27,
    "331": 27,
    "255": 27,
    "376": 27,
    "118": 27,
    "112": 27,
    "431": 27,
    "279": 27,
    "571": 27,
    "225": 28,
    "199": 28,
    "366": 28,
    "19": 28,
    "483": 28,
    "94": 28,
    "293": 28,
    "103": 28,
    "355": 28,
    "586": 28,
    "526": 28,
    "44": 28,
    "451": 28,
    "168": 28,
    "32": 28,
    "562": 28,
    "303": 28,
    "561": 28,
    "0": 28,
    "3": 28,
    "461": 29,
    "409": 29,
    "311": 29,
    "73": 29,
    "324": 29,
    "186": 29,
    "83": 29,
    "185": 29,
    "159": 29,
    "367": 29,
    "585": 29,
    "513": 29,
    "381": 29,
    "245": 29,
    "494": 29,
    "5": 29,
    "593": 29,
    "65": 29,
    "390": 29,
    "216": 29
}