{
    "413": 0,
    "67": 0,
    "479": 0,
    "297": 0,
    "607": 0,
    "589": 0,
    "306": 0,
    "287": 0,
    "27": 0,
    "560": 0,
    "63": 0,
    "598": 0,
    "218": 0,
    "488": 0,
    "238": 0,
    "281": 0,
    "18": 0,
    "90": 0,
    "380": 0,
    "524": 0,
    "433": 0,
    "44": 0,
    "437": 0,
    "225": 0,
    "353": 0,
    "88": 1,
    "441": 1,
    "244": 1,
    "292": 1,
    "507": 1,
    "213": 1,
    "332": 1,
    "310": 1,
    "477": 1,
    "162": 1,
    "430": 1,
    "280": 1,
    "25": 1,
    "206": 1,
    "391": 1,
    "395": 1,
    "323": 1,
    "256": 1,
    "207": 1,
    "144": 1,
    "319": 1,
    "80": 1,
    "328": 1,
    "156": 1,
    "298": 1,
    "473": 2,
    "131": 2,
    "198": 2,
    "569": 2,
    "592": 2,
    "220": 2,
    "356": 2,
    "468": 2,
    "136": 2,
    "329": 2,
    "155": 2,
    "262": 2,
    "487": 2,
    "289": 2,
    "327": 2,
    "274": 2,
    "371": 2,
    "503": 2,
    "516": 2,
    "321": 2,
    "300": 2,
    "384": 2,
    "222": 2,
    "165": 2,
    "576": 2,
    "609": 3,
    "278": 3,
    "330": 3,
    "138": 3,
    "140": 3,
    "246": 3,
    "40": 3,
    "75": 3,
    "333": 3,
    "232": 3,
    "62": 3,
    "392": 3,
    "211": 3,
    "486": 3,
    "398": 3,
    "550": 3,
    "369": 3,
    "16": 3,
    "307": 3,
    "210": 3,
    "316": 3,
    "21": 3,
    "365": 3,
    "465": 3,
    "559": 3,
    "379": 4,
    "474": 4,
    "20": 4,
    "427": 4,
    "114": 4,
    "166": 4,
    "424": 4,
    "81": 4,
    "247": 4,
    "229": 4,
    "14": 4,
    "219": 4,
    "492": 4,
    "6": 4,
    "312": 4,
    "38": 4,
    "360": 4,
    "579": 4,
    "77": 4,
    "128": 4,
    "343": 4,
    "29": 4,
    "130": 4,
    "572": 4,
    "302": 4,
    "605": 5,
    "444": 5,
    "109": 5,
    "358": 5,
    "192": 5,
    "143": 5,
    "448": 5,
    "294": 5,
    "189": 5,
    "415": 5,
    "493": 5,
    "580": 5,
    "496": 5,
    "345": 5,
    "337": 5,
    "285": 5,
    "230": 5,
    "82": 5,
    "74": 5,
    "299": 5,
    "217": 5,
    "164": 5,
    "556": 5,
    "406": 5,
    "197": 5,
    "447": 6,
    "291": 6,
    "551": 6,
    "101": 6,
    "375": 6,
    "221": 6,
    "175": 6,
    "377": 6,
    "76": 6,
    "53": 6,
    "348": 6,
    "385": 6,
    "529": 6,
    "568": 6,
    "484": 6,
    "132": 6,
    "326": 6,
    "470": 6,
    "346": 6,
    "68": 6,
    "517": 6,
    "573": 6,
    "54": 6,
    "378": 6,
    "282": 6,
    "602": 7,
    "267": 7,
    "117": 7,
    "534": 7,
    "78": 7,
    "546": 7,
    "383": 7,
    "179": 7,
    "100": 7,
    "575": 7,
    "126": 7,
    "95": 7,
    "439": 7,
    "506": 7,
    "408": 7,
    "266": 7,
    "354": 7,
    "284": 7,
    "196": 7,
    "411": 7,
    "146": 7,
    "119": 7,
    "4": 7,
    "193": 7,
    "548": 7,
    "248": 8,
    "72": 8,
    "351": 8,
    "364": 8,
    "23": 8,
    "399": 8,
    "122": 8,
    "61": 8,
    "412": 8,
    "212": 8,
    "271": 8,
    "440": 8,
    "549": 8,
    "581": 8,
    "64": 8,
    "208": 8,
    "416": 8,
    "66": 8,
    "536": 8,
    "407": 8,
    "290": 8,
    "51": 8,
    "494": 8,
    "495": 8,
    "111": 8,
    "181": 9,
    "286": 9,
    "194": 9,
    "296": 9,
    "60": 9,
    "71": 9,
    "265": 9,
    "315": 9,
    "512": 9,
    "258": 9,
    "148": 9,
    "443": 9,
    "15": 9,
    "531": 9,
    "250": 9,
    "587": 9,
    "301": 9,
    "426": 9,
    "509": 9,
    "362": 9,
    "335": 9,
    "393": 9,
    "341": 9,
    "182": 9,
    "422": 9,
    "273": 10,
    "584": 10,
    "541": 10,
    "55": 10,
    "342": 10,
    "253": 10,
    "93": 10,
    "260": 10,
    "504": 10,
    "188": 10,
    "85": 10,
    "438": 10,
    "33": 10,
    "497": 10,
    "394": 10,
    "373": 10,
    "123": 10,
    "125": 10,
    "442": 10,
    "87": 10,
    "184": 10,
    "462": 10,
    "459": 10,
    "235": 10,
    "564": 10,
    "317": 11,
    "204": 11,
    "105": 11,
    "113": 11,
    "36": 11,
    "472": 11,
    "525": 11,
    "432": 11,
    "195": 11,
    "402": 11,
    "460": 11,
    "1": 11,
    "400": 11,
    "417": 11,
    "236": 11,
    "86": 11,
    "555": 11,
    "147": 11,
    "597": 11,
    "172": 11,
    "202": 11,
    "539": 11,
    "254": 11,
    "288": 11,
    "129": 11,
    "104": 12,
    "151": 12,
    "240": 12,
    "489": 12,
    "203": 12,
    "600": 12,
    "361": 12,
    "420": 12,
    "257": 12,
    "514": 12,
    "152": 12,
    "350": 12,
    "318": 12,
    "527": 12,
    "48": 12,
    "158": 12,
    "347": 12,
    "434": 12,
    "226": 12,
    "458": 12,
    "295": 12,
    "214": 12,
    "538": 12,
    "414": 12,
    "24": 12,
    "386": 13,
    "22": 13,
    "453": 13,
    "501": 13,
    "396": 13,
    "241": 13,
    "334": 13,
    "314": 13,
    "467": 13,
    "171": 13,
    "532": 13,
    "59": 13,
    "270": 13,
    "127": 13,
    "339": 13,
    "374": 13,
    "608": 13,
    "530": 13,
    "141": 13,
    "370": 13,
    "191": 13,
    "35": 13,
    "7": 13,
    "227": 13,
    "91": 13,
    "176": 14,
    "425": 14,
    "582": 14,
    "490": 14,
    "97": 14,
    "115": 14,
    "511": 14,
    "46": 14,
    "169": 14,
    "518": 14,
    "604": 14,
    "142": 14,
    "9": 14,
    "145": 14,
    "553": 14,
    "263": 14,
    "234": 14,
    "405": 14,
    "357": 14,
    "96": 14,
    "320": 14,
    "251": 14,
    "12": 14,
    "475": 14,
    "429": 14,
    "304": 15,
    "502": 15,
    "153": 15,
    "480": 15,
    "515": 15,
    "277": 15,
    "594": 15,
    "466": 15,
    "454": 15,
    "28": 15,
    "510": 15,
    "471": 15,
    "547": 15,
    "340": 15,
    "163": 15,
    "544": 15,
    "34": 15,
    "30": 15,
    "349": 15,
    "268": 15,
    "505": 15,
    "528": 15,
    "363": 15,
    "157": 15,
    "574": 15,
    "482": 16,
    "590": 16,
    "47": 16,
    "445": 16,
    "519": 16,
    "272": 16,
    "242": 16,
    "276": 16,
    "537": 16,
    "154": 16,
    "456": 16,
    "45": 16,
    "70": 16,
    "397": 16,
    "37": 16,
    "149": 16,
    "567": 16,
    "269": 16,
    "133": 16,
    "322": 16,
    "520": 16,
    "401": 16,
    "498": 16,
    "463": 16,
    "173": 16,
    "596": 17,
    "224": 17,
    "223": 17,
    "499": 17,
    "10": 17,
    "523": 17,
    "359": 17,
    "382": 17,
    "403": 17,
    "450": 17,
    "43": 17,
    "535": 17,
    "243": 17,
    "120": 17,
    "69": 17,
    "170": 17,
    "500": 17,
    "137": 17,
    "200": 17,
    "449": 17,
    "249": 17,
    "106": 17,
    "469": 17,
    "187": 17,
    "2": 17,
    "231": 18,
    "387": 18,
    "588": 18,
    "160": 18,
    "11": 18,
    "8": 18,
    "174": 18,
    "577": 18,
    "431": 18,
    "13": 18,
    "275": 18,
    "177": 18,
    "205": 18,
    "543": 18,
    "237": 18,
    "389": 18,
    "178": 18,
    "228": 18,
    "52": 18,
    "161": 18,
    "565": 18,
    "542": 18,
    "388": 18,
    "418": 18,
    "309": 18,
    "554": 19,
    "545": 19,
    "591": 19,
    "570": 19,
    "84": 19,
    "455": 19,
    "485": 19,
    "558": 19,
    "540": 19,
    "261": 19,
    "313": 19,
    "344": 19,
    "150": 19,
    "435": 19,
    "98": 19,
    "264": 19,
    "283": 19,
    "372": 19,
    "578": 19,
    "583": 19,
    "557": 19,
    "446": 19,
    "368": 19,
    "457": 19,
    "92": 19,
    "476": 20,
    "419": 20,
    "421": 20,
    "26": 20,
    "522": 20,
    "252": 20,
    "108": 20,
    "410": 20,
    "180": 20,
    "352": 20,
    "428": 20,
    "89": 20,
    "308": 20,
    "423": 20,
    "116": 20,
    "107": 20,
    "135": 20,
    "601": 20,
    "481": 20,
    "239": 20,
    "603": 20,
    "336": 20,
    "606": 20,
    "57": 20,
    "49": 20,
    "110": 21,
    "563": 21,
    "305": 21,
    "279": 21,
    "562": 21,
    "552": 21,
    "39": 21,
    "483": 21,
    "190": 21,
    "183": 21,
    "31": 21,
    "255": 21,
    "209": 21,
    "376": 21,
    "404": 21,
    "491": 21,
    "436": 21,
    "99": 21,
    "167": 21,
    "103": 21,
    "259": 21,
    "118": 21,
    "478": 21,
    "112": 21,
    "325": 21,
    "533": 22,
    "566": 22,
    "233": 22,
    "508": 22,
    "521": 22,
    "585": 22,
    "331": 22,
    "42": 22,
    "79": 22,
    "19": 22,
    "366": 22,
    "464": 22,
    "215": 22,
    "381": 22,
    "58": 22,
    "32": 22,
    "526": 22,
    "94": 22,
    "595": 22,
    "303": 22,
    "586": 22,
    "311": 22,
    "571": 22,
    "199": 22,
    "513": 22,
    "139": 23,
    "367": 23,
    "293": 23,
    "134": 23,
    "185": 23,
    "324": 23,
    "409": 23,
    "451": 23,
    "168": 23,
    "83": 23,
    "3": 23,
    "159": 23,
    "452": 23,
    "593": 23,
    "186": 23,
    "5": 23,
    "561": 23,
    "216": 23,
    "73": 23,
    "0": 23,
    "41": 23,
    "355": 23,
    "56": 23,
    "65": 23,
    "201": 23
}