{
    "413": 0,
    "67": 0,
    "479": 0,
    "297": 0,
    "607": 0,
    "88": 1,
    "441": 1,
    "244": 1,
    "292": 1,
    "507": 1,
    "473": 2,
    "589": 2,
    "131": 2,
    "198": 2,
    "569": 2,
    "609": 3,
    "433": 3,
    "278": 3,
    "330": 3,
    "138": 3,
    "598": 4,
    "329": 4,
    "560": 4,
    "427": 4,
    "424": 4,
    "605": 5,
    "300": 5,
    "222": 5,
    "369": 5,
    "444": 5,
    "379": 6,
    "218": 6,
    "327": 6,
    "474": 6,
    "20": 6,
    "602": 7,
    "267": 7,
    "493": 7,
    "117": 7,
    "534": 7,
    "447": 8,
    "291": 8,
    "140": 8,
    "77": 8,
    "551": 8,
    "104": 9,
    "465": 9,
    "232": 9,
    "122": 9,
    "75": 9,
    "248": 10,
    "550": 10,
    "246": 10,
    "72": 10,
    "211": 10,
    "181": 11,
    "286": 11,
    "194": 11,
    "448": 11,
    "285": 11,
    "273": 12,
    "353": 12,
    "219": 12,
    "81": 12,
    "165": 12,
    "317": 13,
    "204": 13,
    "80": 13,
    "105": 13,
    "208": 13,
    "386": 14,
    "22": 14,
    "15": 14,
    "130": 14,
    "453": 14,
    "231": 15,
    "229": 15,
    "6": 15,
    "541": 15,
    "76": 15,
    "176": 16,
    "516": 16,
    "158": 16,
    "189": 16,
    "425": 16,
    "287": 17,
    "398": 17,
    "307": 17,
    "302": 17,
    "74": 17,
    "304": 18,
    "221": 18,
    "316": 18,
    "16": 18,
    "527": 18,
    "554": 19,
    "148": 19,
    "282": 19,
    "200": 19,
    "250": 19,
    "482": 20,
    "486": 20,
    "470": 20,
    "600": 20,
    "580": 20,
    "596": 21,
    "265": 21,
    "576": 21,
    "224": 21,
    "182": 21,
    "476": 22,
    "556": 22,
    "438": 22,
    "47": 22,
    "234": 22,
    "110": 23,
    "364": 23,
    "582": 23,
    "563": 23,
    "518": 23,
    "306": 24,
    "592": 24,
    "342": 24,
    "60": 24,
    "584": 24,
    "533": 25,
    "400": 25,
    "549": 25,
    "29": 25,
    "66": 25,
    "437": 26,
    "85": 26,
    "33": 26,
    "456": 26,
    "590": 26,
    "274": 27,
    "284": 27,
    "223": 27,
    "546": 27,
    "395": 27,
    "599": 28,
    "315": 28,
    "192": 28,
    "230": 28,
    "512": 28,
    "139": 29,
    "511": 29,
    "132": 29,
    "403": 29,
    "53": 29,
    "63": 30,
    "143": 30,
    "337": 30,
    "334": 30,
    "144": 30,
    "124": 31,
    "365": 31,
    "188": 31,
    "299": 31,
    "271": 31,
    "90": 32,
    "101": 32,
    "523": 32,
    "385": 32,
    "93": 32,
    "338": 33,
    "377": 33,
    "64": 33,
    "21": 33,
    "460": 33,
    "17": 34,
    "399": 34,
    "406": 34,
    "548": 34,
    "581": 34,
    "155": 35,
    "411": 35,
    "314": 35,
    "362": 35,
    "321": 35,
    "488": 36,
    "506": 36,
    "169": 36,
    "346": 36,
    "378": 36,
    "461": 37,
    "256": 37,
    "328": 37,
    "25": 37,
    "288": 37,
    "468": 38,
    "38": 38,
    "430": 38,
    "207": 38,
    "179": 38,
    "61": 39,
    "113": 39,
    "290": 39,
    "247": 39,
    "147": 39,
    "225": 40,
    "166": 40,
    "477": 40,
    "280": 40,
    "254": 40,
    "220": 41,
    "420": 41,
    "310": 41,
    "277": 41,
    "193": 41,
    "44": 42,
    "163": 42,
    "125": 42,
    "499": 42,
    "275": 42,
    "50": 43,
    "162": 43,
    "146": 43,
    "575": 43,
    "36": 43,
    "524": 44,
    "260": 44,
    "432": 44,
    "318": 44,
    "393": 44,
    "41": 45,
    "497": 45,
    "191": 45,
    "339": 45,
    "71": 45,
    "356": 46,
    "172": 46,
    "111": 46,
    "467": 46,
    "4": 46,
    "559": 47,
    "539": 47,
    "416": 47,
    "496": 47,
    "87": 47,
    "380": 48,
    "128": 48,
    "263": 48,
    "184": 48,
    "422": 48,
    "201": 49,
    "531": 49,
    "95": 49,
    "196": 49,
    "296": 49,
    "390": 50,
    "214": 50,
    "156": 50,
    "564": 50,
    "530": 50,
    "508": 51,
    "555": 51,
    "458": 51,
    "538": 51,
    "495": 51,
    "121": 52,
    "257": 52,
    "54": 52,
    "119": 52,
    "241": 52,
    "56": 53,
    "313": 53,
    "454": 53,
    "529": 53,
    "141": 53,
    "102": 54,
    "294": 54,
    "434": 54,
    "59": 54,
    "471": 54,
    "18": 55,
    "126": 55,
    "528": 55,
    "206": 55,
    "568": 55,
    "579": 56,
    "442": 56,
    "68": 56,
    "373": 56,
    "361": 56,
    "168": 57,
    "213": 57,
    "129": 57,
    "391": 57,
    "258": 57,
    "27": 58,
    "298": 58,
    "270": 58,
    "171": 58,
    "573": 58,
    "216": 59,
    "70": 59,
    "30": 59,
    "354": 59,
    "480": 59,
    "65": 60,
    "363": 60,
    "402": 60,
    "515": 60,
    "145": 60,
    "595": 61,
    "48": 61,
    "195": 61,
    "251": 61,
    "332": 61,
    "572": 62,
    "440": 62,
    "210": 62,
    "360": 62,
    "202": 62,
    "289": 63,
    "588": 63,
    "35": 63,
    "227": 63,
    "127": 63,
    "452": 64,
    "175": 64,
    "12": 64,
    "348": 64,
    "587": 64,
    "513": 65,
    "217": 65,
    "323": 65,
    "405": 65,
    "91": 65,
    "199": 66,
    "96": 66,
    "597": 66,
    "544": 66,
    "472": 66,
    "312": 67,
    "492": 67,
    "276": 67,
    "2": 67,
    "7": 67,
    "355": 68,
    "567": 68,
    "439": 68,
    "574": 68,
    "86": 68,
    "5": 69,
    "180": 69,
    "410": 69,
    "116": 69,
    "445": 69,
    "238": 70,
    "236": 70,
    "462": 70,
    "106": 70,
    "463": 70,
    "83": 71,
    "161": 71,
    "37": 71,
    "228": 71,
    "120": 71,
    "351": 72,
    "510": 72,
    "24": 72,
    "514": 72,
    "1": 72,
    "593": 73,
    "320": 73,
    "401": 73,
    "133": 73,
    "394": 73,
    "0": 74,
    "594": 74,
    "43": 74,
    "484": 74,
    "301": 74,
    "494": 75,
    "536": 75,
    "466": 75,
    "359": 75,
    "319": 75,
    "159": 76,
    "374": 76,
    "349": 76,
    "266": 76,
    "137": 76,
    "118": 77,
    "387": 77,
    "608": 77,
    "157": 77,
    "340": 77,
    "561": 78,
    "532": 78,
    "295": 78,
    "235": 78,
    "517": 78,
    "585": 79,
    "153": 79,
    "343": 79,
    "547": 79,
    "268": 79,
    "134": 80,
    "383": 80,
    "154": 80,
    "501": 80,
    "55": 80,
    "483": 81,
    "11": 81,
    "357": 81,
    "149": 81,
    "34": 81,
    "367": 82,
    "443": 82,
    "10": 82,
    "45": 82,
    "243": 82,
    "245": 83,
    "415": 83,
    "109": 83,
    "396": 83,
    "500": 83,
    "451": 84,
    "242": 84,
    "100": 84,
    "174": 84,
    "498": 84,
    "381": 85,
    "123": 85,
    "577": 85,
    "151": 85,
    "205": 85,
    "281": 86,
    "414": 86,
    "429": 86,
    "358": 86,
    "269": 86,
    "185": 87,
    "450": 87,
    "388": 87,
    "543": 87,
    "341": 87,
    "186": 88,
    "504": 88,
    "370": 88,
    "535": 88,
    "382": 88,
    "103": 89,
    "160": 89,
    "537": 89,
    "505": 89,
    "272": 89,
    "62": 90,
    "326": 90,
    "164": 90,
    "177": 90,
    "469": 90,
    "73": 91,
    "8": 91,
    "237": 91,
    "52": 91,
    "252": 91,
    "293": 92,
    "261": 92,
    "249": 92,
    "520": 92,
    "13": 92,
    "431": 93,
    "335": 93,
    "489": 93,
    "426": 93,
    "14": 93,
    "19": 94,
    "475": 94,
    "578": 94,
    "187": 94,
    "84": 94,
    "324": 95,
    "570": 95,
    "485": 95,
    "455": 95,
    "565": 95,
    "311": 96,
    "449": 96,
    "309": 96,
    "421": 96,
    "509": 96,
    "279": 97,
    "397": 97,
    "142": 97,
    "490": 97,
    "152": 97,
    "331": 98,
    "372": 98,
    "203": 98,
    "347": 98,
    "82": 98,
    "3": 99,
    "545": 99,
    "173": 99,
    "89": 99,
    "525": 99,
    "519": 100,
    "333": 100,
    "115": 100,
    "150": 100,
    "322": 100,
    "526": 101,
    "178": 101,
    "78": 101,
    "540": 101,
    "557": 101,
    "303": 102,
    "457": 102,
    "558": 102,
    "92": 102,
    "435": 102,
    "79": 103,
    "412": 103,
    "459": 103,
    "212": 103,
    "344": 103,
    "521": 104,
    "23": 104,
    "417": 104,
    "502": 104,
    "28": 104,
    "409": 105,
    "428": 105,
    "69": 105,
    "98": 105,
    "503": 105,
    "94": 106,
    "389": 106,
    "107": 106,
    "240": 106,
    "552": 106,
    "51": 107,
    "226": 107,
    "305": 107,
    "446": 107,
    "522": 107,
    "366": 108,
    "487": 108,
    "553": 108,
    "591": 108,
    "352": 108,
    "325": 109,
    "46": 109,
    "253": 109,
    "542": 109,
    "97": 109,
    "255": 110,
    "283": 110,
    "108": 110,
    "603": 110,
    "135": 110,
    "197": 111,
    "336": 111,
    "31": 111,
    "190": 111,
    "601": 111,
    "571": 112,
    "136": 112,
    "436": 112,
    "170": 112,
    "308": 112,
    "566": 113,
    "183": 113,
    "209": 113,
    "9": 113,
    "39": 113,
    "262": 114,
    "57": 114,
    "583": 114,
    "368": 114,
    "99": 114,
    "371": 115,
    "384": 115,
    "375": 115,
    "26": 115,
    "114": 115,
    "49": 116,
    "167": 116,
    "423": 116,
    "419": 116,
    "350": 116,
    "233": 117,
    "239": 117,
    "491": 117,
    "481": 117,
    "264": 117,
    "42": 118,
    "376": 118,
    "464": 118,
    "404": 118,
    "408": 118,
    "40": 119,
    "345": 119,
    "259": 119,
    "392": 119,
    "418": 119,
    "606": 120,
    "58": 120,
    "586": 120,
    "112": 120,
    "32": 120,
    "562": 121,
    "604": 121,
    "478": 121,
    "215": 121,
    "407": 121
}