{
    "413": 0,
    "67": 0,
    "479": 0,
    "297": 0,
    "607": 0,
    "589": 0,
    "306": 0,
    "287": 0,
    "88": 1,
    "441": 1,
    "244": 1,
    "292": 1,
    "507": 1,
    "213": 1,
    "332": 1,
    "310": 1,
    "473": 2,
    "131": 2,
    "198": 2,
    "569": 2,
    "592": 2,
    "220": 2,
    "356": 2,
    "468": 2,
    "609": 3,
    "433": 3,
    "278": 3,
    "330": 3,
    "138": 3,
    "140": 3,
    "165": 3,
    "246": 3,
    "598": 4,
    "329": 4,
    "560": 4,
    "427": 4,
    "424": 4,
    "16": 4,
    "353": 4,
    "134": 4,
    "605": 5,
    "300": 5,
    "222": 5,
    "369": 5,
    "444": 5,
    "109": 5,
    "358": 5,
    "192": 5,
    "379": 6,
    "218": 6,
    "327": 6,
    "474": 6,
    "20": 6,
    "114": 6,
    "62": 6,
    "166": 6,
    "602": 7,
    "267": 7,
    "493": 7,
    "117": 7,
    "534": 7,
    "78": 7,
    "206": 7,
    "546": 7,
    "447": 8,
    "291": 8,
    "77": 8,
    "551": 8,
    "101": 8,
    "398": 8,
    "229": 8,
    "75": 8,
    "104": 9,
    "465": 9,
    "232": 9,
    "122": 9,
    "416": 9,
    "151": 9,
    "240": 9,
    "489": 9,
    "248": 10,
    "550": 10,
    "72": 10,
    "211": 10,
    "351": 10,
    "364": 10,
    "572": 10,
    "392": 10,
    "181": 11,
    "286": 11,
    "194": 11,
    "448": 11,
    "285": 11,
    "296": 11,
    "130": 11,
    "60": 11,
    "273": 12,
    "219": 12,
    "81": 12,
    "360": 12,
    "6": 12,
    "333": 12,
    "584": 12,
    "143": 12,
    "317": 13,
    "204": 13,
    "80": 13,
    "105": 13,
    "208": 13,
    "188": 13,
    "581": 13,
    "406": 13,
    "386": 14,
    "22": 14,
    "15": 14,
    "453": 14,
    "148": 14,
    "217": 14,
    "284": 14,
    "496": 14,
    "231": 15,
    "541": 15,
    "76": 15,
    "365": 15,
    "539": 15,
    "556": 15,
    "548": 15,
    "64": 15,
    "176": 16,
    "516": 16,
    "158": 16,
    "189": 16,
    "425": 16,
    "400": 16,
    "152": 16,
    "147": 16,
    "304": 17,
    "221": 17,
    "316": 17,
    "527": 17,
    "377": 17,
    "210": 17,
    "253": 17,
    "600": 17,
    "482": 18,
    "486": 18,
    "307": 18,
    "470": 18,
    "580": 18,
    "33": 18,
    "14": 18,
    "438": 18,
    "596": 19,
    "265": 19,
    "576": 19,
    "224": 19,
    "182": 19,
    "223": 19,
    "235": 19,
    "282": 19,
    "476": 20,
    "47": 20,
    "302": 20,
    "234": 20,
    "422": 20,
    "93": 20,
    "53": 20,
    "258": 20,
    "110": 21,
    "582": 21,
    "563": 21,
    "518": 21,
    "280": 21,
    "113": 21,
    "305": 21,
    "162": 21,
    "533": 22,
    "549": 22,
    "29": 22,
    "66": 22,
    "271": 22,
    "153": 22,
    "230": 22,
    "290": 22,
    "274": 23,
    "395": 23,
    "126": 23,
    "512": 23,
    "250": 23,
    "277": 23,
    "509": 23,
    "337": 23,
    "437": 24,
    "85": 24,
    "456": 24,
    "590": 24,
    "129": 24,
    "393": 24,
    "154": 24,
    "339": 24,
    "554": 25,
    "200": 25,
    "362": 25,
    "172": 25,
    "163": 25,
    "254": 25,
    "266": 25,
    "391": 25,
    "599": 26,
    "315": 26,
    "415": 26,
    "179": 26,
    "460": 26,
    "86": 26,
    "346": 26,
    "111": 26,
    "139": 27,
    "511": 27,
    "132": 27,
    "403": 27,
    "378": 27,
    "506": 27,
    "125": 27,
    "120": 27,
    "63": 28,
    "334": 28,
    "144": 28,
    "256": 28,
    "477": 28,
    "36": 28,
    "115": 28,
    "241": 28,
    "124": 29,
    "299": 29,
    "318": 29,
    "432": 29,
    "430": 29,
    "48": 29,
    "257": 29,
    "399": 29,
    "90": 30,
    "523": 30,
    "385": 30,
    "467": 30,
    "38": 30,
    "74": 30,
    "373": 30,
    "587": 30,
    "338": 31,
    "21": 31,
    "25": 31,
    "24": 31,
    "462": 31,
    "514": 31,
    "466": 31,
    "82": 31,
    "17": 32,
    "54": 32,
    "236": 32,
    "195": 32,
    "442": 32,
    "247": 32,
    "510": 32,
    "87": 32,
    "155": 33,
    "411": 33,
    "314": 33,
    "321": 33,
    "328": 33,
    "196": 33,
    "7": 33,
    "564": 33,
    "488": 34,
    "169": 34,
    "454": 34,
    "348": 34,
    "320": 34,
    "394": 34,
    "530": 34,
    "445": 34,
    "461": 35,
    "288": 35,
    "193": 35,
    "495": 35,
    "207": 35,
    "573": 35,
    "156": 35,
    "396": 35,
    "225": 36,
    "263": 36,
    "440": 36,
    "119": 36,
    "269": 36,
    "528": 36,
    "171": 36,
    "472": 36,
    "61": 37,
    "458": 37,
    "343": 37,
    "1": 37,
    "555": 37,
    "536": 37,
    "319": 37,
    "145": 37,
    "44": 38,
    "499": 38,
    "275": 38,
    "71": 38,
    "497": 38,
    "568": 38,
    "141": 38,
    "374": 38,
    "50": 39,
    "146": 39,
    "575": 39,
    "439": 39,
    "276": 39,
    "157": 39,
    "349": 39,
    "323": 39,
    "524": 40,
    "260": 40,
    "537": 40,
    "505": 40,
    "597": 40,
    "91": 40,
    "538": 40,
    "515": 40,
    "41": 41,
    "191": 41,
    "133": 41,
    "175": 41,
    "484": 41,
    "608": 41,
    "13": 41,
    "591": 41,
    "380": 42,
    "128": 42,
    "184": 42,
    "459": 42,
    "164": 42,
    "363": 42,
    "529": 42,
    "106": 42,
    "201": 43,
    "531": 43,
    "95": 43,
    "35": 43,
    "594": 43,
    "227": 43,
    "30": 43,
    "443": 43,
    "121": 44,
    "294": 44,
    "532": 44,
    "59": 44,
    "68": 44,
    "268": 44,
    "517": 44,
    "429": 44,
    "56": 45,
    "313": 45,
    "354": 45,
    "4": 45,
    "384": 45,
    "480": 45,
    "127": 45,
    "469": 45,
    "390": 46,
    "214": 46,
    "420": 46,
    "100": 46,
    "347": 46,
    "301": 46,
    "197": 46,
    "123": 46,
    "559": 47,
    "434": 47,
    "203": 47,
    "12": 47,
    "295": 47,
    "298": 47,
    "544": 47,
    "96": 47,
    "102": 48,
    "471": 48,
    "342": 48,
    "382": 48,
    "357": 48,
    "547": 48,
    "326": 48,
    "402": 48,
    "18": 49,
    "43": 49,
    "405": 49,
    "70": 49,
    "341": 49,
    "242": 49,
    "574": 49,
    "149": 49,
    "579": 50,
    "361": 50,
    "492": 50,
    "270": 50,
    "55": 50,
    "383": 50,
    "335": 50,
    "540": 50,
    "168": 51,
    "34": 51,
    "387": 51,
    "500": 51,
    "543": 51,
    "174": 51,
    "567": 51,
    "11": 51,
    "27": 52,
    "202": 52,
    "359": 52,
    "498": 52,
    "161": 52,
    "2": 52,
    "137": 52,
    "450": 52,
    "508": 53,
    "251": 53,
    "205": 53,
    "397": 53,
    "160": 53,
    "249": 53,
    "340": 53,
    "577": 53,
    "595": 54,
    "370": 54,
    "535": 54,
    "8": 54,
    "388": 54,
    "501": 54,
    "45": 54,
    "23": 54,
    "65": 55,
    "272": 55,
    "520": 55,
    "10": 55,
    "504": 55,
    "426": 55,
    "557": 55,
    "261": 55,
    "216": 56,
    "173": 56,
    "485": 56,
    "435": 56,
    "455": 56,
    "26": 56,
    "243": 56,
    "178": 56,
    "494": 57,
    "588": 57,
    "237": 57,
    "84": 57,
    "412": 57,
    "52": 57,
    "142": 57,
    "490": 57,
    "355": 58,
    "417": 58,
    "368": 58,
    "449": 58,
    "503": 58,
    "309": 58,
    "525": 58,
    "565": 58,
    "289": 59,
    "187": 59,
    "308": 59,
    "136": 59,
    "37": 59,
    "69": 59,
    "322": 59,
    "414": 59,
    "452": 60,
    "401": 60,
    "228": 60,
    "283": 60,
    "177": 60,
    "372": 60,
    "457": 60,
    "558": 60,
    "513": 61,
    "570": 61,
    "97": 61,
    "502": 61,
    "475": 61,
    "545": 61,
    "553": 61,
    "150": 61,
    "199": 62,
    "107": 62,
    "578": 62,
    "180": 62,
    "446": 62,
    "463": 62,
    "212": 62,
    "98": 62,
    "312": 63,
    "421": 63,
    "352": 63,
    "252": 63,
    "375": 63,
    "344": 63,
    "108": 63,
    "428": 63,
    "238": 64,
    "552": 64,
    "389": 64,
    "418": 64,
    "410": 64,
    "481": 64,
    "583": 64,
    "46": 64,
    "83": 65,
    "436": 65,
    "31": 65,
    "601": 65,
    "116": 65,
    "57": 65,
    "190": 65,
    "89": 65,
    "0": 66,
    "92": 66,
    "135": 66,
    "28": 66,
    "606": 66,
    "170": 66,
    "336": 66,
    "58": 66,
    "245": 67,
    "522": 67,
    "350": 67,
    "542": 67,
    "603": 67,
    "226": 67,
    "9": 67,
    "487": 67,
    "159": 68,
    "464": 68,
    "39": 68,
    "371": 68,
    "423": 68,
    "264": 68,
    "239": 68,
    "419": 68,
    "118": 69,
    "325": 69,
    "407": 69,
    "183": 69,
    "51": 69,
    "209": 69,
    "40": 69,
    "255": 69,
    "593": 70,
    "42": 70,
    "99": 70,
    "491": 70,
    "562": 70,
    "408": 70,
    "32": 70,
    "303": 70,
    "186": 71,
    "404": 71,
    "259": 71,
    "167": 71,
    "345": 71,
    "376": 71,
    "49": 71,
    "112": 71,
    "5": 72,
    "586": 72,
    "478": 72,
    "604": 72,
    "233": 72,
    "215": 72,
    "262": 72,
    "571": 72,
    "561": 73,
    "526": 73,
    "366": 73,
    "331": 73,
    "79": 73,
    "521": 73,
    "566": 73,
    "431": 73,
    "483": 74,
    "279": 74,
    "19": 74,
    "94": 74,
    "409": 74,
    "103": 74,
    "519": 74,
    "293": 74,
    "367": 75,
    "451": 75,
    "311": 75,
    "324": 75,
    "185": 75,
    "3": 75,
    "281": 75,
    "73": 75
}